{
  "client_id": 0,
  "round_id": 0,
  "encrypted_update": [
    0.00014017710027583715,
    -9.297458930578831e-05,
    4.637991593716705,
    -0.0001609726938177401,
    0.23708140791572146,
    0.0002797113838351905,
    0.00024133994873287484,
    -0.00023742159494297805,
    0.4831380894135724,
    -0.22789809564570393,
    -0.4553340095533004,
    0.37259010213909804,
    -0.18181673746696728,
    0.23755638969413848,
    -0.1833070736191704,
    -0.00027993656964282304,
    -0.037957402644918564,
    -0.2999441355780537,
    -0.11808884348774601,
    0.0002442029314934388,
    0.10151835169260258,
    1.3158846604497512
  ],
  "sample_count": 233,
  "is_encrypted": true,
  "timestamp": 1757127174.1498907
}