{
  "client_id": 1,
  "round_id": 1,
  "encrypted_update": [
    -0.0010697642398884047,
    0.0010513320743892854,
    4.315736484225168,
    0.0010656074823970226,
    -0.3565655500472126,
    -0.0005723831078954326,
    -0.0009310155365032216,
    -3.625512485089874e-05,
    -0.06968718335567209,
    -0.12359660578279619,
    -0.8843882812003538,
    0.6767896199896009,
    -0.46775939054348536,
    0.11290539069676393,
    -0.32381423339328586,
    0.0005356800982348413,
    0.27377672976270073,
    -0.1615138957511345,
    0.08394871513409967,
    -1.460687792639305e-05,
    -0.0982657699921376,
    -2.967805565734156
  ],
  "sample_count": 213,
  "is_encrypted": true,
  "timestamp": 1757127174.1962435
}