{
  "client_id": 2,
  "round_id": 0,
  "encrypted_update": [
    0.00047600821288269627,
    -0.0006274292328570222,
    4.6127623882418485,
    -0.0003981013943348706,
    0.011711346738146331,
    -0.00047489607919686894,
    -1.1074248855480235e-05,
    0.000879239588475174,
    0.04486495171116184,
    -0.02966361479973521,
    -0.2554671567499183,
    -0.044684549363674275,
    -0.16371048349836828,
    -0.31165839053104044,
    -0.16419387639102703,
    0.0005091710167640747,
    -0.3403770457446655,
    -0.505949654168931,
    0.012593490645575243,
    -0.0008570233445262395,
    -0.3616607550460314,
    1.5763154356016216
  ],
  "sample_count": 222,
  "is_encrypted": true,
  "timestamp": 1757127174.1509035
}