{
    "client_id": "client_5",
    "round_id": 3,
    "weight_delta": [
        0.010868227289889065,
        0.006964864354918193,
        0.10881562256434571,
        -0.158932621564985
    ],
    "bias_delta": -0.5039900893651286,
    "num_samples": 200
}