{
    "client_id": "client_3",
    "round_id": 2,
    "weight_delta": [
        0.04696484455916239,
        0.007060813644840687,
        0.06571394374227554,
        0.2586098457484731
    ],
    "bias_delta": -6.3140832874966755,
    "num_samples": 200
}