{
    "client_id": "client_3",
    "round_id": 3,
    "weight_delta": [
        -0.009867313586276266,
        -0.0017878194403447081,
        0.1858071946802878,
        0.16110653761134586
    ],
    "bias_delta": -1.2171272667395172,
    "num_samples": 200
}