{
    "client_id": "client_8",
    "round_id": 4,
    "weight_delta": [
        0.0068229533112072055,
        0.004200371287468002,
        -0.6522367617697883,
        -0.2521997565256936
    ],
    "bias_delta": 3.5294295206527053,
    "num_samples": 200
}