{
    "client_id": "client_1",
    "round_id": 1,
    "weight_delta": [
        -0.0035728291255893857,
        -0.008239966667975177,
        -0.19061528485425688,
        0.11455022962762063
    ],
    "bias_delta": 0.5607283691294676,
    "num_samples": 200
}