{
    "client_id": "client_3",
    "round_id": 1,
    "weight_delta": [
        -0.035191132703966774,
        0.014349933153857478,
        -0.04187233976913632,
        0.17963845124576006
    ],
    "bias_delta": 0.00881141913844985,
    "num_samples": 200
}