{
    "client_id": "client_2",
    "round_id": 1,
    "weight_delta": [
        -0.007175206554406455,
        -0.009980598286176638,
        0.3377030983973992,
        -0.12705533339312358
    ],
    "bias_delta": 0.9952325984275987,
    "num_samples": 200
}