{
    "client_id": "client_0",
    "round_id": 0,
    "weight_delta": [
        -8.98385564193939,
        -0.906762917531082,
        114.24199882464183,
        45.393154973300206
    ],
    "bias_delta": -7.563868071347688,
    "num_samples": 200
}