{
    "client_id": "client_0",
    "round_id": 0,
    "weight_delta": [
        4251.100061177622,
        4144.77013366653,
        4387.6281569533485,
        4761.554324890424
    ],
    "bias_delta": -18313.47430932619,
    "num_samples": 200
}