{
    "client_id": "client_1",
    "round_id": 0,
    "weight_delta": [
        -27.39144327161688,
        -12.642533068464685,
        273.97889157256196,
        -222.77845415999653
    ],
    "bias_delta": 4128.912492500812,
    "num_samples": 200
}