{
    "client_id": "client_6",
    "round_id": 1,
    "weight_delta": [
        -0.013984268123907087,
        -0.004760590907546082,
        -0.29106220204248784,
        0.03527864012417181
    ],
    "bias_delta": 2.404936459768983,
    "num_samples": 200
}