{
    "client_id": "client_6",
    "round_id": 1,
    "weight_delta": [
        0.004982549974790529,
        0.007674919599078622,
        -0.32118963468334866,
        0.04706341919432522
    ],
    "bias_delta": -0.23104918532824215,
    "num_samples": 200
}