{
    "client_id": "client_0",
    "round_id": 2,
    "weight_delta": [
        0.04380685410421885,
        0.00034108190758450063,
        -0.13538748678787568,
        0.024804471499824343
    ],
    "bias_delta": -2.652319746927258,
    "num_samples": 200
}