{
    "client_id": "client_3",
    "round_id": 1,
    "weight_delta": [
        -0.035191799348737715,
        0.01435000423410808,
        -0.041866603587642576,
        0.17964002622619302
    ],
    "bias_delta": 0.008814086484200345,
    "num_samples": 200
}