{
    "client_id": "client_1",
    "round_id": 2,
    "weight_delta": [
        0.00948707308065852,
        -0.004767101969764341,
        0.06840489010073394,
        0.10631058345633537
    ],
    "bias_delta": -1.1194290275861256,
    "num_samples": 200
}