{
    "client_id": "client_1",
    "round_id": 0,
    "weight_delta": [
        0.5986677979985415,
        0.8288919997833736,
        -11.87436236216162,
        11.906564478209955
    ],
    "bias_delta": -158.78751678235952,
    "num_samples": 200
}