{
    "client_id": "client_3",
    "round_id": 2,
    "weight_delta": [
        0.0447821938549017,
        0.019142000236701755,
        -0.2225991987237021,
        0.49369488350504387
    ],
    "bias_delta": -8.053746493809683,
    "num_samples": 200
}