{
    "client_id": "client_4",
    "round_id": 3,
    "weight_delta": [
        -0.043804745521293126,
        -0.0149808225173199,
        0.04020871008977932,
        -0.17225721068810929
    ],
    "bias_delta": 5.789756260623342,
    "num_samples": 200
}