{
    "client_id": "client_7",
    "round_id": 2,
    "weight_delta": [
        -0.023892107670904134,
        0.005278324539479552,
        0.03478104657211763,
        -0.002756832851626867
    ],
    "bias_delta": 1.429691973910277,
    "num_samples": 200
}