{
    "client_id": "client_0",
    "round_id": 3,
    "weight_delta": [
        -0.0035111473955052597,
        -0.002239012698835176,
        -0.20207945870587968,
        -0.02343640924732915
    ],
    "bias_delta": 1.6126933385080875,
    "num_samples": 200
}