{
    "client_id": "client_1",
    "round_id": 3,
    "weight_delta": [
        -0.0035731843824401144,
        -0.008239365866822806,
        -0.19061810337748764,
        0.11455821037528269
    ],
    "bias_delta": 0.5606512723298955,
    "num_samples": 200
}