{
    "client_id": "client_4",
    "round_id": 1,
    "weight_delta": [
        0.0029431529577453597,
        0.0038869918537550938,
        0.032361927133912366,
        -0.1844026351006225
    ],
    "bias_delta": 0.9279094591620094,
    "num_samples": 200
}