{
    "client_id": "client_0",
    "round_id": 1,
    "weight_delta": [
        0.002428377176896536,
        0.00439645884869652,
        8.463575273464638e-05,
        0.0002590958185113603
    ],
    "bias_delta": 2.4173062622699724e-05,
    "num_samples": 200
}