{
    "client_id": "client_2",
    "round_id": 4,
    "weight_delta": [
        -0.007382227024701329,
        -0.010070363933818154,
        0.3371075907230887,
        -0.12891349193748347
    ],
    "bias_delta": 1.0355276818120842,
    "num_samples": 200
}