{
    "client_id": "client_4",
    "round_id": 3,
    "weight_delta": [
        -0.0006717238928186237,
        0.0061338997730554234,
        0.13047350387339524,
        0.21543853801034496
    ],
    "bias_delta": -2.91066790246715,
    "num_samples": 200
}