{
    "client_id": "client_9",
    "round_id": 3,
    "weight_delta": [
        -0.007837119650789981,
        0.0005294543520191625,
        -0.17272932398891946,
        0.14700463269351838
    ],
    "bias_delta": 0.23626366073388994,
    "num_samples": 200
}