{
    "client_id": "client_1",
    "round_id": 0,
    "weight_delta": [
        4251.121630715087,
        4144.758154087936,
        4387.365996429111,
        4761.926829628304
    ],
    "bias_delta": -18315.142203821524,
    "num_samples": 200
}