{
    "client_id": "client_2",
    "round_id": 1,
    "weight_delta": [
        0.021945208853206125,
        0.011251577531538264,
        -0.22264489225890544,
        0.012015547501914359
    ],
    "bias_delta": -1.7777102591303517,
    "num_samples": 200
}