{
    "client_id": "client_1",
    "round_id": 1,
    "weight_delta": [
        -0.01110809906921903,
        -0.012968364694057793,
        -0.14261263658465254,
        0.048322299225904586
    ],
    "bias_delta": 2.382100887825551,
    "num_samples": 200
}