{
    "client_id": "client_9",
    "round_id": 0,
    "weight_delta": [
        1.3225952026762398,
        -1.9756065968275869,
        -47.49796237695946,
        -49.420251630090455
    ],
    "bias_delta": 637.590006558518,
    "num_samples": 200
}