{
    "client_id": "client_7",
    "round_id": 0,
    "weight_delta": [
        -27.38332962152861,
        -12.622608395372827,
        274.34161917865373,
        -222.79643472551444
    ],
    "bias_delta": 4124.615377456907,
    "num_samples": 200
}