{
    "client_id": "client_4",
    "round_id": 2,
    "weight_delta": [
        -0.008986066097433562,
        -0.02201714663578507,
        -0.014280288275463546,
        -0.24981833954492172
    ],
    "bias_delta": 4.901269955707637,
    "num_samples": 200
}