{
    "client_id": "client_2",
    "round_id": 0,
    "weight_delta": [
        0.5845739325930009,
        0.8177789745560894,
        -11.649725265776658,
        12.220134352748245
    ],
    "bias_delta": -159.5887390286358,
    "num_samples": 200
}