{
    "client_id": "client_4",
    "round_id": 2,
    "weight_delta": [
        0.0005252015941978815,
        0.0018597170779594148,
        -1.339383534866963e-05,
        9.04251678224312e-05
    ],
    "bias_delta": 8.506402004157586e-07,
    "num_samples": 200
}