{
    "client_id": "client_6",
    "round_id": 3,
    "weight_delta": [
        -0.013898087324115141,
        -0.004733195778407508,
        -0.29076062173903394,
        0.03590906276889427
    ],
    "bias_delta": 2.389974378668388,
    "num_samples": 200
}