{
    "client_id": "client_1",
    "round_id": 1,
    "weight_delta": [
        -0.004505538586006913,
        -0.0011262527956095933,
        -0.05847254046208587,
        -0.2603129747251529
    ],
    "bias_delta": 2.435227929990919,
    "num_samples": 200
}