{
    "client_id": "client_4",
    "round_id": 4,
    "weight_delta": [
        0.002742616880417187,
        0.003798724096735609,
        0.03185384374903269,
        -0.18630118050001832
    ],
    "bias_delta": 0.9674916088762373,
    "num_samples": 200
}