{
    "client_id": "client_2",
    "round_id": 0,
    "weight_delta": [
        0.017725501369915797,
        0.03062801245880515,
        0.03170697335359862,
        0.791669194077705
    ],
    "bias_delta": -10.006088753995181,
    "num_samples": 200
}