{
    "client_id": "client_0",
    "round_id": 1,
    "weight_delta": [
        0.05653357074739365,
        -0.004774758492958671,
        0.23480826491569004,
        -0.0026302134450871817
    ],
    "bias_delta": -4.680234457427925,
    "num_samples": 200
}