{
    "client_id": "client_0",
    "round_id": 4,
    "weight_delta": [
        0.04380800287850997,
        0.0003415598262405811,
        -0.13538768420481423,
        0.024828805945339427
    ],
    "bias_delta": -2.6526316717271037,
    "num_samples": 200
}