{
    "client_id": "client_1",
    "round_id": 1,
    "weight_delta": [
        -0.0035734001333231624,
        -0.008239806689516925,
        -0.19063735202372284,
        0.11455441650968323
    ],
    "bias_delta": 0.5608177658881779,
    "num_samples": 200
}