{
    "client_id": "client_6",
    "round_id": 0,
    "weight_delta": [
        -27.375352440472597,
        -12.62188989376702,
        273.8003151798718,
        -222.77971456977943
    ],
    "bias_delta": 4126.2993519973425,
    "num_samples": 200
}