{
    "client_id": "client_2",
    "round_id": 0,
    "weight_delta": [
        -0.0038712984904884992,
        -0.004519591289768969,
        -0.0002227687391579572,
        -0.00031377419881563123
    ],
    "bias_delta": -5.603965510526425e-05,
    "num_samples": 200
}