{
    "client_id": "client_5",
    "round_id": 1,
    "weight_delta": [
        0.02293950209099596,
        -0.0014869102199810205,
        0.17738787177259585,
        0.21443409982299189
    ],
    "bias_delta": -3.87392296346329,
    "num_samples": 200
}