{
    "client_id": "client_2",
    "round_id": 1,
    "weight_delta": [
        -0.02408813735453945,
        0.003548287164400865,
        0.2833440012622106,
        0.06993330705215817
    ],
    "bias_delta": 0.006559410469581195,
    "num_samples": 200
}