{
    "client_id": "client_1",
    "round_id": 3,
    "weight_delta": [
        0.0033638800418798603,
        0.0014228650912423216,
        0.22749203186073008,
        -0.0037427528884381722
    ],
    "bias_delta": -1.3256774290913924,
    "num_samples": 200
}