{
    "client_id": "client_8",
    "round_id": 0,
    "weight_delta": [
        1.3277460037028987,
        -1.9768194392300618,
        -48.20141435397556,
        -49.57094767765744
    ],
    "bias_delta": 641.4179179084189,
    "num_samples": 200
}