{
    "client_id": "client_2",
    "round_id": 2,
    "weight_delta": [
        -0.00024387410697994383,
        -0.0027201313939086494,
        0.03780864229171521,
        -0.17713194293411028
    ],
    "bias_delta": 1.263567183553743,
    "num_samples": 200
}