{
    "client_id": "client_3",
    "round_id": 3,
    "weight_delta": [
        -0.03519235231029599,
        0.014350375894230737,
        -0.04187349505344262,
        0.179644842609046
    ],
    "bias_delta": 0.008813890490039,
    "num_samples": 200
}