{
    "client_id": "client_3",
    "round_id": 2,
    "weight_delta": [
        -0.009869107037595276,
        -0.001787478576297026,
        0.18579170880465853,
        0.16111393409093622
    ],
    "bias_delta": -1.2170181864942329,
    "num_samples": 200
}