{
    "client_id": "client_4",
    "round_id": 0,
    "weight_delta": [
        -2.296907129024961,
        0.31939119022287676,
        -11.539725207054712,
        -15.845389907983543
    ],
    "bias_delta": 272.3085895315965,
    "num_samples": 200
}