{
    "client_id": "client_5",
    "round_id": 0,
    "weight_delta": [
        -27.36946900585033,
        -12.622600984464658,
        274.2303429028454,
        -222.98570381160962
    ],
    "bias_delta": 4126.026547110049,
    "num_samples": 200
}