{
    "client_id": "client_6",
    "round_id": 2,
    "weight_delta": [
        -0.013906652889557738,
        -0.004735395811929159,
        -0.29077812502132727,
        0.03586722046957358
    ],
    "bias_delta": 2.3912091572212653,
    "num_samples": 200
}