{
    "client_id": "client_1",
    "round_id": 0,
    "weight_delta": [
        -9.031442593694143,
        -0.9154333248409369,
        114.18627607661152,
        45.4809716463834
    ],
    "bias_delta": -4.310463094155555,
    "num_samples": 200
}