{
    "client_id": "client_3",
    "round_id": 2,
    "weight_delta": [
        0.0350645618234022,
        0.004638807364881606,
        -0.046828704180721964,
        -0.15395613319711388
    ],
    "bias_delta": -1.5741910889755388,
    "num_samples": 200
}