{
    "client_id": "client_4",
    "round_id": 2,
    "weight_delta": [
        -0.04381214837648806,
        -0.014983167313851312,
        0.04018344694356514,
        -0.17231846197546286
    ],
    "bias_delta": 5.791089593154174,
    "num_samples": 200
}