{
    "client_id": "client_2",
    "round_id": 3,
    "weight_delta": [
        -0.02408711722579021,
        0.003548526881521713,
        0.2833482404494129,
        0.06993072664729771
    ],
    "bias_delta": 0.006460264413036043,
    "num_samples": 200
}