{
    "client_id": "client_0",
    "round_id": 4,
    "weight_delta": [
        0.056620658032369084,
        -0.004746896262833408,
        0.23510379886139904,
        -0.0019870959858216963
    ],
    "bias_delta": -4.695372858132927,
    "num_samples": 200
}