{
    "client_id": "client_2",
    "round_id": 0,
    "weight_delta": [
        -1.0563816707290734,
        -2.7028954949344235,
        34.582098842886246,
        -33.08649247160956
    ],
    "bias_delta": 443.28450252994844,
    "num_samples": 200
}