{
    "client_id": "client_0",
    "round_id": 0,
    "weight_delta": [
        1.377543578078439,
        -1.9857669224933188,
        -47.31406652431391,
        -49.32073342392602
    ],
    "bias_delta": 633.1931099020936,
    "num_samples": 200
}