{
    "client_id": "client_2",
    "round_id": 1,
    "weight_delta": [
        -0.03320074498165443,
        0.00043068644521834787,
        -0.1620650068590296,
        -0.08396527265272069
    ],
    "bias_delta": 3.7230671022648494,
    "num_samples": 200
}