{
    "client_id": "client_9",
    "round_id": 2,
    "weight_delta": [
        -0.007837231726759777,
        0.0005295662753196859,
        -0.172733454803222,
        0.14700202228402204
    ],
    "bias_delta": 0.2362948330844432,
    "num_samples": 200
}