{
    "client_id": "client_9",
    "round_id": 2,
    "weight_delta": [
        0.0016633922206871626,
        0.005410687505276006,
        0.0512038668448283,
        -0.10157149450192782
    ],
    "bias_delta": -0.2970445065567553,
    "num_samples": 200
}