{
    "client_id": "client_3",
    "round_id": 0,
    "weight_delta": [
        -2.3360558368159605,
        0.3294075634359733,
        -11.61662145194706,
        -15.490867075153364
    ],
    "bias_delta": 271.5894678859995,
    "num_samples": 200
}