{
    "client_id": "client_3",
    "round_id": 1,
    "weight_delta": [
        0.03506533146550661,
        0.004638876710568715,
        -0.046820251068851196,
        -0.1539441408466513
    ],
    "bias_delta": -1.5743744972471454,
    "num_samples": 200
}