{
    "client_id": "client_2",
    "round_id": 1,
    "weight_delta": [
        -0.0002441955292465797,
        -0.002720241111263212,
        0.03780927106002341,
        -0.17713801987115418
    ],
    "bias_delta": 1.263646504854961,
    "num_samples": 200
}