{
    "client_id": "client_8",
    "round_id": 3,
    "weight_delta": [
        0.0068205517369974294,
        0.004201305374597834,
        -0.6521586419957871,
        -0.2522279346713021
    ],
    "bias_delta": 3.5293775246823174,
    "num_samples": 200
}