{
    "client_id": "client_6",
    "round_id": 0,
    "weight_delta": [
        1.30702540600496,
        -1.9857529066427209,
        -47.83993975967224,
        -49.282823914095914
    ],
    "bias_delta": 640.2783220205469,
    "num_samples": 200
}