{
    "client_id": "client_6",
    "round_id": 4,
    "weight_delta": [
        0.0049811948633798064,
        0.007674088402496469,
        -0.32119810016110945,
        0.04708626903506685
    ],
    "bias_delta": -0.23098997787467823,
    "num_samples": 200
}