{
    "client_id": "client_0",
    "round_id": 2,
    "weight_delta": [
        -0.012081857166587676,
        0.007211879277163248,
        0.3305579004746363,
        -0.266201220919709
    ],
    "bias_delta": 0.548558434367088,
    "num_samples": 200
}