{
    "client_id": "client_2",
    "round_id": 0,
    "weight_delta": [
        -9.035047769863844,
        -0.9171746894227332,
        114.71451580775815,
        45.23940837467203
    ],
    "bias_delta": -3.8756427973077763,
    "num_samples": 200
}