{
    "client_id": "client_4",
    "round_id": 0,
    "weight_delta": [
        1.2771183790600746,
        -1.9960006653884623,
        -47.50896730217042,
        -49.490995982761916
    ],
    "bias_delta": 643.678171172245,
    "num_samples": 200
}