{
    "client_id": "client_2",
    "round_id": 4,
    "weight_delta": [
        -0.00024434210082112384,
        -0.0027203403651284153,
        0.037825182557484294,
        -0.17713570661545686
    ],
    "bias_delta": 1.2635888465053071,
    "num_samples": 200
}