{
    "client_id": "client_1",
    "round_id": 4,
    "weight_delta": [
        -0.011111463954210546,
        -0.012968891972433505,
        -0.14262109329102976,
        0.04831324952287641
    ],
    "bias_delta": 2.382499042557342,
    "num_samples": 200
}