{
    "client_id": "client_1",
    "round_id": 2,
    "weight_delta": [
        -0.01110973573651014,
        -0.012968310343915018,
        -0.14261870408289146,
        0.04832080155808338
    ],
    "bias_delta": 2.3822469235998156,
    "num_samples": 200
}