{
    "client_id": "client_5",
    "round_id": 4,
    "weight_delta": [
        0.023025960207189902,
        -0.0014591374397279616,
        0.1776744913299768,
        0.21507776237116927
    ],
    "bias_delta": -3.888976532376251,
    "num_samples": 200
}