{
    "client_id": "client_0",
    "round_id": 2,
    "weight_delta": [
        -0.031044759134848374,
        -0.019007662065636297,
        -0.04467653665354028,
        -0.2106221089110234
    ],
    "bias_delta": 5.876365385560131,
    "num_samples": 200
}