{
    "client_id": "client_2",
    "round_id": 3,
    "weight_delta": [
        -0.007181041883483175,
        -0.009981659251623212,
        0.33760288057797316,
        -0.12704196275823276
    ],
    "bias_delta": 0.9961068414128214,
    "num_samples": 200
}