{
    "client_id": "client_0",
    "round_id": 4,
    "weight_delta": [
        -0.031047412714779205,
        -0.019007750544356647,
        -0.04469732527580236,
        -0.21060385857806163
    ],
    "bias_delta": 5.876528539887255,
    "num_samples": 200
}