{
    "client_id": "client_5",
    "round_id": 2,
    "weight_delta": [
        0.023016836405139046,
        -0.0014621003310804417,
        0.1776605699177694,
        0.21501125329843784
    ],
    "bias_delta": -3.8874648645591847,
    "num_samples": 200
}