{
    "client_id": "client_1",
    "round_id": 2,
    "weight_delta": [
        0.003354334480338242,
        0.0014225534667300713,
        0.22748029306143788,
        -0.0037708433610628145
    ],
    "bias_delta": -1.32467387445649,
    "num_samples": 200
}