{
    "client_id": "client_3",
    "round_id": 0,
    "weight_delta": [
        1.3678970340954602,
        -1.9739562979293277,
        -47.483446102964,
        -49.0600746182501
    ],
    "bias_delta": 631.5729234827847,
    "num_samples": 200
}