{
    "client_id": "client_0",
    "round_id": 2,
    "weight_delta": [
        0.04380834223418391,
        0.0003413167853489746,
        -0.1354129864699967,
        0.02484487764621024
    ],
    "bias_delta": -2.652634223113811,
    "num_samples": 200
}