{
    "client_id": "client_2",
    "round_id": 0,
    "weight_delta": [
        -27.380578950030632,
        -12.632284920814282,
        274.1593181892096,
        -223.00391620674574
    ],
    "bias_delta": 4127.793998721549,
    "num_samples": 200
}