{
    "client_id": "client_2",
    "round_id": 2,
    "weight_delta": [
        0.021937640689396923,
        0.011249394024092023,
        -0.2227104511319889,
        0.011971388557889817
    ],
    "bias_delta": -1.7763498116066003,
    "num_samples": 200
}