{
    "client_id": "client_8",
    "round_id": 2,
    "weight_delta": [
        0.006813726886438082,
        0.004197512144857619,
        -0.6522501879375158,
        -0.252267444774265
    ],
    "bias_delta": 3.530946196098533,
    "num_samples": 200
}