{
    "client_id": "client_8",
    "round_id": 2,
    "weight_delta": [
        0.0029891166045940276,
        0.0017990537770993867,
        0.2308250019969732,
        0.2124162891134731
    ],
    "bias_delta": -2.6234429534877215,
    "num_samples": 200
}