{
    "client_id": "client_7",
    "round_id": 2,
    "weight_delta": [
        -0.0029944883585481114,
        0.0069560279774091155,
        0.22013417832313406,
        0.030344705878818323
    ],
    "bias_delta": -1.915084212847578,
    "num_samples": 200
}