{
    "client_id": "client_4",
    "round_id": 2,
    "weight_delta": [
        0.0027414480600171653,
        0.0037965950177117416,
        0.03182612309770877,
        -0.18630323982675256
    ],
    "bias_delta": 0.9679237168352479,
    "num_samples": 200
}