{
    "client_id": "client_3",
    "round_id": 4,
    "weight_delta": [
        -0.036415474259730296,
        0.013820516375569268,
        -0.045121662110052224,
        0.16857346925460703
    ],
    "bias_delta": 0.24639292290665082,
    "num_samples": 200
}