{
    "client_id": "client_0",
    "round_id": 1,
    "weight_delta": [
        0.04401332350803197,
        0.0004320345673135481,
        -0.13488799803212198,
        0.02674485199881227
    ],
    "bias_delta": -2.692877431732626,
    "num_samples": 200
}