{
    "client_id": "client_2",
    "round_id": 1,
    "weight_delta": [
        0.0016282974713654787,
        0.0032874596474570627,
        8.207632376898389e-05,
        0.00020164149996249275
    ],
    "bias_delta": 1.7011988205736666e-05,
    "num_samples": 200
}