{
    "client_id": "client_1",
    "round_id": 4,
    "weight_delta": [
        -0.0037788646163185585,
        -0.008330245550043323,
        -0.19110338134889837,
        0.11269427036367974
    ],
    "bias_delta": 0.6005555467497921,
    "num_samples": 200
}