{
    "client_id": "client_0",
    "round_id": 0,
    "weight_delta": [
        -0.007732997301916483,
        0.01713758855215019,
        0.05228595251245799,
        0.7562165366003866
    ],
    "bias_delta": -6.615590362016674,
    "num_samples": 200
}