{
    "client_id": "client_4",
    "round_id": 1,
    "weight_delta": [
        -0.0006729216042350578,
        0.00613273484302073,
        0.1304475838876359,
        0.21543450029637468
    ],
    "bias_delta": -2.9103166171497428,
    "num_samples": 200
}