{
    "client_id": "client_7",
    "round_id": 1,
    "weight_delta": [
        -0.0029943660214650503,
        0.006956543472910054,
        0.22012706032153515,
        0.030345463724660182
    ],
    "bias_delta": -1.9151261805295405,
    "num_samples": 200
}