{
    "client_id": "client_0",
    "round_id": 2,
    "weight_delta": [
        0.05661138870269397,
        -0.004749712993690959,
        0.2350858707321548,
        -0.0020570932609907944
    ],
    "bias_delta": -4.6938194290157575,
    "num_samples": 200
}