{
    "client_id": "client_3",
    "round_id": 0,
    "weight_delta": [
        -9.064074293218967,
        -0.8932887516732193,
        114.33237646186373,
        45.536571359637456
    ],
    "bias_delta": -4.662892862438856,
    "num_samples": 200
}