{
    "client_id": "client_0",
    "round_id": 3,
    "weight_delta": [
        -0.031046338007450228,
        -0.01900769125432333,
        -0.04468759095399058,
        -0.21060436397279003
    ],
    "bias_delta": 5.876406421180121,
    "num_samples": 200
}