{
    "client_id": "client_1",
    "round_id": 4,
    "weight_delta": [
        0.0033623275690965737,
        0.0014231922150007847,
        0.22745583529367702,
        -0.0037435077177969678
    ],
    "bias_delta": -1.325451786583109,
    "num_samples": 200
}