{
    "client_id": "client_4",
    "round_id": 3,
    "weight_delta": [
        -0.011918387362805788,
        -0.008646931846483671,
        0.011489597680817726,
        -0.14590615226694914
    ],
    "bias_delta": 2.706317910874816,
    "num_samples": 200
}