{
    "client_id": "client_1",
    "round_id": 4,
    "weight_delta": [
        -0.029447223766508546,
        0.0004120835699402206,
        0.05485902729835582,
        -0.04889971873200061
    ],
    "bias_delta": 2.054936695015545,
    "num_samples": 200
}