{
    "client_id": "client_5",
    "round_id": 2,
    "weight_delta": [
        0.010867754507618302,
        0.0069648601777371755,
        0.10876193129315564,
        -0.15889898871522978
    ],
    "bias_delta": -0.5039781141205353,
    "num_samples": 200
}