{
    "client_id": "client_8",
    "round_id": 4,
    "weight_delta": [
        0.0029857100442266804,
        0.001798228011017318,
        0.23084651924881724,
        0.21242367234582216
    ],
    "bias_delta": -2.6232396396476645,
    "num_samples": 200
}