{
    "client_id": "client_8",
    "round_id": 3,
    "weight_delta": [
        0.002990756564296232,
        0.0017994627007138497,
        0.23083820226163748,
        0.21244331041179598
    ],
    "bias_delta": -2.6238496768670565,
    "num_samples": 200
}