{
    "client_id": "client_1",
    "round_id": 2,
    "weight_delta": [
        -0.004715853406985178,
        -0.004483668478066591,
        -0.00030818136148562023,
        -0.0003607371327790286
    ],
    "bias_delta": -6.970732857319258e-05,
    "num_samples": 200
}