{
    "client_id": "client_1",
    "round_id": 0,
    "weight_delta": [
        -0.01177951609850926,
        -0.01332104686600603,
        -0.0006973833275692249,
        -0.0009851274838551807
    ],
    "bias_delta": -0.0001653053613238209,
    "num_samples": 200
}