{
    "client_id": "client_1",
    "round_id": 1,
    "weight_delta": [
        -0.029533708218725765,
        0.00038432598670162105,
        0.05457071774288039,
        -0.049552718869560475
    ],
    "bias_delta": 2.070067124741623,
    "num_samples": 200
}