{
    "client_id": "client_1",
    "round_id": 1,
    "weight_delta": [
        -0.001996808622554684,
        -0.0008180940848665139,
        -0.00016118481188616223,
        -0.00011601576495237916
    ],
    "bias_delta": -3.320453140059395e-05,
    "num_samples": 200
}