{
    "client_id": "client_5",
    "round_id": 0,
    "weight_delta": [
        1.3439488819305083,
        -1.9824792009793069,
        -47.37150072882764,
        -49.103673761471455
    ],
    "bias_delta": 633.9995638715526,
    "num_samples": 200
}