{
    "client_id": "client_7",
    "round_id": 3,
    "weight_delta": [
        -0.00299536319907355,
        0.0069570502981384785,
        0.22011576594776933,
        0.03038031086564108
    ],
    "bias_delta": -1.9153120144998041,
    "num_samples": 200
}