{
    "client_id": "client_0",
    "round_id": 1,
    "weight_delta": [
        -0.012084376918866532,
        0.007210936518567898,
        0.33056247218872253,
        -0.26622686799169837
    ],
    "bias_delta": 0.5490033677361836,
    "num_samples": 200
}