{
    "client_id": "client_0",
    "round_id": 1,
    "weight_delta": [
        -0.031044521073875758,
        -0.019007633465730665,
        -0.04467780444459367,
        -0.21062867440832989
    ],
    "bias_delta": 5.876397497586497,
    "num_samples": 200
}