{
    "client_id": "client_4",
    "round_id": 4,
    "weight_delta": [
        -0.0006721670704435828,
        0.006133624204820165,
        0.13045238284016128,
        0.21543115493132015
    ],
    "bias_delta": -2.91047223726596,
    "num_samples": 200
}