{
    "client_id": "client_3",
    "round_id": 0,
    "weight_delta": [
        -155.19617616862067,
        -48.28616230410092,
        -291.1011374216365,
        -664.2652182695642
    ],
    "bias_delta": 22381.073261949663,
    "num_samples": 200
}