{
    "client_id": "client_1",
    "round_id": 2,
    "weight_delta": [
        -0.0037745078464877513,
        -0.008329261410640061,
        -0.19113355051536682,
        0.11264668637389996
    ],
    "bias_delta": 0.6005787435597654,
    "num_samples": 200
}