{
    "client_id": "client_4",
    "round_id": 4,
    "weight_delta": [
        -0.011921870692287173,
        -0.008646342382334839,
        0.011481262396156613,
        -0.14591519883435444
    ],
    "bias_delta": 2.706616410210003,
    "num_samples": 200
}