{
    "client_id": "client_1",
    "round_id": 2,
    "weight_delta": [
        -0.0037753255030251176,
        -0.008331462891342442,
        -0.1911239791948219,
        0.11262663400008743
    ],
    "bias_delta": 0.6009736661087643,
    "num_samples": 200
}