{
    "client_id": "client_3",
    "round_id": 3,
    "weight_delta": [
        0.03506443231632225,
        0.004638711226098019,
        -0.04682405593475482,
        -0.15395126213092736
    ],
    "bias_delta": -1.5742223827755382,
    "num_samples": 200
}