{
    "client_id": "client_9",
    "round_id": 3,
    "weight_delta": [
        0.0016718829083626346,
        0.005413137099372918,
        0.05121798369977611,
        -0.10151861359564096
    ],
    "bias_delta": -0.2983635575369554,
    "num_samples": 200
}