{
    "client_id": "client_4",
    "round_id": 3,
    "weight_delta": [
        0.0029449889786135747,
        0.003887782695043966,
        0.0323755822160296,
        -0.18438621322793536
    ],
    "bias_delta": 0.9275203692501108,
    "num_samples": 200
}