{
    "client_id": "client_4",
    "round_id": 0,
    "weight_delta": [
        -155.2499435701447,
        -48.32732169646942,
        -290.89280193661216,
        -665.0087441927745
    ],
    "bias_delta": 22394.0282593475,
    "num_samples": 200
}