{
    "client_id": "client_6",
    "round_id": 2,
    "weight_delta": [
        0.0049824615987473925,
        0.007674866968410465,
        -0.32118890340691564,
        0.04707036282090438
    ],
    "bias_delta": -0.23108840663806873,
    "num_samples": 200
}