{
    "client_id": "client_5",
    "round_id": 1,
    "weight_delta": [
        0.010867570207899732,
        0.006964867965934388,
        0.10880760631105808,
        -0.15893604056777755
    ],
    "bias_delta": -0.5038839096859888,
    "num_samples": 200
}