{
    "client_id": "client_3",
    "round_id": 2,
    "weight_delta": [
        -0.03640882072960061,
        0.013812305513308615,
        -0.04506959432327154,
        0.16818406977947165
    ],
    "bias_delta": 0.24922491440108985,
    "num_samples": 200
}