{
    "client_id": "client_3",
    "round_id": 4,
    "weight_delta": [
        0.04697417282119108,
        0.007063634319510459,
        0.06572744926137414,
        0.25867625282126716
    ],
    "bias_delta": -6.315601343141303,
    "num_samples": 200
}