{
    "client_id": "client_5",
    "round_id": 4,
    "weight_delta": [
        0.010869002294790667,
        0.006964920311010057,
        0.10881978955492519,
        -0.15892882260074992
    ],
    "bias_delta": -0.5041002793202161,
    "num_samples": 200
}