{
    "client_id": "client_0",
    "round_id": 0,
    "weight_delta": [
        0.6262715594593221,
        0.8433788378129383,
        -11.923536633978884,
        12.37372649188525
    ],
    "bias_delta": -165.28969867789385,
    "num_samples": 200
}