{
    "client_id": "client_0",
    "round_id": 1,
    "weight_delta": [
        -0.0035148934166521206,
        -0.0022391987825015613,
        -0.20209819139398566,
        -0.023446088498710438
    ],
    "bias_delta": 1.613137023751733,
    "num_samples": 200
}