{
    "client_id": "client_1",
    "round_id": 3,
    "weight_delta": [
        -0.011108908439821152,
        -0.012969070022907044,
        -0.14260633343268286,
        0.04832153860673605
    ],
    "bias_delta": 2.3822108665249573,
    "num_samples": 200
}