{
    "client_id": "client_4",
    "round_id": 1,
    "weight_delta": [
        0.003117835675544069,
        0.0057130623202292655,
        0.00011721109641131533,
        0.00034643591117443904
    ],
    "bias_delta": 3.44128756127908e-05,
    "num_samples": 200
}