{
    "client_id": "client_3",
    "round_id": 4,
    "weight_delta": [
        0.03506420021404509,
        0.004638764708287106,
        -0.04682661164107049,
        -0.15396163287023845
    ],
    "bias_delta": -1.5741268588952622,
    "num_samples": 200
}