{
    "client_id": "client_0",
    "round_id": 3,
    "weight_delta": [
        0.04400995107781998,
        0.00043153211324872126,
        -0.1348640430067638,
        0.02673343223943525
    ],
    "bias_delta": -2.6925917816628733,
    "num_samples": 200
}