{
    "client_id": "client_4",
    "round_id": 1,
    "weight_delta": [
        -0.008985356365616287,
        -0.022017399595022528,
        -0.014284028265282214,
        -0.24983325974060988
    ],
    "bias_delta": 4.901359269672504,
    "num_samples": 200
}