{
    "client_id": "client_9",
    "round_id": 4,
    "weight_delta": [
        -0.00783737203614314,
        0.000529368304691219,
        -0.17273122375220865,
        0.14699805248817
    ],
    "bias_delta": 0.23634704204492962,
    "num_samples": 200
}