{
    "client_id": "client_1",
    "round_id": 0,
    "weight_delta": [
        -0.0008548961468051453,
        0.020800622241398073,
        0.4818891350129677,
        0.7759384536495564
    ],
    "bias_delta": -9.55463636284241,
    "num_samples": 200
}