{
    "client_id": "client_2",
    "round_id": 0,
    "weight_delta": [
        4251.0789439781865,
        4144.7633524238545,
        4387.135537573806,
        4761.736569673163
    ],
    "bias_delta": -18310.299995525962,
    "num_samples": 200
}