{
    "client_id": "client_6",
    "round_id": 4,
    "weight_delta": [
        -0.013897584068204322,
        -0.0047329486554813435,
        -0.290766404297045,
        0.03592040956950582
    ],
    "bias_delta": 2.3898520360411837,
    "num_samples": 200
}