{
    "client_id": "client_0",
    "round_id": 1,
    "weight_delta": [
        0.02309260666986998,
        0.013361483450022534,
        -0.10768545452529045,
        0.2069262349230332
    ],
    "bias_delta": -4.067003187307293,
    "num_samples": 200
}