{
    "client_id": "client_0",
    "round_id": 4,
    "weight_delta": [
        -0.003520158429229453,
        -0.002241147248586761,
        -0.202099563699488,
        -0.023459465544678926
    ],
    "bias_delta": 1.6138282643536073,
    "num_samples": 200
}