{
    "client_id": "client_3",
    "round_id": 1,
    "weight_delta": [
        0.046887060376971934,
        0.0070359679985195,
        0.06543670646258415,
        0.2580303038506122
    ],
    "bias_delta": -6.300473745611065,
    "num_samples": 200
}