{
    "client_id": "client_1",
    "round_id": 0,
    "weight_delta": [
        -2.303424981352207,
        0.3072639229102473,
        -11.76271045732824,
        -15.546417563449937
    ],
    "bias_delta": 271.9414721163614,
    "num_samples": 200
}