{
    "client_id": "client_4",
    "round_id": 2,
    "weight_delta": [
        -0.011923445937137997,
        -0.00864655140787049,
        0.01146935090426493,
        -0.14590923956994284
    ],
    "bias_delta": 2.706762700029735,
    "num_samples": 200
}