{
    "client_id": "client_0",
    "round_id": 0,
    "weight_delta": [
        -27.411379237140547,
        -12.648572429183599,
        274.07683868604704,
        -223.03740394995373
    ],
    "bias_delta": 4132.406707188306,
    "num_samples": 200
}