{
    "client_id": "client_9",
    "round_id": 0,
    "weight_delta": [
        -27.38817494935103,
        -12.629035643321574,
        273.9487854496611,
        -222.67979076653882
    ],
    "bias_delta": 4126.766999922565,
    "num_samples": 200
}