{
    "client_id": "client_8",
    "round_id": 0,
    "weight_delta": [
        -27.37734587847825,
        -12.627765580922802,
        274.3523326180643,
        -222.61435705090344
    ],
    "bias_delta": 4123.906894029079,
    "num_samples": 200
}