{
    "client_id": "client_0",
    "round_id": 2,
    "weight_delta": [
        0.00017760800153384044,
        0.001177836129874244,
        -3.4540396165209746e-05,
        4.609668445617162e-05
    ],
    "bias_delta": -5.416966025659589e-06,
    "num_samples": 200
}