{
    "client_id": "client_2",
    "round_id": 1,
    "weight_delta": [
        -0.018598203587483944,
        -0.012237751536047711,
        0.1661539724689447,
        0.05331914788927117
    ],
    "bias_delta": 1.6333656557563891,
    "num_samples": 200
}