{
    "client_id": "client_2",
    "round_id": 0,
    "weight_delta": [
        1.2977018984251265,
        -1.9771939256275788,
        -47.26282998859238,
        -49.24234865586817
    ],
    "bias_delta": 637.7435698005264,
    "num_samples": 200
}