{
    "client_id": "client_2",
    "round_id": 2,
    "weight_delta": [
        -0.007381978763788294,
        -0.010071796780185105,
        0.33709848740142634,
        -0.1289180283604454
    ],
    "bias_delta": 1.0357304013080828,
    "num_samples": 200
}