{
    "client_id": "client_4",
    "round_id": 2,
    "weight_delta": [
        0.002743640845910375,
        0.0037983827544325333,
        0.03183930240045876,
        -0.18630032675778607
    ],
    "bias_delta": 0.9675042446314706,
    "num_samples": 200
}