{
    "client_id": "client_0",
    "round_id": 1,
    "weight_delta": [
        0.023093611777169842,
        0.013362322442716165,
        -0.10771088017198387,
        0.206946768048069
    ],
    "bias_delta": -4.0672081200361205,
    "num_samples": 200
}