{
    "client_id": "client_4",
    "round_id": 0,
    "weight_delta": [
        -9.024927820170674,
        -0.9033071149905335,
        114.40926874963809,
        45.18200576772443
    ],
    "bias_delta": -3.9430902352002057,
    "num_samples": 200
}