{
    "client_id": "client_2",
    "round_id": 3,
    "weight_delta": [
        0.021946362574990413,
        0.011249912110047097,
        -0.22266897260501295,
        0.011997832168144207
    ],
    "bias_delta": -1.777411835264683,
    "num_samples": 200
}