{
    "client_id": "client_1",
    "round_id": 0,
    "weight_delta": [
        1.5782532323193756,
        2.4552179579974416,
        -34.50697937212346,
        34.17404675739379
    ],
    "bias_delta": -460.40022763375964,
    "num_samples": 200
}