{
    "client_id": "client_7",
    "round_id": 3,
    "weight_delta": [
        -0.02387969109935674,
        0.005280627808905931,
        0.03475173348226222,
        -0.002777845174504523
    ],
    "bias_delta": 1.4287810626357036,
    "num_samples": 200
}