{
    "client_id": "client_4",
    "round_id": 1,
    "weight_delta": [
        0.002939865072396103,
        0.0038865902513023493,
        0.032393837455115204,
        -0.18439578945226953
    ],
    "bias_delta": 0.9280126879958921,
    "num_samples": 200
}