{
    "client_id": "client_3",
    "round_id": 3,
    "weight_delta": [
        0.04697343451091042,
        0.007063358515119515,
        0.06573291641422735,
        0.2586614928486497
    ],
    "bias_delta": -6.315434120310297,
    "num_samples": 200
}