{
    "client_id": "client_4",
    "round_id": 0,
    "weight_delta": [
        -27.381006868475303,
        -12.623430701489113,
        274.2519539914964,
        -222.6113457279105
    ],
    "bias_delta": 4123.619855667213,
    "num_samples": 200
}