{
    "client_id": "client_9",
    "round_id": 4,
    "weight_delta": [
        0.0016656464760371192,
        0.005412935894859208,
        0.051156778517852684,
        -0.10148952674918577
    ],
    "bias_delta": -0.29782542365455456,
    "num_samples": 200
}