{
    "client_id": "client_2",
    "round_id": 0,
    "weight_delta": [
        -2.307029666942348,
        0.3055221291354611,
        -11.23447390987718,
        -15.788008510201788
    ],
    "bias_delta": 272.37651399720966,
    "num_samples": 200
}