{
    "client_id": "client_7",
    "round_id": 4,
    "weight_delta": [
        -0.02388091060638807,
        0.0052804001936942735,
        0.03474539290767248,
        -0.002742439549663467
    ],
    "bias_delta": 1.4286775025445415,
    "num_samples": 200
}