{
    "client_id": "client_2",
    "round_id": 2,
    "weight_delta": [
        -0.024088629042283607,
        0.003548521161896419,
        0.28335440594472006,
        0.06994159035717695
    ],
    "bias_delta": 0.006476390449133618,
    "num_samples": 200
}