{
    "client_id": "client_3",
    "round_id": 2,
    "weight_delta": [
        -0.03641322143385442,
        0.013814048558177895,
        -0.04506260595018499,
        0.1681897852935481
    ],
    "bias_delta": 0.2493174481094691,
    "num_samples": 200
}