{
    "client_id": "client_3",
    "round_id": 0,
    "weight_delta": [
        -0.014085814199671101,
        0.017589866660766798,
        0.4401678012438412,
        0.940763885754597
    ],
    "bias_delta": -9.445777239662464,
    "num_samples": 200
}