{
    "client_id": "client_2",
    "round_id": 1,
    "weight_delta": [
        -0.007178247390562303,
        -0.009981163253417552,
        0.3376040753951064,
        -0.12701027306487944
    ],
    "bias_delta": 0.9956080425485858,
    "num_samples": 200
}