{
    "client_id": "client_2",
    "round_id": 1,
    "weight_delta": [
        -0.01859720260629577,
        -0.01223763482320673,
        0.16614947005227937,
        0.053325451399348855
    ],
    "bias_delta": 1.6332525378209972,
    "num_samples": 200
}