{
    "client_id": "client_7",
    "round_id": 4,
    "weight_delta": [
        -0.0029955175318167465,
        0.006956027112631082,
        0.22011521321267702,
        0.03034435553935888
    ],
    "bias_delta": -1.9149256186746513,
    "num_samples": 200
}