{
    "client_id": "client_2",
    "round_id": 3,
    "weight_delta": [
        -0.0002433589887922416,
        -0.0027200664013308437,
        0.037821751162381255,
        -0.17712743489032534
    ],
    "bias_delta": 1.2634374243234276,
    "num_samples": 200
}