{
    "client_id": "client_9",
    "round_id": 1,
    "weight_delta": [
        0.001590810149146929,
        0.005387529448061125,
        0.05091680108832536,
        -0.10213581917292003
    ],
    "bias_delta": -0.2840778858478288,
    "num_samples": 200
}