{
    "client_id": "client_0",
    "round_id": 0,
    "weight_delta": [
        -2.2558427984753036,
        0.3159346218385186,
        -11.706958452043235,
        -15.634276570961564
    ],
    "bias_delta": 268.6885793948166,
    "num_samples": 200
}