{
    "client_id": "client_2",
    "round_id": 2,
    "weight_delta": [
        -0.007380224595996618,
        -0.010070141044024247,
        0.3371020691110714,
        -0.1289192994899987
    ],
    "bias_delta": 1.0354225458137165,
    "num_samples": 200
}