{
    "client_id": "client_9",
    "round_id": 1,
    "weight_delta": [
        -0.007837060991327235,
        0.0005295840645791125,
        -0.17273411442906234,
        0.14699495351435865
    ],
    "bias_delta": 0.23633447321581258,
    "num_samples": 200
}