{
    "client_id": "client_0",
    "round_id": 0,
    "weight_delta": [
        1.6058595261805704,
        2.46970564561188,
        -34.55616447456589,
        34.64124615821164
    ],
    "bias_delta": -466.90289494675903,
    "num_samples": 200
}