{
    "client_id": "client_1",
    "round_id": 1,
    "weight_delta": [
        -0.004506440451684746,
        -0.001126262161657704,
        -0.05847094041301561,
        -0.2603134179304264
    ],
    "bias_delta": 2.4352931380535736,
    "num_samples": 200
}