{
    "client_id": "client_3",
    "round_id": 1,
    "weight_delta": [
        -0.000547046269925894,
        0.0026951809655198855,
        -7.245946704280079e-05,
        6.183898550811205e-05
    ],
    "bias_delta": -1.29046320097134e-05,
    "num_samples": 200
}