{
    "client_id": "client_1",
    "round_id": 2,
    "weight_delta": [
        -0.029456156246448664,
        0.000409156492285144,
        0.05484761751545302,
        -0.04897509188491622
    ],
    "bias_delta": 2.0564927896335234,
    "num_samples": 200
}