{
    "client_id": "client_0",
    "round_id": 0,
    "weight_delta": [
        -0.003126701645148031,
        -0.0034256502916436313,
        -0.00020509777696002594,
        -0.00026538065065496736
    ],
    "bias_delta": -4.796989667318426e-05,
    "num_samples": 200
}