{
    "client_id": "client_3",
    "round_id": 1,
    "weight_delta": [
        0.04478124638289405,
        0.01914214641040682,
        -0.22261674927171796,
        0.49369317918964817
    ],
    "bias_delta": -8.053616391466775,
    "num_samples": 200
}