{
    "client_id": "client_4",
    "round_id": 1,
    "weight_delta": [
        -0.04389108704919881,
        -0.01500828338562512,
        0.03990126624600461,
        -0.17288389895291056
    ],
    "bias_delta": 5.804731356139275,
    "num_samples": 200
}