{
    "client_id": "client_3",
    "round_id": 0,
    "weight_delta": [
        -27.345270329921807,
        -12.624926391609677,
        274.0746569759587,
        -222.9806702635121
    ],
    "bias_delta": 4124.955859836749,
    "num_samples": 200
}