{
    "client_id": "client_4",
    "round_id": 2,
    "weight_delta": [
        -0.0006722487685386774,
        0.006134403419678719,
        0.1304655904870949,
        0.21543706490057724
    ],
    "bias_delta": -2.9106426151043614,
    "num_samples": 200
}