{
    "client_id": "client_4",
    "round_id": 0,
    "weight_delta": [
        -0.002658478677619204,
        -0.0026347276812885836,
        -0.00017627877248773836,
        -0.00022059846301889115
    ],
    "bias_delta": -4.067743373687376e-05,
    "num_samples": 200
}