{
    "client_id": "client_3",
    "round_id": 2,
    "weight_delta": [
        -0.0025385298886913413,
        -0.0013730469933590263,
        -0.00016195030773918,
        -0.0001603983988232913
    ],
    "bias_delta": -3.701118135458882e-05,
    "num_samples": 200
}