{
    "client_id": "client_0",
    "round_id": 2,
    "weight_delta": [
        -0.0035177071269961446,
        -0.002240489434142595,
        -0.20211377935073987,
        -0.023468516534300043
    ],
    "bias_delta": 1.6137047332924759,
    "num_samples": 200
}