{
    "client_id": "client_3",
    "round_id": 0,
    "weight_delta": [
        -0.007878909782266777,
        -0.007997295558063122,
        -0.00045110173791618137,
        -0.0006247154055931336
    ],
    "bias_delta": -0.0001078969739155345,
    "num_samples": 200
}