{
    "client_id": "client_8",
    "round_id": 1,
    "weight_delta": [
        0.002988237539414504,
        0.0017989812349635328,
        0.2308310744232329,
        0.21241774070263664
    ],
    "bias_delta": -2.6234003780786175,
    "num_samples": 200
}