{
    "client_id": "client_7",
    "round_id": 1,
    "weight_delta": [
        -0.023965421426923608,
        0.005252885948732362,
        0.03446966253079139,
        -0.0034118505116689235
    ],
    "bias_delta": 1.443688759507829,
    "num_samples": 200
}