{
    "client_id": "client_5",
    "round_id": 3,
    "weight_delta": [
        0.023025491928713074,
        -0.0014603925239454335,
        0.17775533490430467,
        0.2150643462502808
    ],
    "bias_delta": -3.8890254340598283,
    "num_samples": 200
}