{
    "client_id": "client_1",
    "round_id": 1,
    "weight_delta": [
        0.009486528548923595,
        -0.004767287946515514,
        0.0684051467940221,
        0.10630507414112689
    ],
    "bias_delta": -1.1193310206300175,
    "num_samples": 200
}