{
    "client_id": "client_1",
    "round_id": 1,
    "weight_delta": [
        0.0033616277702096936,
        0.001422545677735615,
        0.22751465529696893,
        -0.0037372384217519983
    ],
    "bias_delta": -1.3255992738024354,
    "num_samples": 200
}