{
    "client_id": "client_7",
    "round_id": 0,
    "weight_delta": [
        1.2970432372519871,
        -1.975739047970148,
        -47.51440654188349,
        -49.3215180447064
    ],
    "bias_delta": 639.3171358768159,
    "num_samples": 200
}