{
    "client_id": "client_4",
    "round_id": 1,
    "weight_delta": [
        -0.011920482919786271,
        -0.008645792110997884,
        0.011504832207012317,
        -0.1459117328259708
    ],
    "bias_delta": 2.7063347127571085,
    "num_samples": 200
}