{
    "client_id": "client_0",
    "round_id": 1,
    "weight_delta": [
        0.0440095832440561,
        0.0004306311807701843,
        -0.13485516022466865,
        0.026733946762271588
    ],
    "bias_delta": -2.6925153652573712,
    "num_samples": 200
}