{
    "client_id": "client_8",
    "round_id": 1,
    "weight_delta": [
        0.006736144207364153,
        0.00417263056992271,
        -0.6525272512035437,
        -0.25284591772929765
    ],
    "bias_delta": 3.544534908275118,
    "num_samples": 200
}