{
    "client_id": "client_2",
    "round_id": 2,
    "weight_delta": [
        -0.005434114413103524,
        0.00573591427294123,
        -0.00043082193681680107,
        0.00020487132208966413
    ],
    "bias_delta": -0.0001420093484043457,
    "num_samples": 200
}