{
    "client_id": "client_1",
    "round_id": 0,
    "weight_delta": [
        1.291476398506642,
        -1.980607847850281,
        -47.49430680707929,
        -49.36766265090019
    ],
    "bias_delta": 639.9434623236589,
    "num_samples": 200
}