{
    "client_id": "client_0",
    "round_id": 3,
    "weight_delta": [
        0.05662012551840444,
        -0.00474715697362723,
        0.23511544281263608,
        -0.0020028641032301397
    ],
    "bias_delta": -4.69524225308945,
    "num_samples": 200
}