{
    "client_id": "client_6",
    "round_id": 3,
    "weight_delta": [
        0.004981438194800777,
        0.0076741957632839725,
        -0.3211953887099629,
        0.04709186249620145
    ],
    "bias_delta": -0.23107082613888252,
    "num_samples": 200
}