{
    "client_id": "client_2",
    "round_id": 2,
    "weight_delta": [
        -0.03319688008093377,
        0.00042994639961029674,
        -0.16205761178423256,
        -0.0839582011024037
    ],
    "bias_delta": 3.7227791850393572,
    "num_samples": 200
}