{
    "client_id": "client_2",
    "round_id": 4,
    "weight_delta": [
        0.021948796408731208,
        0.011251571650702757,
        -0.22275435252657005,
        0.012024124019261118
    ],
    "bias_delta": -1.777596077195792,
    "num_samples": 200
}