{
    "client_id": "client_3",
    "round_id": 1,
    "weight_delta": [
        -0.009865404394833216,
        -0.001786336029351257,
        0.18580328033269203,
        0.1611362418110014
    ],
    "bias_delta": -1.2176297402751395,
    "num_samples": 200
}