{
    "client_id": "client_2",
    "round_id": 4,
    "weight_delta": [
        -0.024088115660714435,
        0.00354861014565451,
        0.28333694362359474,
        0.06994512618950921
    ],
    "bias_delta": 0.006471479331604968,
    "num_samples": 200
}