{
    "client_id": "client_4",
    "round_id": 4,
    "weight_delta": [
        -0.04380426339064186,
        -0.014980431292624954,
        0.04020174861665442,
        -0.17224474657786382
    ],
    "bias_delta": 5.789617150789187,
    "num_samples": 200
}