{
    "client_id": "client_3",
    "round_id": 4,
    "weight_delta": [
        -0.009868447236013628,
        -0.0017871343799972447,
        0.18578537992380248,
        0.16109622249370315
    ],
    "bias_delta": -1.21695047255702,
    "num_samples": 200
}