{
    "client_id": "client_1",
    "round_id": 3,
    "weight_delta": [
        -0.029447758120913617,
        0.00041168400477305245,
        0.054864726918250645,
        -0.048923163247957646
    ],
    "bias_delta": 2.055162085947199,
    "num_samples": 200
}