{
    "client_id": "client_4",
    "round_id": 0,
    "weight_delta": [
        -0.0161385797994405,
        0.010730702209874932,
        0.26587077076283766,
        0.6337592992111681
    ],
    "bias_delta": -5.522343213607451,
    "num_samples": 200
}