{
  "pipeline_type": "inc_edge_fl",
  "configuration": {
    "clients": 4,
    "rounds": 2,
    "incs": 1,
    "patience": 999,
    "poly_modulus_degree": 8192,
    "scale_bits": 40
  },
  "inc_configuration": [
    {
      "inc_id": "inc_0",
      "edge_device_ids": [
        "edge_client_0",
        "edge_client_1",
        "edge_client_2",
        "edge_client_3"
      ],
      "edge_count": 4
    }
  ],
  "round_results": [
    {
      "round": 1,
      "accuracy": 0.88375,
      "f1_score": 0.8731241473396999,
      "precision": 0.774818401937046,
      "recall": 1.0,
      "auc": 0.9999804687499999,
      "mae": 0.4999999999988877,
      "rmse": 0.4999999999988878,
      "timing_statistics": {
        "client_training_time": 0.041214942932128906,
        "edge_encryption_wall_time": 0.09863901138305664,
        "total_pure_encryption_time": 0.09863901138305664,
        "avg_encryption_per_client": 0.02465975284576416,
        "inc_aggregation_time": 0.015616655349731445,
        "cloud_update_time": 0.017117023468017578,
        "inc_distribution_time": 0.02426004409790039,
        "evaluation_time": 0.058318376541137695,
        "total_round_time": 0.25516605377197266
      }
    },
    {
      "round": 2,
      "accuracy": 0.9225,
      "f1_score": 0.9116809116809117,
      "precision": 0.837696335078534,
      "recall": 1.0,
      "auc": 0.9999804687499999,
      "mae": 0.49999999999679884,
      "rmse": 0.49999999999679884,
      "timing_statistics": {
        "client_training_time": 0.04925680160522461,
        "edge_encryption_wall_time": 0.09345245361328125,
        "total_pure_encryption_time": 0.09028482437133789,
        "avg_encryption_per_client": 0.022571206092834473,
        "inc_aggregation_time": 0.023203372955322266,
        "cloud_update_time": 0.01004791259765625,
        "inc_distribution_time": 0.016898393630981445,
        "evaluation_time": 0.05022883415222168,
        "total_round_time": 0.2430877685546875
      }
    }
  ],
  "final_metrics": {
    "final_accuracy": 0.9225,
    "best_accuracy": 0.9225,
    "total_rounds": 2
  },
  "timing_statistics": {
    "total_time": 1.381178855895996,
    "avg_round_time": 0.690589427947998,
    "total_client_training_time": 0.09047174453735352,
    "total_edge_encryption_wall_time": 0.1920914649963379,
    "total_pure_encryption_time": 0.18892383575439453,
    "avg_encryption_per_client": 0.023615479469299316,
    "total_inc_aggregation_time": 0.03882002830505371,
    "total_cloud_update_time": 0.027164936065673828,
    "total_inc_distribution_time": 0.041158437728881836,
    "total_evaluation_time": 0.10854721069335938,
    "avg_client_training_time": 0.04523587226867676,
    "avg_edge_encryption_wall_time": 0.09604573249816895,
    "avg_pure_encryption_time": 0.09446191787719727,
    "avg_inc_aggregation_time": 0.019410014152526855,
    "avg_cloud_update_time": 0.013582468032836914,
    "avg_inc_distribution_time": 0.020579218864440918,
    "avg_evaluation_time": 0.05427360534667969
  },
  "timestamp": "20250923_190911"
}