{
  "pipeline_type": "inc_edge_fl",
  "configuration": {
    "clients": 4,
    "rounds": 1,
    "incs": 1,
    "patience": 999,
    "poly_modulus_degree": 8192,
    "scale_bits": 40
  },
  "inc_configuration": [
    {
      "inc_id": "inc_0",
      "edge_device_ids": [
        "edge_client_0",
        "edge_client_1",
        "edge_client_2",
        "edge_client_3"
      ],
      "edge_count": 4
    }
  ],
  "round_results": [
    {
      "round": 1,
      "accuracy": 0.88375,
      "f1_score": 0.8731241473396999,
      "precision": 0.774818401937046,
      "recall": 1.0,
      "auc": 0.9999804687499999,
      "mae": 0.4999999999988877,
      "rmse": 0.4999999999988878,
      "timing_statistics": {
        "client_training_time": 0.007638216018676758,
        "edge_encryption_wall_time": 0.025430679321289062,
        "total_pure_encryption_time": 0.025430679321289062,
        "avg_encryption_per_client": 0.006357669830322266,
        "inc_aggregation_time": 0.0,
        "cloud_update_time": 0.00778961181640625,
        "inc_distribution_time": 0.0,
        "evaluation_time": 0.016607999801635742,
        "total_round_time": 0.05746650695800781
      }
    }
  ],
  "final_metrics": {
    "final_accuracy": 0.88375,
    "best_accuracy": 0.88375,
    "total_rounds": 1
  },
  "timing_statistics": {
    "total_time": 0.3779020309448242,
    "avg_round_time": 0.3779020309448242,
    "total_client_training_time": 0.007638216018676758,
    "total_edge_encryption_wall_time": 0.025430679321289062,
    "total_pure_encryption_time": 0.025430679321289062,
    "avg_encryption_per_client": 0.006357669830322266,
    "total_inc_aggregation_time": 0.0,
    "total_cloud_update_time": 0.00778961181640625,
    "total_inc_distribution_time": 0.0,
    "total_evaluation_time": 0.016607999801635742,
    "avg_client_training_time": 0.007638216018676758,
    "avg_edge_encryption_wall_time": 0.025430679321289062,
    "avg_pure_encryption_time": 0.025430679321289062,
    "avg_inc_aggregation_time": 0.0,
    "avg_cloud_update_time": 0.00778961181640625,
    "avg_inc_distribution_time": 0.0,
    "avg_evaluation_time": 0.016607999801635742
  },
  "timestamp": "20250923_191910"
}