{
  "pipeline_type": "edge_device_fl",
  "configuration": {
    "rounds": 3,
    "clients": 5,
    "patience": 999
  },
  "results": [
    {
      "round": 1,
      "accuracy": 0.851,
      "f1_score": 0.8121059268600253,
      "precision": 0.6836518046709129,
      "recall": 1.0,
      "roc_auc": 0.9999725169021052,
      "pr_auc": 0.999943190425693,
      "mae": 0.49999999999899203,
      "rmse": 0.49999999999899203,
      "ece": 0.3509999999988946,
      "mce": 0.4999999999989581,
      "round_time": 0.043897151947021484,
      "client_training_time": 0.007378816604614258,
      "edge_encryption_time": 0.021967649459838867,
      "total_edge_encryption_time": 0.019749164581298828,
      "server_aggregation_time": 0.0065059661865234375,
      "internal_aggregation_time": 0.0043523311614990234,
      "evaluation_time": 0.006764411926269531,
      "clients_processed": 5
    },
    {
      "round": 2,
      "accuracy": 0.852,
      "f1_score": 0.8131313131313131,
      "precision": 0.6851063829787234,
      "recall": 1.0,
      "roc_auc": 0.9999748071602631,
      "pr_auc": 0.9999431904256932,
      "mae": 0.4999999999989979,
      "rmse": 0.4999999999989979,
      "ece": 0.35199999999890075,
      "mce": 0.49999999999896727,
      "round_time": 0.0490572452545166,
      "client_training_time": 0.00977015495300293,
      "edge_encryption_time": 0.02172684669494629,
      "total_edge_encryption_time": 0.019504785537719727,
      "server_aggregation_time": 0.00748133659362793,
      "internal_aggregation_time": 0.00534510612487793,
      "evaluation_time": 0.009001493453979492,
      "clients_processed": 5
    },
    {
      "round": 3,
      "accuracy": 0.847,
      "f1_score": 0.8080301129234629,
      "precision": 0.6778947368421052,
      "recall": 1.0,
      "roc_auc": 0.9999725169021052,
      "pr_auc": 0.999943190425693,
      "mae": 0.499999999998995,
      "rmse": 0.499999999998995,
      "ece": 0.3469999999988964,
      "mce": 0.4999999999989557,
      "round_time": 0.04664039611816406,
      "client_training_time": 0.010724544525146484,
      "edge_encryption_time": 0.02257823944091797,
      "total_edge_encryption_time": 0.017976999282836914,
      "server_aggregation_time": 0.0079803466796875,
      "internal_aggregation_time": 0.005600929260253906,
      "evaluation_time": 0.005357265472412109,
      "clients_processed": 5
    }
  ],
  "final_statistics": {
    "final_accuracy": 0.847,
    "best_accuracy": 0.852,
    "total_time": 1.9775207042694092,
    "avg_round_time": 0.04653159777323405,
    "avg_client_training_time": 0.00929117202758789,
    "avg_edge_encryption_time": 0.019076983133951824,
    "avg_server_aggregation_time": 0.007322549819946289,
    "avg_internal_aggregation_time": 0.00509945551554362,
    "avg_evaluation_time": 0.007041056950887044
  },
  "timing_statistics": {
    "total_client_training_time": 0.027873516082763672,
    "total_edge_encryption_time": 0.05723094940185547,
    "total_server_aggregation_time": 0.021967649459838867,
    "total_internal_aggregation_time": 0.01529836654663086,
    "total_evaluation_time": 0.021123170852661133,
    "total_time": 1.9775207042694092,
    "avg_round_time": 0.04653159777323405,
    "avg_client_training_time": 0.00929117202758789,
    "avg_edge_encryption_time": 0.019076983133951824,
    "avg_server_aggregation_time": 0.007322549819946289,
    "avg_internal_aggregation_time": 0.00509945551554362,
    "avg_evaluation_time": 0.007041056950887044
  },
  "architecture": {
    "clients": 5,
    "edge_devices": 5,
    "cloud_servers": 1,
    "data_flow": "Client \u2192 Edge \u2192 Cloud \u2192 Edge \u2192 Client"
  }
}