{
  "timestamp": "20250919_004940",
  "configuration": {
    "rounds": 10,
    "clients": 50,
    "batch_size": 2,
    "max_workers": 2,
    "target": "85%+ Accuracy"
  },
  "round_results": [
    {
      "round": 1,
      "accuracy": 0.451,
      "f1_score": 0.5600961538461539,
      "precision": 0.42809897109260164,
      "recall": 0.8097775718257646,
      "auc": 0.4940958686692855,
      "pr_auc": 0.428691878928095,
      "ece": 0.4690034137751183,
      "mce": 0.571891922353543,
      "mae": 0.5490182829562533,
      "rmse": 0.740946509271533,
      "smartwatch_training_time": 0.15552310005296022,
      "edge_encryption_time": 15.449863199959509,
      "server_aggregation_time": 0.0409663999453187,
      "global_update_time": 0.003496799967251718,
      "evaluation_time": 0.018307300051674247,
      "round_time": 15.681780338287354,
      "total_time": 15.681780338287354,
      "best_accuracy": 0.451,
      "improvement": 0.451,
      "clients_processed": 50,
      "weight_l2": 122.80769670568613,
      "bias": 11.696351312182241
    },
    {
      "round": 2,
      "accuracy": 0.4542,
      "f1_score": 0.5429576285379334,
      "precision": 0.4251245738263834,
      "recall": 0.7511584800741428,
      "auc": 0.48977109379432954,
      "pr_auc": 0.42668107397995825,
      "ece": 0.4401109181308984,
      "mce": 0.7865102549270888,
      "mae": 0.5458109181310228,
      "rmse": 0.7387640161086959,
      "smartwatch_training_time": 0.15995929995551705,
      "edge_encryption_time": 15.657864800072275,
      "server_aggregation_time": 0.04736849991604686,
      "global_update_time": 0.007227600086480379,
      "evaluation_time": 0.02316019998397678,
      "round_time": 16.012428283691406,
      "total_time": 16.012428283691406,
      "best_accuracy": 0.4542,
      "improvement": 0.0031999999999999806,
      "clients_processed": 50,
      "weight_l2": 125.71051049300516,
      "bias": 14.959565515678698
    },
    {
      "round": 3,
      "accuracy": 0.4408,
      "f1_score": 0.5938407902382336,
      "precision": 0.4325010579771477,
      "recall": 0.9471733086190918,
      "auc": 0.5017276924511775,
      "pr_auc": 0.43245411482653484,
      "ece": 0.5366999999999779,
      "mce": 0.5674989420228522,
      "mae": 0.5591999999999779,
      "rmse": 0.7477967638335672,
      "smartwatch_training_time": 0.1672715999884531,
      "edge_encryption_time": 15.84242500003893,
      "server_aggregation_time": 0.03808059997390956,
      "global_update_time": 0.010981900035403669,
      "evaluation_time": 0.0313081000931561,
      "round_time": 16.22476577758789,
      "total_time": 16.22476577758789,
      "best_accuracy": 0.4542,
      "improvement": -0.013399999999999967,
      "clients_processed": 50,
      "weight_l2": 126.56070232931793,
      "bias": 16.58599485182375
    },
    {
      "round": 4,
      "accuracy": 0.5684,
      "f1_score": 0.0,
      "precision": 0.0,
      "recall": 0.0,
      "auc": 0.5,
      "pr_auc": 0.4316,
      "ece": 0,
      "mce": 0,
      "mae": 0.4316,
      "rmse": 0.6569627082262737,
      "smartwatch_training_time": 0.18701260001398623,
      "edge_encryption_time": 15.718505299999379,
      "server_aggregation_time": 0.040041100000962615,
      "global_update_time": 0.006773400004021823,
      "evaluation_time": 0.024487399961799383,
      "round_time": 16.078497886657715,
      "total_time": 16.078497886657715,
      "best_accuracy": 0.5684,
      "improvement": 0.1276,
      "clients_processed": 50,
      "weight_l2": 108.92417143109685,
      "bias": 5.39617464154272
    },
    {
      "round": 5,
      "accuracy": 0.4316,
      "f1_score": 0.6029617211511595,
      "precision": 0.4316,
      "recall": 1.0,
      "auc": 0.5,
      "pr_auc": 0.4316,
      "ece": 0.5684,
      "mce": 0.5684,
      "mae": 0.5684,
      "rmse": 0.7539230729988305,
      "smartwatch_training_time": 0.1582622000714764,
      "edge_encryption_time": 15.67473530001007,
      "server_aggregation_time": 0.048946999944746494,
      "global_update_time": 0.006806100020185113,
      "evaluation_time": 0.027428000001236796,
      "round_time": 16.06593942642212,
      "total_time": 16.06593942642212,
      "best_accuracy": 0.5684,
      "improvement": -0.13680000000000003,
      "clients_processed": 50,
      "weight_l2": 119.09924421029969,
      "bias": 31.410107336090434
    },
    {
      "round": 6,
      "accuracy": 0.4316,
      "f1_score": 0.6029617211511595,
      "precision": 0.4316,
      "recall": 1.0,
      "auc": 0.5,
      "pr_auc": 0.4316,
      "ece": 0.5684,
      "mce": 0.5684,
      "mae": 0.5684,
      "rmse": 0.7539230729988305,
      "smartwatch_training_time": 0.17113719996996224,
      "edge_encryption_time": 16.103546499973163,
      "server_aggregation_time": 0.04501540004275739,
      "global_update_time": 0.007804399938322604,
      "evaluation_time": 0.024526699911803007,
      "round_time": 16.47115135192871,
      "total_time": 16.47115135192871,
      "best_accuracy": 0.5684,
      "improvement": 0.0,
      "clients_processed": 50,
      "weight_l2": 136.67411641109894,
      "bias": -7.7545027058496485
    },
    {
      "round": 7,
      "accuracy": 0.5684,
      "f1_score": 0.0,
      "precision": 0.0,
      "recall": 0.0,
      "auc": 0.5,
      "pr_auc": 0.4316,
      "ece": 0,
      "mce": 0,
      "mae": 0.4316,
      "rmse": 0.6569627082262737,
      "smartwatch_training_time": 0.2636113000335172,
      "edge_encryption_time": 14.774314100039192,
      "server_aggregation_time": 0.04017960000783205,
      "global_update_time": 0.005568500026129186,
      "evaluation_time": 0.019455399946309626,
      "round_time": 15.204271078109741,
      "total_time": 15.204271078109741,
      "best_accuracy": 0.5684,
      "improvement": 0.13680000000000003,
      "clients_processed": 50,
      "weight_l2": 133.58878787656138,
      "bias": -14.835678300776767
    },
    {
      "round": 8,
      "accuracy": 0.5685,
      "f1_score": 0.0009261403102570039,
      "precision": 0.6666666666666666,
      "recall": 0.0004633920296570899,
      "auc": 0.5003753850458402,
      "pr_auc": 0.4318680568427556,
      "ece": 0.00030000000000000003,
      "mce": 1.0,
      "mae": 0.4315,
      "rmse": 0.6568865959965997,
      "smartwatch_training_time": 0.15341789997182786,
      "edge_encryption_time": 15.459904699935578,
      "server_aggregation_time": 0.04826189996674657,
      "global_update_time": 0.007337299990467727,
      "evaluation_time": 0.021810000063851476,
      "round_time": 15.817581176757812,
      "total_time": 15.817581176757812,
      "best_accuracy": 0.5685,
      "improvement": 9.999999999998899e-05,
      "clients_processed": 50,
      "weight_l2": 133.55582896901737,
      "bias": 36.333811837249115
    },
    {
      "round": 9,
      "accuracy": 0.4316,
      "f1_score": 0.6029617211511595,
      "precision": 0.4316,
      "recall": 1.0,
      "auc": 0.5,
      "pr_auc": 0.4316,
      "ece": 0.5684,
      "mce": 0.5684,
      "mae": 0.5684,
      "rmse": 0.7539230729988305,
      "smartwatch_training_time": 0.19560940004885197,
      "edge_encryption_time": 15.779524100013077,
      "server_aggregation_time": 0.04245269997045398,
      "global_update_time": 0.007088300073519349,
      "evaluation_time": 0.02680970006622374,
      "round_time": 16.17298674583435,
      "total_time": 16.17298674583435,
      "best_accuracy": 0.5685,
      "improvement": -0.13690000000000002,
      "clients_processed": 50,
      "weight_l2": 141.68504572678677,
      "bias": 2.3972240743046997
    },
    {
      "round": 10,
      "accuracy": 0.5765,
      "f1_score": 0.14392561148170607,
      "precision": 0.5641838351822503,
      "recall": 0.082483781278962,
      "auc": 0.5192130170114769,
      "pr_auc": 0.4441721672577609,
      "ece": 0.03201658168869265,
      "mce": 0.5696202524704678,
      "mae": 0.4235165816978144,
      "rmse": 0.6507708886496923,
      "smartwatch_training_time": 0.16310879995580763,