{
  "timestamp": "20250919_002644",
  "configuration": {
    "rounds": 10,
    "clients": 5,
    "batch_size": 2,
    "max_workers": 2,
    "target": "85%+ Accuracy"
  },
  "round_results": [
    {
      "round": 1,
      "accuracy": 0.687,
      "f1_score": 0.0712166172106825,
      "precision": 0.8,
      "recall": 0.037267080745341616,
      "auc": 0.5164211509921399,
      "pr_auc": 0.33981366459627327,
      "ece": 0.002999999999999999,
      "mce": 0.19999999999999996,
      "mae": 0.313,
      "rmse": 0.5594640292279746,
      "smartwatch_training_time": 0.020063600037246943,
      "edge_encryption_time": 1.4925203999737278,
      "server_aggregation_time": 0.008810099912807345,
      "global_update_time": 0.00627920008264482,
      "evaluation_time": 0.014631800004281104,
      "round_time": 1.5427312850952148,
      "total_time": 1.5427312850952148,
      "best_accuracy": 0.687,
      "improvement": 0.687,
      "clients_processed": 5
    },
    {
      "round": 2,
      "accuracy": 0.678,
      "f1_score": 0.0,
      "precision": 0.0,
      "recall": 0.0,
      "auc": 0.5,
      "pr_auc": 0.322,
      "ece": 0,
      "mce": 0,
      "mae": 0.322,
      "rmse": 0.5674504383644443,
      "smartwatch_training_time": 0.01889659999869764,
      "edge_encryption_time": 1.4802715999539942,
      "server_aggregation_time": 0.007984600029885769,
      "global_update_time": 0.004810999962501228,
      "evaluation_time": 0.014533199951983988,
      "round_time": 1.534862756729126,
      "total_time": 1.534862756729126,
      "best_accuracy": 0.687,
      "improvement": -0.009000000000000008,
      "clients_processed": 5
    },
    {
      "round": 3,
      "accuracy": 0.678,
      "f1_score": 0.0,
      "precision": 0.0,
      "recall": 0.0,
      "auc": 0.5,
      "pr_auc": 0.322,
      "ece": 0,
      "mce": 0,
      "mae": 0.322,
      "rmse": 0.5674504383644443,
      "smartwatch_training_time": 0.01946250000037253,
      "edge_encryption_time": 1.453455000068061,
      "server_aggregation_time": 0.005056199966929853,
      "global_update_time": 0.007530000060796738,
      "evaluation_time": 0.012719199992716312,
      "round_time": 1.509474515914917,
      "total_time": 1.509474515914917,
      "best_accuracy": 0.687,
      "improvement": 0.0,
      "clients_processed": 5
    },
    {
      "round": 4,
      "accuracy": 0.812,
      "f1_score": 0.6299212598425197,
      "precision": 0.8602150537634409,
      "recall": 0.4968944099378882,
      "auc": 0.729273163671009,
      "pr_auc": 0.5894360515594737,
      "ece": 0.026,
      "mce": 0.13978494623655913,
      "mae": 0.188,
      "rmse": 0.433589667773576,
      "smartwatch_training_time": 0.022219899925403297,
      "edge_encryption_time": 1.5059593999758363,
      "server_aggregation_time": 0.003943699994124472,
      "global_update_time": 0.004574599908664823,
      "evaluation_time": 0.012478799908421934,
      "round_time": 1.557884931564331,
      "total_time": 1.557884931564331,
      "best_accuracy": 0.812,
      "improvement": 0.134,
      "clients_processed": 5
    },
    {
      "round": 5,
      "accuracy": 0.322,
      "f1_score": 0.48714069591527986,
      "precision": 0.322,
      "recall": 1.0,
      "auc": 0.5,
      "pr_auc": 0.322,
      "ece": 0.6779999999999999,
      "mce": 0.6779999999999999,
      "mae": 0.678,
      "rmse": 0.8234075540095561,
      "smartwatch_training_time": 0.01718649989925325,
      "edge_encryption_time": 1.4544073999859393,
      "server_aggregation_time": 0.004638099926523864,
      "global_update_time": 0.00666119996458292,
      "evaluation_time": 0.011327199987135828,
      "round_time": 1.5042545795440674,
      "total_time": 1.5042545795440674,
      "best_accuracy": 0.812,
      "improvement": -0.49000000000000005,
      "clients_processed": 5
    },
    {
      "round": 6,
      "accuracy": 0.678,
      "f1_score": 0.0,
      "precision": 0.0,
      "recall": 0.0,
      "auc": 0.5,
      "pr_auc": 0.322,
      "ece": 0,
      "mce": 0,
      "mae": 0.322,
      "rmse": 0.5674504383644443,
      "smartwatch_training_time": 0.018593300017528236,
      "edge_encryption_time": 1.4822809000033885,
      "server_aggregation_time": 0.004005399998277426,
      "global_update_time": 0.004048599977977574,
      "evaluation_time": 0.012328300043009222,
      "round_time": 1.5267443656921387,
      "total_time": 1.5267443656921387,
      "best_accuracy": 0.812,
      "improvement": 0.35600000000000004,
      "clients_processed": 5
    },
    {
      "round": 7,
      "accuracy": 0.678,
      "f1_score": 0.0,
      "precision": 0.0,
      "recall": 0.0,
      "auc": 0.5,
      "pr_auc": 0.322,
      "ece": 0,
      "mce": 0,
      "mae": 0.322,
      "rmse": 0.5674504383644443,
      "smartwatch_training_time": 0.01676470006350428,
      "edge_encryption_time": 1.4430712000466883,
      "server_aggregation_time": 0.005359099945053458,
      "global_update_time": 0.00787350011523813,
      "evaluation_time": 0.012765699997544289,
      "round_time": 1.4974796772003174,
      "total_time": 1.4974796772003174,
      "best_accuracy": 0.812,
      "improvement": 0.0,
      "clients_processed": 5
    },
    {
      "round": 8,
      "accuracy": 0.322,
      "f1_score": 0.48714069591527986,
      "precision": 0.322,
      "recall": 1.0,
      "auc": 0.5,
      "pr_auc": 0.322,
      "ece": 0.6779999999999999,
      "mce": 0.6779999999999999,
      "mae": 0.678,
      "rmse": 0.8234075540095561,
      "smartwatch_training_time": 0.013991600018925965,
      "edge_encryption_time": 1.485315699945204,
      "server_aggregation_time": 0.00790129997767508,
      "global_update_time": 0.005516800098121166,
      "evaluation_time": 0.012770199915394187,
      "round_time": 1.5384242534637451,
      "total_time": 1.5384242534637451,
      "best_accuracy": 0.812,
      "improvement": -0.35600000000000004,
      "clients_processed": 5
    },
    {
      "round": 9,
      "accuracy": 0.744,
      "f1_score": 0.6981132075471698,
      "precision": 0.5627376425855514,
      "recall": 0.9192546583850931,
      "auc": 0.7903268656442953,
      "pr_auc": 0.544032959260916,
      "ece": 0.23099999999999998,
      "mce": 0.43726235741444863,
      "mae": 0.256,
      "rmse": 0.5059644256269407,
      "smartwatch_training_time": 0.01951420004479587,
      "edge_encryption_time": 1.5068016999866813,
      "server_aggregation_time": 0.008022499969229102,
      "global_update_time": 0.005987900076434016,
      "evaluation_time": 0.014361000037752092,
      "round_time": 1.561931848526001,
      "total_time": 1.561931848526001,
      "best_accuracy": 0.812,
      "improvement": 0.422,
      "clients_processed": 5
    },
    {
      "round": 10,
      "accuracy": 0.322,
      "f1_score": 0.48714069591527986,
      "precision": 0.322,
      "recall": 1.0,
      "auc": 0.5,
      "pr_auc": 0.322,
      "ece": 0.6779999999999999,
      "mce": 0.6779999999999999,
      "mae": 0.678,
      "rmse": 0.8234075540095561,
      "smartwatch_training_time": 0.018246500054374337,
      "edge_encryption_time": 1.4454950999934226,
      "server_aggregation_time": 0.008143799961544573,
      "global_update_time": 0.005069299950264394,
      "evaluation_time": 0.015344300074502826,
      "round_time": 1.5016214847564697,
      "total_time": 1.5016214847564697,
      "best_accuracy": 0.812,
      "improvement": -0.422,
      "clients_processed": 5
    }
  ],
  "final_statistics": {
    "avg_accuracy": 0.5921000000000001,
    "avg_f1_score": 0.28606731723462114,
    "avg_precision": 0.3188952696348992,
    "avg_recall": 0.4453416149068323,
    "avg_auc": 0.5536021180307444,
    "final_accuracy": 0.322,
    "best_accuracy": 0.812,
    "accuracy_std": 0.18133198835285516,
    "avg_smartwatch_training_time": 0.018493940006010234,
    "avg_edge_encryption_time": 1.4749578399932943,
    "avg_server_aggregation_time": 0.006386479968205095,
    "avg_evaluation_time": 0.013325969991274177,