{
  "timestamp": "20250918_222618",
  "configuration": {
    "rounds": 5,
    "clients": 5,
    "batch_size": 2,
    "max_workers": 2,
    "target": "85%+ Accuracy"
  },
  "round_results": [
    {
      "round": 1,
      "accuracy": 0.678,
      "f1_score": 0.0,
      "precision": 0.0,
      "recall": 0.0,
      "auc": 0.5,
      "pr_auc": 0.322,
      "ece": 0,
      "mce": 0,
      "mae": 0.322,
      "rmse": 0.5674504383644443,
      "smartwatch_training_time": 0.06574160000309348,
      "edge_encryption_time": 6.462227800046094,
      "server_aggregation_time": 0.054437900078482926,
      "global_update_time": 0.013496899977326393,
      "evaluation_time": 0.06936129997484386,
      "round_time": 6.671635150909424,
      "total_time": 6.671635150909424,
      "best_accuracy": 0.678,
      "improvement": 0.678,
      "clients_processed": 5
    },
    {
      "round": 2,
      "accuracy": 0.678,
      "f1_score": 0.0,
      "precision": 0.0,
      "recall": 0.0,
      "auc": 0.5,
      "pr_auc": 0.322,
      "ece": 0,
      "mce": 0,
      "mae": 0.322,
      "rmse": 0.5674504383644443,
      "smartwatch_training_time": 0.05879520007874817,
      "edge_encryption_time": 6.6822714000009,
      "server_aggregation_time": 0.015188900055363774,
      "global_update_time": 0.018363500013947487,
      "evaluation_time": 0.04419170005712658,
      "round_time": 6.869532585144043,
      "total_time": 6.869532585144043,
      "best_accuracy": 0.678,
      "improvement": 0.0,
      "clients_processed": 5
    },
    {
      "round": 3,
      "accuracy": 0.678,
      "f1_score": 0.0,
      "precision": 0.0,
      "recall": 0.0,
      "auc": 0.5,
      "pr_auc": 0.322,
      "ece": 0,
      "mce": 0,
      "mae": 0.322,
      "rmse": 0.5674504383644443,
      "smartwatch_training_time": 0.06482989992946386,
      "edge_encryption_time": 6.265867899986915,
      "server_aggregation_time": 0.02197519992478192,
      "global_update_time": 0.01317729998845607,
      "evaluation_time": 0.060746400034986436,
      "round_time": 6.458040237426758,
      "total_time": 6.458040237426758,
      "best_accuracy": 0.678,
      "improvement": 0.0,
      "clients_processed": 5
    },
    {
      "round": 4,
      "accuracy": 0.322,
      "f1_score": 0.48714069591527986,
      "precision": 0.322,
      "recall": 1.0,
      "auc": 0.5,
      "pr_auc": 0.322,
      "ece": 0.6779999999999999,
      "mce": 0.6779999999999999,
      "mae": 0.678,
      "rmse": 0.8234075540095561,
      "smartwatch_training_time": 0.05916759988758713,
      "edge_encryption_time": 6.251954199979082,
      "server_aggregation_time": 0.03601769998203963,
      "global_update_time": 0.019253000034950674,
      "evaluation_time": 0.05509679997339845,
      "round_time": 6.4496777057647705,
      "total_time": 6.4496777057647705,
      "best_accuracy": 0.678,
      "improvement": -0.35600000000000004,
      "clients_processed": 5
    },
    {
      "round": 5,
      "accuracy": 0.162,
      "f1_score": 0.1784313725490196,
      "precision": 0.1303724928366762,
      "recall": 0.2826086956521739,
      "auc": 0.194477271478041,
      "pr_auc": 0.26492655274196464,
      "ece": 0.612,
      "mce": 1.0,
      "mae": 0.838,
      "rmse": 0.9154233993076646,
      "smartwatch_training_time": 0.05659860000014305,
      "edge_encryption_time": 6.551945599960163,
      "server_aggregation_time": 0.025822499999776483,
      "global_update_time": 0.026232900097966194,
      "evaluation_time": 0.07851889997255057,
      "round_time": 6.771560907363892,
      "total_time": 6.771560907363892,
      "best_accuracy": 0.678,
      "improvement": -0.16,
      "clients_processed": 5
    }
  ],
  "final_statistics": {
    "avg_accuracy": 0.5036,
    "avg_f1_score": 0.1331144136928599,
    "avg_precision": 0.09047449856733525,
    "avg_recall": 0.25652173913043474,
    "avg_auc": 0.43889545429560817,
    "final_accuracy": 0.162,
    "best_accuracy": 0.678,
    "accuracy_std": 0.2195063552610721,
    "avg_smartwatch_training_time": 0.061026579979807136,
    "avg_edge_encryption_time": 6.442853379994631,
    "avg_server_aggregation_time": 0.030688440008088947,
    "avg_evaluation_time": 0.06158302000258118,
    "avg_round_time": 6.644089317321777,
    "total_time": 33.22044658660889,
    "convergence_rate": -0.129,
    "stability_score": 0.7804936447389279,
    "target_achievement": false
  },
  "performance_summary": {
    "initial_accuracy": 0.678,
    "final_accuracy": 0.162,
    "best_accuracy": 0.678,
    "total_improvement": 0.0,
    "rounds_completed": 5,
    "target_achieved": false
  }
}