{
  "timestamp": "20250919_003005",
  "configuration": {
    "rounds": 10,
    "clients": 5,
    "batch_size": 2,
    "max_workers": 2,
    "target": "85%+ Accuracy"
  },
  "round_results": [
    {
      "round": 1,
      "accuracy": 0.322,
      "f1_score": 0.48714069591527986,
      "precision": 0.322,
      "recall": 1.0,
      "auc": 0.5,
      "pr_auc": 0.322,
      "ece": 0.6779999999999999,
      "mce": 0.6779999999999999,
      "mae": 0.678,
      "rmse": 0.8234075540095561,
      "smartwatch_training_time": 0.013485300005413592,
      "edge_encryption_time": 1.6468571000732481,
      "server_aggregation_time": 0.005768300034105778,
      "global_update_time": 0.0037955999141559005,
      "evaluation_time": 0.017519499990157783,
      "round_time": 1.688356876373291,
      "total_time": 1.688356876373291,
      "best_accuracy": 0.322,
      "improvement": 0.322,
      "clients_processed": 5
    },
    {
      "round": 2,
      "accuracy": 0.678,
      "f1_score": 0.0,
      "precision": 0.0,
      "recall": 0.0,
      "auc": 0.5,
      "pr_auc": 0.322,
      "ece": 0,
      "mce": 0,
      "mae": 0.322,
      "rmse": 0.5674504383644443,
      "smartwatch_training_time": 0.017196599976159632,
      "edge_encryption_time": 1.6052068999269977,
      "server_aggregation_time": 0.004457799950614572,
      "global_update_time": 0.008915300015360117,
      "evaluation_time": 0.009201399981975555,
      "round_time": 1.6592862606048584,
      "total_time": 1.6592862606048584,
      "best_accuracy": 0.678,
      "improvement": 0.35600000000000004,
      "clients_processed": 5
    },
    {
      "round": 3,
      "accuracy": 0.777,
      "f1_score": 0.5162689804772235,
      "precision": 0.8561151079136691,
      "recall": 0.3695652173913043,
      "auc": 0.6755872221916854,
      "pr_auc": 0.5259819498987072,
      "ece": 0.024,
      "mce": 0.8,
      "mae": 0.223,
      "rmse": 0.4722287581247038,
      "smartwatch_training_time": 0.014913200051523745,
      "edge_encryption_time": 1.5657513999613002,
      "server_aggregation_time": 0.004242399940267205,
      "global_update_time": 0.008189299958758056,
      "evaluation_time": 0.00929269997868687,
      "round_time": 1.6154284477233887,
      "total_time": 1.6154284477233887,
      "best_accuracy": 0.777,
      "improvement": 0.09899999999999998,
      "clients_processed": 5
    },
    {
      "round": 4,
      "accuracy": 0.326,
      "f1_score": 0.48861911987860396,
      "precision": 0.3232931726907631,
      "recall": 1.0,
      "auc": 0.5029498525073746,
      "pr_auc": 0.3232931726907631,
      "ece": 0.6739999999999999,
      "mce": 0.6767068273092369,
      "mae": 0.674,
      "rmse": 0.8209750300709517,
      "smartwatch_training_time": 0.015557500068098307,
      "edge_encryption_time": 1.5693406999344006,
      "server_aggregation_time": 0.005065000033937395,
      "global_update_time": 0.007865600055083632,
      "evaluation_time": 0.009996099979616702,
      "round_time": 1.620110273361206,
      "total_time": 1.620110273361206,
      "best_accuracy": 0.777,
      "improvement": -0.451,
      "clients_processed": 5
    },
    {
      "round": 5,
      "accuracy": 0.316,
      "f1_score": 0.47865853658536583,
      "precision": 0.31717171717171716,
      "recall": 0.9751552795031055,
      "auc": 0.4890617270378717,
      "pr_auc": 0.31726810039048586,
      "ece": 0.6779999999999999,
      "mce": 1.0,
      "mae": 0.684,
      "rmse": 0.8270429251254133,
      "smartwatch_training_time": 0.015792799997143447,
      "edge_encryption_time": 1.5792596999090165,
      "server_aggregation_time": 0.0042554999236017466,
      "global_update_time": 0.007481000036932528,
      "evaluation_time": 0.009610199951566756,
      "round_time": 1.6279587745666504,
      "total_time": 1.6279587745666504,
      "best_accuracy": 0.777,
      "improvement": -0.010000000000000009,
      "clients_processed": 5
    },
    {
      "round": 6,
      "accuracy": 0.785,
      "f1_score": 0.5454545454545454,
      "precision": 0.8543046357615894,
      "recall": 0.40062111801242234,
      "auc": 0.6847093204345993,
      "pr_auc": 0.5369085750656515,
      "ece": 0.022999999999895465,
      "mce": 0.33333333329848985,
      "mae": 0.21499999999989547,
      "rmse": 0.46368092477455974,
      "smartwatch_training_time": 0.014351299963891506,
      "edge_encryption_time": 1.5635572000173852,
      "server_aggregation_time": 0.005592599976807833,
      "global_update_time": 0.004628599970601499,
      "evaluation_time": 0.012016699998639524,
      "round_time": 1.6106271743774414,
      "total_time": 1.6106271743774414,
      "best_accuracy": 0.785,
      "improvement": 0.46900000000000003,
      "clients_processed": 5
    },
    {
      "round": 7,
      "accuracy": 0.322,
      "f1_score": 0.48714069591527986,
      "precision": 0.322,
      "recall": 1.0,
      "auc": 0.5,
      "pr_auc": 0.322,
      "ece": 0.6779999999999999,
      "mce": 0.6779999999999999,
      "mae": 0.678,
      "rmse": 0.8234075540095561,
      "smartwatch_training_time": 0.015218200045637786,
      "edge_encryption_time": 1.5830183000070974,
      "server_aggregation_time": 0.0068177999928593636,
      "global_update_time": 0.004898000042885542,
      "evaluation_time": 0.013661899953149259,
      "round_time": 1.6320810317993164,
      "total_time": 1.6320810317993164,
      "best_accuracy": 0.785,
      "improvement": -0.463,
      "clients_processed": 5
    },
    {
      "round": 8,
      "accuracy": 0.678,
      "f1_score": 0.0,
      "precision": 0.0,
      "recall": 0.0,
      "auc": 0.5,
      "pr_auc": 0.322,
      "ece": 0,
      "mce": 0,
      "mae": 0.322,
      "rmse": 0.5674504383644443,
      "smartwatch_training_time": 0.018654999905265868,
      "edge_encryption_time": 1.7001544000813738,
      "server_aggregation_time": 0.004343900014646351,
      "global_update_time": 0.004695100011304021,
      "evaluation_time": 0.011456500040367246,
      "round_time": 1.7497239112854004,
      "total_time": 1.7497239112854004,
      "best_accuracy": 0.785,
      "improvement": 0.35600000000000004,
      "clients_processed": 5
    },
    {
      "round": 9,
      "accuracy": 0.678,
      "f1_score": 0.0,
      "precision": 0.0,
      "recall": 0.0,
      "auc": 0.5,
      "pr_auc": 0.322,
      "ece": 0,
      "mce": 0,
      "mae": 0.322,
      "rmse": 0.5674504383644443,
      "smartwatch_training_time": 0.016580199939198792,
      "edge_encryption_time": 1.5587025999557227,
      "server_aggregation_time": 0.009424100047908723,
      "global_update_time": 0.010587999946437776,
      "evaluation_time": 0.01618220005184412,
      "round_time": 1.6263651847839355,
      "total_time": 1.6263651847839355,
      "best_accuracy": 0.785,
      "improvement": 0.0,
      "clients_processed": 5
    },
    {
      "round": 10,
      "accuracy": 0.329,
      "f1_score": 0.47619047619047616,
      "precision": 0.3180396246089677,
      "recall": 0.9472049689440993,
      "auc": 0.4913015995162975,
      "pr_auc": 0.31824871275073024,
      "ece": 0.654,
      "mce": 0.6819603753910324,
      "mae": 0.671,
      "rmse": 0.8191458966508958,
      "smartwatch_training_time": 0.017750099999830127,
      "edge_encryption_time": 1.5482679000124335,
      "server_aggregation_time": 0.00617250008508563,
      "global_update_time": 0.005783100030384958,
      "evaluation_time": 0.01220110000576824,
      "round_time": 1.596369981765747,
      "total_time": 1.596369981765747,
      "best_accuracy": 0.785,
      "improvement": -0.34900000000000003,
      "clients_processed": 5
    }
  ],
  "final_statistics": {
    "avg_accuracy": 0.5210999999999999,
    "avg_f1_score": 0.3479473050416774,
    "avg_precision": 0.33129242581467067,
    "avg_recall": 0.5692546583850933,
    "avg_auc": 0.5343609721687829,
    "final_accuracy": 0.329,
    "best_accuracy": 0.785,
    "accuracy_std": 0.20131937313631793,