{
  "timestamp": "20250919_002552",
  "configuration": {
    "rounds": 5,
    "clients": 5,
    "batch_size": 2,
    "max_workers": 2,
    "target": "85%+ Accuracy"
  },
  "round_results": [
    {
      "round": 1,
      "accuracy": 0.374,
      "f1_score": 0.12078651685393259,
      "precision": 0.11025641025641025,
      "recall": 0.13354037267080746,
      "auc": 0.3073503545319628,
      "pr_auc": 0.29314551652977966,
      "ece": 0.3478152443898584,
      "mce": 0.889460154235883,
      "mae": 0.6258152443898585,
      "rmse": 0.7909896481082209,
      "smartwatch_training_time": 0.01770919992122799,
      "edge_encryption_time": 1.5481624000240117,
      "server_aggregation_time": 0.007882599951699376,
      "global_update_time": 0.004787300014868379,
      "evaluation_time": 0.012733899988234043,
      "round_time": 1.593815803527832,
      "total_time": 1.593815803527832,
      "best_accuracy": 0.374,
      "improvement": 0.374,
      "clients_processed": 5
    },
    {
      "round": 2,
      "accuracy": 0.73,
      "f1_score": 0.2894736842105263,
      "precision": 0.9482758620689655,
      "recall": 0.17080745341614906,
      "auc": 0.5878291100972902,
      "pr_auc": 0.4348234305226619,
      "ece": 0.0059999995443712935,
      "mce": 0.9999998481237647,
      "mae": 0.2699999995443713,
      "rmse": 0.5196152413938055,
      "smartwatch_training_time": 0.024266500025987625,
      "edge_encryption_time": 1.5464209000347182,
      "server_aggregation_time": 0.0040735999355092645,
      "global_update_time": 0.0073244000086560845,
      "evaluation_time": 0.01578350004274398,
      "round_time": 1.606022834777832,
      "total_time": 1.606022834777832,
      "best_accuracy": 0.73,
      "improvement": 0.356,
      "clients_processed": 5
    },
    {
      "round": 3,
      "accuracy": 0.248,
      "f1_score": 0.37333333333333335,
      "precision": 0.255125284738041,
      "recall": 0.6956521739130435,
      "auc": 0.3649091225562946,
      "pr_auc": 0.27527250186181057,
      "ece": 0.655,
      "mce": 0.744874715261959,
      "mae": 0.752,
      "rmse": 0.867179335547152,
      "smartwatch_training_time": 0.016577999922446907,
      "edge_encryption_time": 1.513664499972947,
      "server_aggregation_time": 0.005664999946020544,
      "global_update_time": 0.00735470000654459,
      "evaluation_time": 0.012397199985571206,
      "round_time": 1.5585627555847168,
      "total_time": 1.5585627555847168,
      "best_accuracy": 0.73,
      "improvement": -0.482,
      "clients_processed": 5
    },
    {
      "round": 4,
      "accuracy": 0.678,
      "f1_score": 0.0,
      "precision": 0.0,
      "recall": 0.0,
      "auc": 0.5,
      "pr_auc": 0.322,
      "ece": 0,
      "mce": 0,
      "mae": 0.322,
      "rmse": 0.5674504383644443,
      "smartwatch_training_time": 0.017767000012099743,
      "edge_encryption_time": 1.4958369999658316,
      "server_aggregation_time": 0.008981899940408766,
      "global_update_time": 0.0063943000277504325,
      "evaluation_time": 0.014668099931441247,
      "round_time": 1.5538444519042969,
      "total_time": 1.5538444519042969,
      "best_accuracy": 0.73,
      "improvement": 0.43000000000000005,
      "clients_processed": 5
    },
    {
      "round": 5,
      "accuracy": 0.678,
      "f1_score": 0.0,
      "precision": 0.0,
      "recall": 0.0,
      "auc": 0.5,
      "pr_auc": 0.322,
      "ece": 0,
      "mce": 0,
      "mae": 0.322,
      "rmse": 0.5674504383644443,
      "smartwatch_training_time": 0.01853510004002601,
      "edge_encryption_time": 1.4690198000753298,
      "server_aggregation_time": 0.006249999976716936,
      "global_update_time": 0.008341999957337976,
      "evaluation_time": 0.011857999954372644,
      "round_time": 1.5197546482086182,
      "total_time": 1.5197546482086182,
      "best_accuracy": 0.73,
      "improvement": 0.0,
      "clients_processed": 5
    }
  ],
  "final_statistics": {
    "avg_accuracy": 0.5416000000000001,
    "avg_f1_score": 0.15671870687955844,
    "avg_precision": 0.26273151141268336,
    "avg_recall": 0.2,
    "avg_auc": 0.45201771743710956,
    "final_accuracy": 0.678,
    "best_accuracy": 0.73,
    "accuracy_std": 0.1933883140212976,
    "avg_smartwatch_training_time": 0.018971159984357656,
    "avg_edge_encryption_time": 1.5146209200145677,
    "avg_server_aggregation_time": 0.006570619950070977,
    "avg_evaluation_time": 0.013488139980472625,
    "avg_round_time": 1.5664000988006592,
    "total_time": 7.832000494003296,
    "convergence_rate": 0.07600000000000001,
    "stability_score": 0.8066116859787024,
    "target_achievement": false
  },
  "performance_summary": {
    "initial_accuracy": 0.374,
    "final_accuracy": 0.678,
    "best_accuracy": 0.73,
    "total_improvement": 0.356,
    "rounds_completed": 5,
    "target_achieved": false
  }
}