{
  "timestamp": "20250918_223054",
  "configuration": {
    "rounds": 10,
    "clients": 5,
    "batch_size": 2,
    "max_workers": 2,
    "target": "85%+ Accuracy"
  },
  "round_results": [
    {
      "round": 1,
      "accuracy": 0.678,
      "f1_score": 0.0,
      "precision": 0.0,
      "recall": 0.0,
      "auc": 0.5,
      "pr_auc": 0.322,
      "ece": 0,
      "mce": 0,
      "mae": 0.322,
      "rmse": 0.5674504383644443,
      "smartwatch_training_time": 0.017009500064887106,
      "edge_encryption_time": 1.835414900095202,
      "server_aggregation_time": 0.004985199891962111,
      "global_update_time": 0.004358100006356835,
      "evaluation_time": 0.017480999929830432,
      "round_time": 1.8813326358795166,
      "total_time": 1.8813326358795166,
      "best_accuracy": 0.678,
      "improvement": 0.678,
      "clients_processed": 5
    },
    {
      "round": 2,
      "accuracy": 0.678,
      "f1_score": 0.0,
      "precision": 0.0,
      "recall": 0.0,
      "auc": 0.5,
      "pr_auc": 0.322,
      "ece": 0,
      "mce": 0,
      "mae": 0.322,
      "rmse": 0.5674504383644443,
      "smartwatch_training_time": 0.01788419997319579,
      "edge_encryption_time": 5.33184869994875,
      "server_aggregation_time": 0.028441300033591688,
      "global_update_time": 0.02419129991903901,
      "evaluation_time": 0.05576849996577948,
      "round_time": 5.486470460891724,
      "total_time": 5.486470460891724,
      "best_accuracy": 0.678,
      "improvement": 0.0,
      "clients_processed": 5
    },
    {
      "round": 3,
      "accuracy": 0.518,
      "f1_score": 0.02032520325203252,
      "precision": 0.029411764705882353,
      "recall": 0.015527950310559006,
      "auc": 0.3807164843621173,
      "pr_auc": 0.3165619786602924,
      "ece": 0.166,
      "mce": 0.9705882352941176,
      "mae": 0.482,
      "rmse": 0.6942621983083913,
      "smartwatch_training_time": 0.06061789998784661,
      "edge_encryption_time": 6.893729400006123,
      "server_aggregation_time": 0.024002999998629093,
      "global_update_time": 0.0173453000606969,
      "evaluation_time": 0.052351700025610626,
      "round_time": 7.08300518989563,
      "total_time": 7.08300518989563,
      "best_accuracy": 0.678,
      "improvement": -0.16000000000000003,
      "clients_processed": 5
    },
    {
      "round": 4,
      "accuracy": 0.322,
      "f1_score": 0.48714069591527986,
      "precision": 0.322,
      "recall": 1.0,
      "auc": 0.5,
      "pr_auc": 0.322,
      "ece": 0.6779999999999999,
      "mce": 0.6779999999999999,
      "mae": 0.678,
      "rmse": 0.8234075540095561,
      "smartwatch_training_time": 0.06665010005235672,
      "edge_encryption_time": 6.909889700007625,
      "server_aggregation_time": 0.026841300074011087,
      "global_update_time": 0.02341990009881556,
      "evaluation_time": 0.052038899972103536,
      "round_time": 7.112541437149048,
      "total_time": 7.112541437149048,
      "best_accuracy": 0.678,
      "improvement": -0.196,
      "clients_processed": 5
    },
    {
      "round": 5,
      "accuracy": 0.322,
      "f1_score": 0.48714069591527986,
      "precision": 0.322,
      "recall": 1.0,
      "auc": 0.5,
      "pr_auc": 0.322,
      "ece": 0.6779999999999999,
      "mce": 0.6779999999999999,
      "mae": 0.678,
      "rmse": 0.8234075540095561,
      "smartwatch_training_time": 0.07403200003318489,
      "edge_encryption_time": 7.045770499971695,
      "server_aggregation_time": 0.02939319994766265,
      "global_update_time": 0.01905169989913702,
      "evaluation_time": 0.053470600047148764,
      "round_time": 7.254399061203003,
      "total_time": 7.254399061203003,
      "best_accuracy": 0.678,
      "improvement": 0.0,
      "clients_processed": 5
    },
    {
      "round": 6,
      "accuracy": 0.678,
      "f1_score": 0.0,
      "precision": 0.0,
      "recall": 0.0,
      "auc": 0.5,
      "pr_auc": 0.322,
      "ece": 0,
      "mce": 0,
      "mae": 0.322,
      "rmse": 0.5674504383644443,
      "smartwatch_training_time": 0.07014429999981076,
      "edge_encryption_time": 7.102686400059611,
      "server_aggregation_time": 0.02999830001499504,
      "global_update_time": 0.02500090003013611,
      "evaluation_time": 0.06510180002078414,
      "round_time": 7.3298070430755615,
      "total_time": 7.3298070430755615,
      "best_accuracy": 0.678,
      "improvement": 0.35600000000000004,
      "clients_processed": 5
    },
    {
      "round": 7,
      "accuracy": 0.335,
      "f1_score": 0.4904214559386973,
      "precision": 0.32553407934893186,
      "recall": 0.9937888198757764,
      "auc": 0.5079884204547537,
      "pr_auc": 0.3255252326206625,
      "ece": 0.6639999999999999,
      "mce": 0.6744659206510681,
      "mae": 0.665,
      "rmse": 0.8154753215150046,
      "smartwatch_training_time": 0.08719869994092733,
      "edge_encryption_time": 7.722374300006777,
      "server_aggregation_time": 0.02952250000089407,
      "global_update_time": 0.022933200001716614,
      "evaluation_time": 0.062340799951925874,
      "round_time": 7.95641565322876,
      "total_time": 7.95641565322876,
      "best_accuracy": 0.678,
      "improvement": -0.343,
      "clients_processed": 5
    },
    {
      "round": 8,
      "accuracy": 0.843,
      "f1_score": 0.7140255009107468,
      "precision": 0.8634361233480177,
      "recall": 0.6086956521739131,
      "auc": 0.7900795177632423,
      "pr_auc": 0.6616392374645688,
      "ece": 0.03699999999448147,
      "mce": 0.8571428563544968,
      "mae": 0.15699999999448147,
      "rmse": 0.3962322551092515,
      "smartwatch_training_time": 0.07706709997728467,
      "edge_encryption_time": 7.070700799929909,
      "server_aggregation_time": 0.03644880000501871,
      "global_update_time": 0.03516900003887713,
      "evaluation_time": 0.07592690002638847,
      "round_time": 7.33249831199646,
      "total_time": 7.33249831199646,
      "best_accuracy": 0.843,
      "improvement": 0.508,
      "clients_processed": 5
    },
    {
      "round": 9,
      "accuracy": 0.678,
      "f1_score": 0.0,
      "precision": 0.0,
      "recall": 0.0,
      "auc": 0.5,
      "pr_auc": 0.322,
      "ece": 0,
      "mce": 0,
      "mae": 0.322,
      "rmse": 0.5674504383644443,
      "smartwatch_training_time": 0.07820240000728518,
      "edge_encryption_time": 7.115380500094034,
      "server_aggregation_time": 0.021223400020971894,
      "global_update_time": 0.01540259993635118,
      "evaluation_time": 0.03435550001449883,
      "round_time": 7.301992654800415,
      "total_time": 7.301992654800415,
      "best_accuracy": 0.843,
      "improvement": -0.16499999999999992,
      "clients_processed": 5
    },
    {
      "round": 10,
      "accuracy": 0.663,
      "f1_score": 0.0,
      "precision": 0.0,
      "recall": 0.0,
      "auc": 0.48746312684365783,
      "pr_auc": 0.322,
      "ece": 0.015,
      "mce": 1.0,
      "mae": 0.337,
      "rmse": 0.5805170109479997,
      "smartwatch_training_time": 0.05584469996392727,
      "edge_encryption_time": 7.131523799966089,
      "server_aggregation_time": 0.023519099922850728,
      "global_update_time": 0.02222249994520098,
      "evaluation_time": 0.052338399924337864,
      "round_time": 7.320642709732056,
      "total_time": 7.320642709732056,
      "best_accuracy": 0.843,
      "improvement": -0.015000000000000013,
      "clients_processed": 5
    }
  ],
  "final_statistics": {
    "avg_accuracy": 0.5715000000000001,
    "avg_f1_score": 0.21990535519320362,
    "avg_precision": 0.1862381967402832,
    "avg_recall": 0.36180124223602483,
    "avg_auc": 0.5166247549423771,
    "final_accuracy": 0.663,
    "best_accuracy": 0.843,
    "accuracy_std": 0.17628060018050767,
    "avg_smartwatch_training_time": 0.06046509000007063,
    "avg_edge_encryption_time": 6.415931900008582,
    "avg_server_aggregation_time": 0.025437609991058707,
    "avg_evaluation_time": 0.0521174099878408,
    "avg_round_time": 6.605910515785217,