{
  "timestamp": "20250919_003903",
  "configuration": {
    "rounds": 5,
    "clients": 5,
    "batch_size": 2,
    "max_workers": 2,
    "target": "85%+ Accuracy"
  },
  "round_results": [
    {
      "round": 1,
      "accuracy": 0.322,
      "f1_score": 0.48714069591527986,
      "precision": 0.322,
      "recall": 1.0,
      "auc": 0.5,
      "pr_auc": 0.322,
      "ece": 0.6779999999999999,
      "mce": 0.6779999999999999,
      "mae": 0.678,
      "rmse": 0.8234075540095561,
      "smartwatch_training_time": 0.016137099941261113,
      "edge_encryption_time": 1.5324997999705374,
      "server_aggregation_time": 0.0072746999794617295,
      "global_update_time": 0.003230900038033724,
      "evaluation_time": 0.013665300095453858,
      "round_time": 1.5678644180297852,
      "total_time": 1.5678644180297852,
      "best_accuracy": 0.322,
      "improvement": 0.322,
      "clients_processed": 5,
      "weight_l2": 108.12636388710206,
      "bias": 3.265897541773228
    },
    {
      "round": 2,
      "accuracy": 0.322,
      "f1_score": 0.48714069591527986,
      "precision": 0.322,
      "recall": 1.0,
      "auc": 0.5,
      "pr_auc": 0.322,
      "ece": 0.6779999999999999,
      "mce": 0.6779999999999999,
      "mae": 0.678,
      "rmse": 0.8234075540095561,
      "smartwatch_training_time": 0.015330900088883936,
      "edge_encryption_time": 1.5463519000913948,
      "server_aggregation_time": 0.007389400037936866,
      "global_update_time": 0.006923599983565509,
      "evaluation_time": 0.012427199981175363,
      "round_time": 1.599327802658081,
      "total_time": 1.599327802658081,
      "best_accuracy": 0.322,
      "improvement": 0.0,
      "clients_processed": 5,
      "weight_l2": 98.24684054271361,
      "bias": 0.9193748691802384
    },
    {
      "round": 3,
      "accuracy": 0.284,
      "f1_score": 0.4371069182389937,
      "precision": 0.2926315789473684,
      "recall": 0.8633540372670807,
      "auc": 0.4361017973946023,
      "pr_auc": 0.296644655116051,
      "ece": 0.672,
      "mce": 0.7073684210526316,
      "mae": 0.716,
      "rmse": 0.8461678320522472,
      "smartwatch_training_time": 0.014392000040970743,
      "edge_encryption_time": 1.583358500036411,
      "server_aggregation_time": 0.005646800040267408,
      "global_update_time": 0.007359100040048361,
      "evaluation_time": 0.015480399946682155,
      "round_time": 1.6405103206634521,
      "total_time": 1.6405103206634521,
      "best_accuracy": 0.322,
      "improvement": -0.038000000000000034,
      "clients_processed": 5,
      "weight_l2": 150.4236683055922,
      "bias": -30.255898559697506
    },
    {
      "round": 4,
      "accuracy": 0.676,
      "f1_score": 0.006134969325153374,
      "precision": 0.25,
      "recall": 0.003105590062111801,
      "auc": 0.5008863299071071,
      "pr_auc": 0.3220186335403727,
      "ece": 0.004,
      "mce": 1.0,
      "mae": 0.324,
      "rmse": 0.5692099788303083,
      "smartwatch_training_time": 0.022788999951444566,
      "edge_encryption_time": 1.8071153999771923,
      "server_aggregation_time": 0.008062300039455295,
      "global_update_time": 0.006734099937602878,
      "evaluation_time": 0.013173099956475198,
      "round_time": 1.873427391052246,
      "total_time": 1.873427391052246,
      "best_accuracy": 0.676,
      "improvement": 0.39200000000000007,
      "clients_processed": 5,
      "weight_l2": 123.33769017281323,
      "bias": 3.1034231121400175
    },
    {
      "round": 5,
      "accuracy": 0.322,
      "f1_score": 0.48714069591527986,
      "precision": 0.322,
      "recall": 1.0,
      "auc": 0.5,
      "pr_auc": 0.322,
      "ece": 0.6779999999999999,
      "mce": 0.6779999999999999,
      "mae": 0.678,
      "rmse": 0.8234075540095561,
      "smartwatch_training_time": 0.019013200071640313,
      "edge_encryption_time": 1.8256268000695854,
      "server_aggregation_time": 0.008184900041669607,
      "global_update_time": 0.00871339999139309,
      "evaluation_time": 0.01753800001461059,
      "round_time": 1.8962221145629883,
      "total_time": 1.8962221145629883,
      "best_accuracy": 0.676,
      "improvement": -0.35400000000000004,
      "clients_processed": 5,
      "weight_l2": 124.77425075200551,
      "bias": -7.320534102203249
    }
  ],
  "final_statistics": {
    "avg_accuracy": 0.38520000000000004,
    "avg_f1_score": 0.38093279506199734,
    "avg_precision": 0.30172631578947373,
    "avg_recall": 0.7732919254658385,
    "avg_auc": 0.4873976254603418,
    "final_accuracy": 0.322,
    "best_accuracy": 0.676,
    "accuracy_std": 0.1461429437229181,
    "avg_smartwatch_training_time": 0.017532440018840134,
    "avg_edge_encryption_time": 1.6589904800290243,
    "avg_server_aggregation_time": 0.007311620027758181,
    "avg_evaluation_time": 0.014456799998879433,
    "avg_round_time": 1.7154704093933106,
    "total_time": 8.577352046966553,
    "convergence_rate": 0.0,
    "stability_score": 0.8538570562770819,
    "target_achievement": false
  },
  "performance_summary": {
    "initial_accuracy": 0.322,
    "final_accuracy": 0.322,
    "best_accuracy": 0.676,
    "total_improvement": 0.35400000000000004,
    "rounds_completed": 5,
    "target_achieved": false
  }
}