{
  "timestamp": "20250919_001616",
  "configuration": {
    "rounds": 10,
    "clients": 5,
    "batch_size": 2,
    "max_workers": 2,
    "target": "85%+ Accuracy"
  },
  "round_results": [
    {
      "round": 1,
      "accuracy": 0.678,
      "f1_score": 0.0,
      "precision": 0.0,
      "recall": 0.0,
      "auc": 0.5,
      "pr_auc": 0.322,
      "ece": 0,
      "mce": 0,
      "mae": 0.322,
      "rmse": 0.5674504383644443,
      "smartwatch_training_time": 0.017645500018261373,
      "edge_encryption_time": 1.599578999914229,
      "server_aggregation_time": 0.008651599986478686,
      "global_update_time": 0.0026226999470964074,
      "evaluation_time": 0.015659599914215505,
      "round_time": 1.6369078159332275,
      "total_time": 1.6369078159332275,
      "best_accuracy": 0.678,
      "improvement": 0.678,
      "clients_processed": 5
    },
    {
      "round": 2,
      "accuracy": 0.322,
      "f1_score": 0.48714069591527986,
      "precision": 0.322,
      "recall": 1.0,
      "auc": 0.5,
      "pr_auc": 0.322,
      "ece": 0.6779999999999999,
      "mce": 0.6779999999999999,
      "mae": 0.678,
      "rmse": 0.8234075540095561,
      "smartwatch_training_time": 0.019368199980817735,
      "edge_encryption_time": 1.615368599887006,
      "server_aggregation_time": 0.006759399897418916,
      "global_update_time": 0.006713300012052059,
      "evaluation_time": 0.01248689997009933,
      "round_time": 1.6785330772399902,
      "total_time": 1.6785330772399902,
      "best_accuracy": 0.678,
      "improvement": -0.35600000000000004,
      "clients_processed": 5
    },
    {
      "round": 3,
      "accuracy": 0.322,
      "f1_score": 0.48714069591527986,
      "precision": 0.322,
      "recall": 1.0,
      "auc": 0.5,
      "pr_auc": 0.322,
      "ece": 0.6779999999999999,
      "mce": 0.6779999999999999,
      "mae": 0.678,
      "rmse": 0.8234075540095561,
      "smartwatch_training_time": 0.017550499993376434,
      "edge_encryption_time": 1.5395590999396518,
      "server_aggregation_time": 0.007908400031737983,
      "global_update_time": 0.004983599996194243,
      "evaluation_time": 0.01111039996612817,
      "round_time": 1.5884480476379395,
      "total_time": 1.5884480476379395,
      "best_accuracy": 0.678,
      "improvement": 0.0,
      "clients_processed": 5
    },
    {
      "round": 4,
      "accuracy": 0.371,
      "f1_score": 0.5058915946582875,
      "precision": 0.33859095688748686,
      "recall": 1.0,
      "auc": 0.5368731563421829,
      "pr_auc": 0.3389473684210526,
      "ece": 0.6285910224167587,
      "mce": 0.6610526315789473,
      "mae": 0.6285910224167587,
      "rmse": 0.7926848727565774,
      "smartwatch_training_time": 0.017594800097867846,
      "edge_encryption_time": 1.5494297000113875,
      "server_aggregation_time": 0.003844299935735762,
      "global_update_time": 0.00442689994815737,
      "evaluation_time": 0.01654219999909401,
      "round_time": 1.5958993434906006,
      "total_time": 1.5958993434906006,
      "best_accuracy": 0.678,
      "improvement": 0.04899999999999999,
      "clients_processed": 5
    },
    {
      "round": 5,
      "accuracy": 0.309,
      "f1_score": 0.4696853415195702,
      "precision": 0.3119266055045872,
      "recall": 0.9503105590062112,
      "auc": 0.4773676688836366,
      "pr_auc": 0.31242714684597417,
      "ece": 0.6749999999999999,
      "mce": 0.6880733944954128,
      "mae": 0.691,
      "rmse": 0.8312640976248162,
      "smartwatch_training_time": 0.018683300004340708,
      "edge_encryption_time": 1.5694036000641063,
      "server_aggregation_time": 0.004978200071491301,
      "global_update_time": 0.008186199935153127,
      "evaluation_time": 0.01721469999756664,
      "round_time": 1.6306962966918945,
      "total_time": 1.6306962966918945,
      "best_accuracy": 0.678,
      "improvement": -0.062,
      "clients_processed": 5
    },
    {
      "round": 6,
      "accuracy": 0.678,
      "f1_score": 0.0,
      "precision": 0.0,
      "recall": 0.0,
      "auc": 0.5,
      "pr_auc": 0.322,
      "ece": 0,
      "mce": 0,
      "mae": 0.322,
      "rmse": 0.5674504383644443,
      "smartwatch_training_time": 0.019595299963839352,
      "edge_encryption_time": 1.5616276999935508,
      "server_aggregation_time": 0.011102900025434792,
      "global_update_time": 0.0066853000316768885,
      "evaluation_time": 0.01891710003837943,
      "round_time": 1.6251475811004639,
      "total_time": 1.6251475811004639,
      "best_accuracy": 0.678,
      "improvement": 0.36900000000000005,
      "clients_processed": 5
    },
    {
      "round": 7,
      "accuracy": 0.366,
      "f1_score": 0.4960254372019078,
      "precision": 0.3333333333333333,
      "recall": 0.968944099378882,
      "auc": 0.5244828597079463,
      "pr_auc": 0.33305727677007985,
      "ece": 0.6260000000000001,
      "mce": 0.6666666666666667,
      "mae": 0.634,
      "rmse": 0.7962411694957753,
      "smartwatch_training_time": 0.03615409997291863,
      "edge_encryption_time": 1.577636000001803,
      "server_aggregation_time": 0.004976600059308112,
      "global_update_time": 0.00774729996919632,
      "evaluation_time": 0.009361899923533201,
      "round_time": 1.6413090229034424,
      "total_time": 1.6413090229034424,
      "best_accuracy": 0.678,
      "improvement": -0.31200000000000006,
      "clients_processed": 5
    },
    {
      "round": 8,
      "accuracy": 0.322,
      "f1_score": 0.48714069591527986,
      "precision": 0.322,
      "recall": 1.0,
      "auc": 0.5,
      "pr_auc": 0.322,
      "ece": 0.6779999999999999,
      "mce": 0.6779999999999999,
      "mae": 0.678,
      "rmse": 0.8234075540095561,
      "smartwatch_training_time": 0.022992099984548986,
      "edge_encryption_time": 1.5502990999957547,
      "server_aggregation_time": 0.008789999992586672,
      "global_update_time": 0.005887500010430813,
      "evaluation_time": 0.016418799990788102,
      "round_time": 1.6134977340698242,
      "total_time": 1.6134977340698242,
      "best_accuracy": 0.678,
      "improvement": -0.043999999999999984,
      "clients_processed": 5
    },
    {
      "round": 9,
      "accuracy": 0.322,
      "f1_score": 0.48714069591527986,
      "precision": 0.322,
      "recall": 1.0,
      "auc": 0.5,
      "pr_auc": 0.322,
      "ece": 0.6779999999999999,
      "mce": 0.6779999999999999,
      "mae": 0.678,
      "rmse": 0.8234075540095561,
      "smartwatch_training_time": 0.01682959997560829,
      "edge_encryption_time": 1.5468236999586225,
      "server_aggregation_time": 0.00810880004428327,
      "global_update_time": 0.006772699998691678,
      "evaluation_time": 0.014918999979272485,
      "round_time": 1.6041111946105957,
      "total_time": 1.6041111946105957,
      "best_accuracy": 0.678,
      "improvement": 0.0,
      "clients_processed": 5
    },
    {
      "round": 10,
      "accuracy": 0.322,
      "f1_score": 0.48714069591527986,
      "precision": 0.322,
      "recall": 1.0,
      "auc": 0.5,
      "pr_auc": 0.322,
      "ece": 0.6779999999999999,
      "mce": 0.6779999999999999,
      "mae": 0.678,
      "rmse": 0.8234075540095561,
      "smartwatch_training_time": 0.02112210006453097,
      "edge_encryption_time": 1.5653322000289336,
      "server_aggregation_time": 0.012043400085531175,
      "global_update_time": 0.005317299976013601,
      "evaluation_time": 0.017122599994763732,
      "round_time": 1.6211576461791992,
      "total_time": 1.6211576461791992,
      "best_accuracy": 0.678,
      "improvement": 0.0,
      "clients_processed": 5
    }
  ],
  "final_statistics": {
    "avg_accuracy": 0.40120000000000006,
    "avg_f1_score": 0.39073058529561644,
    "avg_precision": 0.25938508957254075,
    "avg_recall": 0.7919254658385093,
    "avg_auc": 0.5038723684933766,
    "final_accuracy": 0.322,
    "best_accuracy": 0.678,
    "accuracy_std": 0.13973245864866188,
    "avg_smartwatch_training_time": 0.02075355000561103,