{
  "timestamp": "20250919_002005",
  "configuration": {
    "rounds": 10,
    "clients": 5,
    "batch_size": 2,
    "max_workers": 2,
    "target": "85%+ Accuracy"
  },
  "round_results": [
    {
      "round": 1,
      "accuracy": 0.678,
      "f1_score": 0.0,
      "precision": 0.0,
      "recall": 0.0,
      "auc": 0.5,
      "pr_auc": 0.322,
      "ece": 0,
      "mce": 0,
      "mae": 0.322,
      "rmse": 0.5674504383644443,
      "smartwatch_training_time": 0.041342100012116134,
      "edge_encryption_time": 1.4536328000249341,
      "server_aggregation_time": 0.005446000024676323,
      "global_update_time": 0.002691200003027916,
      "evaluation_time": 0.014322899980470538,
      "round_time": 1.518510341644287,
      "total_time": 1.518510341644287,
      "best_accuracy": 0.678,
      "improvement": 0.678,
      "clients_processed": 5
    },
    {
      "round": 2,
      "accuracy": 0.326,
      "f1_score": 0.4878419452887538,
      "precision": 0.32293762575452717,
      "recall": 0.9968944099378882,
      "auc": 0.5021459718939519,
      "pr_auc": 0.3229397389989301,
      "ece": 0.674,
      "mce": 1.0,
      "mae": 0.674,
      "rmse": 0.8209750300709517,
      "smartwatch_training_time": 0.014316400047391653,
      "edge_encryption_time": 1.5912491999333724,
      "server_aggregation_time": 0.009080499992705882,
      "global_update_time": 0.009680099901743233,
      "evaluation_time": 0.01818659994751215,
      "round_time": 1.6577000617980957,
      "total_time": 1.6577000617980957,
      "best_accuracy": 0.678,
      "improvement": -0.35200000000000004,
      "clients_processed": 5
    },
    {
      "round": 3,
      "accuracy": 0.33,
      "f1_score": 0.4869831546707504,
      "precision": 0.3231707317073171,
      "recall": 0.9875776397515528,
      "auc": 0.5033575184594807,
      "pr_auc": 0.32348086413122457,
      "ece": 0.6659999999999999,
      "mce": 0.6768292682926829,
      "mae": 0.67,
      "rmse": 0.8185352771872451,
      "smartwatch_training_time": 0.01628910005092621,
      "edge_encryption_time": 1.596970499958843,
      "server_aggregation_time": 0.007082000025548041,
      "global_update_time": 0.007186700007878244,
      "evaluation_time": 0.021706399973481894,
      "round_time": 1.6640534400939941,
      "total_time": 1.6640534400939941,
      "best_accuracy": 0.678,
      "improvement": 0.0040000000000000036,
      "clients_processed": 5
    },
    {
      "round": 4,
      "accuracy": 0.678,
      "f1_score": 0.0,
      "precision": 0.0,
      "recall": 0.0,
      "auc": 0.5,
      "pr_auc": 0.322,
      "ece": 0,
      "mce": 0,
      "mae": 0.322,
      "rmse": 0.5674504383644443,
      "smartwatch_training_time": 0.01948879996780306,
      "edge_encryption_time": 1.4367971000028774,
      "server_aggregation_time": 0.004566799965687096,
      "global_update_time": 0.009809099952690303,
      "evaluation_time": 0.012534300098195672,
      "round_time": 1.4923622608184814,
      "total_time": 1.4923622608184814,
      "best_accuracy": 0.678,
      "improvement": 0.34800000000000003,
      "clients_processed": 5
    },
    {
      "round": 5,
      "accuracy": 0.299,
      "f1_score": 0.45784996133023975,
      "precision": 0.30484037075180226,
      "recall": 0.9192546583850931,
      "auc": 0.46184658934755124,
      "pr_auc": 0.3061748611741895,
      "ece": 0.6759999999999999,
      "mce": 1.0,
      "mae": 0.701,
      "rmse": 0.8372574275573791,
      "smartwatch_training_time": 0.02399119990877807,
      "edge_encryption_time": 1.5361072000814602,
      "server_aggregation_time": 0.004473099950700998,
      "global_update_time": 0.004928300040774047,
      "evaluation_time": 0.0133166000014171,
      "round_time": 1.583845853805542,
      "total_time": 1.583845853805542,
      "best_accuracy": 0.678,
      "improvement": -0.37900000000000006,
      "clients_processed": 5
    },
    {
      "round": 6,
      "accuracy": 0.678,
      "f1_score": 0.0,
      "precision": 0.0,
      "recall": 0.0,
      "auc": 0.5,
      "pr_auc": 0.322,
      "ece": 0,
      "mce": 0,
      "mae": 0.322,
      "rmse": 0.5674504383644443,
      "smartwatch_training_time": 0.017633200041018426,
      "edge_encryption_time": 1.5463787000626326,
      "server_aggregation_time": 0.00688779994379729,
      "global_update_time": 0.00622150010894984,
      "evaluation_time": 0.013187500066123903,
      "round_time": 1.5988714694976807,
      "total_time": 1.5988714694976807,
      "best_accuracy": 0.678,
      "improvement": 0.37900000000000006,
      "clients_processed": 5
    },
    {
      "round": 7,
      "accuracy": 0.615,
      "f1_score": 0.5108005082592122,
      "precision": 0.432258064516129,
      "recall": 0.6242236024844721,
      "auc": 0.6240220597665769,
      "pr_auc": 0.39752262088662976,
      "ece": 0.28231346427668264,
      "mce": 0.5676856103564484,
      "mae": 0.38531346427709295,
      "rmse": 0.6205208139219156,
      "smartwatch_training_time": 0.017996500013396144,
      "edge_encryption_time": 1.554108600015752,
      "server_aggregation_time": 0.004609600058756769,
      "global_update_time": 0.005067400052212179,
      "evaluation_time": 0.01516870001796633,
      "round_time": 1.5983781814575195,
      "total_time": 1.5983781814575195,
      "best_accuracy": 0.678,
      "improvement": -0.06300000000000006,
      "clients_processed": 5
    },
    {
      "round": 8,
      "accuracy": 0.322,
      "f1_score": 0.48714069591527986,
      "precision": 0.322,
      "recall": 1.0,
      "auc": 0.5,
      "pr_auc": 0.322,
      "ece": 0.6779999999999999,
      "mce": 0.6779999999999999,
      "mae": 0.678,
      "rmse": 0.8234075540095561,
      "smartwatch_training_time": 0.013430899940431118,
      "edge_encryption_time": 1.5872449000598863,
      "server_aggregation_time": 0.008816799963824451,
      "global_update_time": 0.008217699942179024,
      "evaluation_time": 0.015516999992541969,
      "round_time": 1.6430654525756836,
      "total_time": 1.6430654525756836,
      "best_accuracy": 0.678,
      "improvement": -0.293,
      "clients_processed": 5
    },
    {
      "round": 9,
      "accuracy": 0.322,
      "f1_score": 0.48714069591527986,
      "precision": 0.322,
      "recall": 1.0,
      "auc": 0.5,
      "pr_auc": 0.322,
      "ece": 0.6779999999999999,
      "mce": 0.6779999999999999,
      "mae": 0.678,
      "rmse": 0.8234075540095561,
      "smartwatch_training_time": 0.016625500051304698,
      "edge_encryption_time": 1.4848312999820337,
      "server_aggregation_time": 0.009981799987144768,
      "global_update_time": 0.009431199985556304,
      "evaluation_time": 0.01635980000719428,
      "round_time": 1.5499672889709473,
      "total_time": 1.5499672889709473,
      "best_accuracy": 0.678,
      "improvement": 0.0,
      "clients_processed": 5
    },
    {
      "round": 10,
      "accuracy": 0.463,
      "f1_score": 0.5453005927180355,
      "precision": 0.37485448195576254,
      "recall": 1.0,
      "auc": 0.6039823008849557,
      "pr_auc": 0.37485448195576254,
      "ece": 0.5369999999999999,
      "mce": 0.6251455180442375,
      "mae": 0.537,
      "rmse": 0.7328028384224504,
      "smartwatch_training_time": 0.017372499918565154,
      "edge_encryption_time": 1.5398833999643102,
      "server_aggregation_time": 0.003476899932138622,
      "global_update_time": 0.003819099976681173,
      "evaluation_time": 0.014803200028836727,
      "round_time": 1.5845367908477783,
      "total_time": 1.5845367908477783,
      "best_accuracy": 0.678,
      "improvement": 0.14100000000000001,
      "clients_processed": 5
    }
  ],
  "final_statistics": {
    "avg_accuracy": 0.4711,
    "avg_f1_score": 0.34630575540975517,
    "avg_precision": 0.24020612746855377,
    "avg_recall": 0.6527950310559006,
    "avg_auc": 0.5195354440352516,
    "final_accuracy": 0.463,
    "best_accuracy": 0.678,
    "accuracy_std": 0.162554267861536,