{
  "timestamp": "20250918_222801",
  "configuration": {
    "rounds": 3,
    "clients": 5,
    "batch_size": 2,
    "max_workers": 2,
    "target": "85%+ Accuracy"
  },
  "round_results": [
    {
      "round": 1,
      "accuracy": 0.678,
      "f1_score": 0.0,
      "precision": 0.0,
      "recall": 0.0,
      "auc": 0.5,
      "pr_auc": 0.322,
      "ece": 0,
      "mce": 0,
      "mae": 0.322,
      "rmse": 0.5674504383644443,
      "smartwatch_training_time": 0.014868399943225086,
      "edge_encryption_time": 1.7906130000483245,
      "server_aggregation_time": 0.009654199937358499,
      "global_update_time": 0.004974299925379455,
      "evaluation_time": 0.01487840001937002,
      "round_time": 1.836503505706787,
      "total_time": 1.836503505706787,
      "best_accuracy": 0.678,
      "improvement": 0.678,
      "clients_processed": 5
    },
    {
      "round": 2,
      "accuracy": 0.716,
      "f1_score": 0.23243243243243245,
      "precision": 0.8958333333333334,
      "recall": 0.13354037267080746,
      "auc": 0.5646242144414518,
      "pr_auc": 0.40041861030126336,
      "ece": 0.005999689590010409,
      "mce": 0.9996895900104105,
      "mae": 0.28399968959001043,
      "rmse": 0.5329159213950876,
      "smartwatch_training_time": 0.014456699951551855,
      "edge_encryption_time": 1.5962765999138355,
      "server_aggregation_time": 0.007690700003877282,
      "global_update_time": 0.00633390003349632,
      "evaluation_time": 0.009610299952328205,
      "round_time": 1.6399500370025635,
      "total_time": 1.6399500370025635,
      "best_accuracy": 0.716,
      "improvement": 0.03799999999999992,
      "clients_processed": 5
    },
    {
      "round": 3,
      "accuracy": 0.679,
      "f1_score": 0.006191950464396285,
      "precision": 1.0,
      "recall": 0.003105590062111801,
      "auc": 0.5008176221623701,
      "pr_auc": 0.3241055900621118,
      "ece": 2.571191299448924e-135,
      "mce": 2.571191299448924e-132,
      "mae": 0.321,
      "rmse": 0.5665686189686118,
      "smartwatch_training_time": 0.013254999998025596,
      "edge_encryption_time": 4.880751300021075,
      "server_aggregation_time": 0.025094299926422536,
      "global_update_time": 0.02300909999758005,
      "evaluation_time": 0.05281869997270405,
      "round_time": 5.0207459926605225,
      "total_time": 5.0207459926605225,
      "best_accuracy": 0.716,
      "improvement": -0.03699999999999992,
      "clients_processed": 5
    }
  ],
  "final_statistics": {
    "avg_accuracy": 0.6910000000000002,
    "avg_f1_score": 0.07954146096560957,
    "avg_precision": 0.6319444444444445,
    "avg_recall": 0.04554865424430642,
    "avg_auc": 0.5218139455346074,
    "final_accuracy": 0.679,
    "best_accuracy": 0.716,
    "accuracy_std": 0.017682382946499757,
    "avg_smartwatch_training_time": 0.014193366630934179,
    "avg_edge_encryption_time": 2.7558802999944114,
    "avg_server_aggregation_time": 0.014146399955886105,
    "avg_evaluation_time": 0.025769133314800758,
    "avg_round_time": 2.832399845123291,
    "total_time": 8.497199535369873,
    "convergence_rate": 0.0005000000000000004,
    "stability_score": 0.9823176170535003,
    "target_achievement": false
  },
  "performance_summary": {
    "initial_accuracy": 0.678,
    "final_accuracy": 0.679,
    "best_accuracy": 0.716,
    "total_improvement": 0.03799999999999992,
    "rounds_completed": 3,
    "target_achieved": false
  }
}