{
  "timestamp": "20250919_002307",
  "configuration": {
    "rounds": 5,
    "clients": 5,
    "batch_size": 2,
    "max_workers": 2,
    "target": "85%+ Accuracy"
  },
  "round_results": [
    {
      "round": 1,
      "accuracy": 0.678,
      "f1_score": 0.0,
      "precision": 0.0,
      "recall": 0.0,
      "auc": 0.5,
      "pr_auc": 0.322,
      "ece": 0,
      "mce": 0,
      "mae": 0.322,
      "rmse": 0.5674504383644443,
      "smartwatch_training_time": 0.014159500016830862,
      "edge_encryption_time": 1.5553195999236777,
      "server_aggregation_time": 0.004293499980121851,
      "global_update_time": 0.003590799984522164,
      "evaluation_time": 0.010127300047315657,
      "round_time": 1.5939137935638428,
      "total_time": 1.5939137935638428,
      "best_accuracy": 0.678,
      "improvement": 0.678,
      "clients_processed": 5
    },
    {
      "round": 2,
      "accuracy": 0.678,
      "f1_score": 0.0,
      "precision": 0.0,
      "recall": 0.0,
      "auc": 0.5,
      "pr_auc": 0.322,
      "ece": 0,
      "mce": 0,
      "mae": 0.322,
      "rmse": 0.5674504383644443,
      "smartwatch_training_time": 0.015126500045880675,
      "edge_encryption_time": 1.599016800057143,
      "server_aggregation_time": 0.006779100047424436,
      "global_update_time": 0.007985200034454465,
      "evaluation_time": 0.01366510009393096,
      "round_time": 1.6538290977478027,
      "total_time": 1.6538290977478027,
      "best_accuracy": 0.678,
      "improvement": 0.0,
      "clients_processed": 5
    },
    {
      "round": 3,
      "accuracy": 0.678,
      "f1_score": 0.0,
      "precision": 0.0,
      "recall": 0.0,
      "auc": 0.5,
      "pr_auc": 0.322,
      "ece": 0,
      "mce": 0,
      "mae": 0.322,
      "rmse": 0.5674504383644443,
      "smartwatch_training_time": 0.021743000019341707,
      "edge_encryption_time": 1.4962785000680014,
      "server_aggregation_time": 0.006716700037941337,
      "global_update_time": 0.006495499983429909,
      "evaluation_time": 0.012956999940797687,
      "round_time": 1.55560302734375,
      "total_time": 1.55560302734375,
      "best_accuracy": 0.678,
      "improvement": 0.0,
      "clients_processed": 5
    },
    {
      "round": 4,
      "accuracy": 0.322,
      "f1_score": 0.48714069591527986,
      "precision": 0.322,
      "recall": 1.0,
      "auc": 0.5,
      "pr_auc": 0.322,
      "ece": 0.6779999999999999,
      "mce": 0.6779999999999999,
      "mae": 0.678,
      "rmse": 0.8234075540095561,
      "smartwatch_training_time": 0.014846500009298325,
      "edge_encryption_time": 1.539826099993661,
      "server_aggregation_time": 0.004143800004385412,
      "global_update_time": 0.007429499994032085,
      "evaluation_time": 0.010580000001937151,
      "round_time": 1.5890343189239502,
      "total_time": 1.5890343189239502,
      "best_accuracy": 0.678,
      "improvement": -0.35600000000000004,
      "clients_processed": 5
    },
    {
      "round": 5,
      "accuracy": 0.322,
      "f1_score": 0.48714069591527986,
      "precision": 0.322,
      "recall": 1.0,
      "auc": 0.5,
      "pr_auc": 0.322,
      "ece": 0.6779999999999999,
      "mce": 0.6779999999999999,
      "mae": 0.678,
      "rmse": 0.8234075540095561,
      "smartwatch_training_time": 0.015106900013051927,
      "edge_encryption_time": 1.5091968999477103,
      "server_aggregation_time": 0.007731499965302646,
      "global_update_time": 0.004996499978005886,
      "evaluation_time": 0.01028679998125881,
      "round_time": 1.5569267272949219,
      "total_time": 1.5569267272949219,
      "best_accuracy": 0.678,
      "improvement": 0.0,
      "clients_processed": 5
    }
  ],
  "final_statistics": {
    "avg_accuracy": 0.5356000000000001,
    "avg_f1_score": 0.19485627836611194,
    "avg_precision": 0.1288,
    "avg_recall": 0.4,
    "avg_auc": 0.5,
    "final_accuracy": 0.322,
    "best_accuracy": 0.678,
    "accuracy_std": 0.1744036696861623,
    "avg_smartwatch_training_time": 0.0161964800208807,
    "avg_edge_encryption_time": 1.5399275799980388,
    "avg_server_aggregation_time": 0.005932920007035136,
    "avg_evaluation_time": 0.011523240013048053,
    "avg_round_time": 1.5898613929748535,
    "total_time": 7.949306964874268,
    "convergence_rate": -0.08900000000000001,
    "stability_score": 0.8255963303138377,
    "target_achievement": false
  },
  "performance_summary": {
    "initial_accuracy": 0.678,
    "final_accuracy": 0.322,
    "best_accuracy": 0.678,
    "total_improvement": 0.0,
    "rounds_completed": 5,
    "target_achieved": false
  }
}