{
  "timestamp": "20250918_234658",
  "configuration": {
    "rounds": 20,
    "clients": 60,
    "batch_size": 2,
    "max_workers": 2,
    "target": "85%+ Accuracy"
  },
  "round_results": [
    {
      "round": 1,
      "accuracy": 0.48425,
      "f1_score": 0.6482123571875178,
      "precision": 0.4827294277006434,
      "recall": 0.9863345441965058,
      "auc": 0.5020060197420235,
      "pr_auc": 0.4827565047532601,
      "ece": 0.5092616235139772,
      "mce": 0.5172705722993566,
      "mae": 0.5157616235139773,
      "rmse": 0.7181584931426531,
      "smartwatch_training_time": 0.17723549995571375,
      "edge_encryption_time": 18.479393500019796,
      "server_aggregation_time": 0.048540899995714426,
      "global_update_time": 0.0031199000077322125,
      "evaluation_time": 0.019531000056304038,
      "round_time": 18.72737979888916,
      "total_time": 18.72737979888916,
      "best_accuracy": 0.48425,
      "improvement": 0.48425,
      "clients_processed": 60
    },
    {
      "round": 2,
      "accuracy": 0.48891666666666667,
      "f1_score": 0.462064731163933,
      "precision": 0.4686832740213523,
      "recall": 0.455630513751946,
      "auc": 0.4873138349677469,
      "pr_auc": 0.4757951494736629,
      "ece": 0.2500727470887725,
      "mce": 0.5313115058392539,
      "mae": 0.5110939194496231,
      "rmse": 0.7149015319044134,
      "smartwatch_training_time": 0.13960889994632453,
      "edge_encryption_time": 20.791895700036548,
      "server_aggregation_time": 0.13521999993827194,
      "global_update_time": 0.03670260007493198,
      "evaluation_time": 0.1882327999919653,
      "round_time": 21.85833501815796,
      "total_time": 21.85833501815796,
      "best_accuracy": 0.48891666666666667,
      "improvement": 0.004666666666666652,
      "clients_processed": 60
    },
    {
      "round": 3,
      "accuracy": 0.51825,
      "f1_score": 0.0,
      "precision": 0.0,
      "recall": 0.0,
      "auc": 0.5,
      "pr_auc": 0.48175,
      "ece": 0,
      "mce": 0,
      "mae": 0.48175,
      "rmse": 0.6940821277053603,
      "smartwatch_training_time": 0.2844648000318557,
      "edge_encryption_time": 27.67438969993964,
      "server_aggregation_time": 0.06401000008918345,
      "global_update_time": 0.009038000018335879,
      "evaluation_time": 0.02534749999176711,
      "round_time": 28.25101113319397,
      "total_time": 28.25101113319397,
      "best_accuracy": 0.51825,
      "improvement": 0.029333333333333322,
      "clients_processed": 60
    },
    {
      "round": 4,
      "accuracy": 0.48175,
      "f1_score": 0.6502446431584276,
      "precision": 0.48175,
      "recall": 1.0,
      "auc": 0.5,
      "pr_auc": 0.48175,
      "ece": 0.51825,
      "mce": 0.51825,
      "mae": 0.51825,
      "rmse": 0.7198958257970385,
      "smartwatch_training_time": 0.20387070009019226,
      "edge_encryption_time": 21.420378600014374,
      "server_aggregation_time": 0.06477559998165816,
      "global_update_time": 0.006905500078573823,
      "evaluation_time": 0.02426580002065748,
      "round_time": 21.81955313682556,
      "total_time": 21.81955313682556,
      "best_accuracy": 0.51825,
      "improvement": -0.03649999999999998,
      "clients_processed": 60
    },
    {
      "round": 5,
      "accuracy": 0.51825,
      "f1_score": 0.0,
      "precision": 0.0,
      "recall": 0.0,
      "auc": 0.5,
      "pr_auc": 0.48175,
      "ece": 0,
      "mce": 0,
      "mae": 0.48175,
      "rmse": 0.6940821277053603,
      "smartwatch_training_time": 0.22599399997852743,
      "edge_encryption_time": 18.649358499911614,
      "server_aggregation_time": 0.06137720006518066,
      "global_update_time": 0.005997500033117831,
      "evaluation_time": 0.024487599963322282,
      "round_time": 19.06580114364624,
      "total_time": 19.06580114364624,
      "best_accuracy": 0.51825,
      "improvement": 0.03649999999999998,
      "clients_processed": 60
    },
    {
      "round": 6,
      "accuracy": 0.5146666666666667,
      "f1_score": 0.16153181687302046,
      "precision": 0.4815450643776824,
      "recall": 0.09704203425012974,
      "auc": 0.5010129606279077,
      "pr_auc": 0.4816545226002146,
      "ece": 0.052249996450777186,
      "mce": 0.696969696952735,
      "mae": 0.48533333688255614,
      "rmse": 0.6966586921394755,
      "smartwatch_training_time": 0.20366659993305802,
      "edge_encryption_time": 19.441623000078835,
      "server_aggregation_time": 0.0739281999412924,
      "global_update_time": 0.0056056000757962465,
      "evaluation_time": 0.029873999999836087,
      "round_time": 19.908392906188965,
      "total_time": 19.908392906188965,
      "best_accuracy": 0.51825,
      "improvement": -0.0035833333333332718,
      "clients_processed": 60
    },
    {
      "round": 7,
      "accuracy": 0.5204166666666666,
      "f1_score": 0.07072501211044728,
      "precision": 0.5315533980582524,
      "recall": 0.03788271925272444,
      "auc": 0.5036772045112657,
      "pr_auc": 0.48378096421677697,
      "ece": 0.01733249990244546,
      "mce": 0.5357142857140554,
      "mae": 0.4795824999024458,
      "rmse": 0.6925183570179511,
      "smartwatch_training_time": 0.23597770009655505,
      "edge_encryption_time": 18.774750599986874,
      "server_aggregation_time": 0.05185210006311536,
      "global_update_time": 0.005450400058180094,
      "evaluation_time": 0.024381899973377585,
      "round_time": 19.250500202178955,
      "total_time": 19.250500202178955,
      "best_accuracy": 0.5204166666666666,
      "improvement": 0.005749999999999922,
      "clients_processed": 60
    },
    {
      "round": 8,
      "accuracy": 0.50825,
      "f1_score": 0.07667031763417305,
      "precision": 0.4016393442622951,
      "recall": 0.042380211036152915,
      "auc": 0.4912508300294179,
      "pr_auc": 0.4782848721474877,
      "ece": 0.030833333333333334,
      "mce": 0.5983606557377049,
      "mae": 0.49175,
      "rmse": 0.7012488859171186,
      "smartwatch_training_time": 0.19058259995654225,
      "edge_encryption_time": 18.6220592999598,
      "server_aggregation_time": 0.05790160002652556,
      "global_update_time": 0.00585379998665303,
      "evaluation_time": 0.028437600005418062,
      "round_time": 19.008065700531006,
      "total_time": 19.008065700531006,
      "best_accuracy": 0.5204166666666666,
      "improvement": -0.012166666666666659,
      "clients_processed": 60
    },
    {
      "round": 9,
      "accuracy": 0.54325,
      "f1_score": 0.19527235354573483,
      "precision": 0.6456310679611651,
      "recall": 0.11503200138384363,
      "auc": 0.5312765848968956,
      "pr_auc": 0.5028284217473586,
      "ece": 0.03717217168266169,
      "mce": 0.622529811009843,
      "mae": 0.4567555050171593,
      "rmse": 0.6758255187659726,
      "smartwatch_training_time": 0.17682950000744313,
      "edge_encryption_time": 24.100379399955273,
      "server_aggregation_time": 0.19842090003658086,
      "global_update_time": 0.020445800037123263,
      "evaluation_time": 0.10426209995057434,
      "round_time": 24.868558883666992,
      "total_time": 24.868558883666992,
      "best_accuracy": 0.54325,
      "improvement": 0.03500000000000003,
      "clients_processed": 60
    },
    {
      "round": 10,
      "accuracy": 0.48175,
      "f1_score": 0.6502446431584276,
      "precision": 0.48175,
      "recall": 1.0,
      "auc": 0.5,
      "pr_auc": 0.48175,
      "ece": 0.51825,
      "mce": 0.51825,
      "mae": 0.51825,
      "rmse": 0.7198958257970385,
      "smartwatch_training_time": 0.7609505999134853,
      "edge_encryption_time": 37.186077899998054,
      "server_aggregation_time": 0.08521940000355244,
      "global_update_time": 0.004650699906051159,
      "evaluation_time": 0.025350800016894937,
      "round_time": 38.187299489974976,
      "total_time": 38.187299489974976,
      "best_accuracy": 0.54325,
      "improvement": -0.0615,
      "clients_processed": 60
    },
    {
      "round": 11,