{
  "timestamp": "20250919_004320",
  "configuration": {
    "rounds": 10,
    "clients": 50,
    "batch_size": 2,
    "max_workers": 2,
    "target": "85%+ Accuracy"
  },
  "round_results": [
    {
      "round": 1,
      "accuracy": 0.4316,
      "f1_score": 0.6029617211511595,
      "precision": 0.4316,
      "recall": 1.0,
      "auc": 0.5,
      "pr_auc": 0.4316,
      "ece": 0.5684,
      "mce": 0.5684,
      "mae": 0.5684,
      "rmse": 0.7539230729988305,
      "smartwatch_training_time": 0.14293029997497797,
      "edge_encryption_time": 16.219038999988697,
      "server_aggregation_time": 0.06640040001366287,
      "global_update_time": 0.023995400057174265,
      "evaluation_time": 0.07158069999422878,
      "round_time": 16.54322052001953,
      "total_time": 16.54322052001953,
      "best_accuracy": 0.4316,
      "improvement": 0.4316,
      "clients_processed": 50,
      "weight_l2": 118.41279436354465,
      "bias": 29.980588522468313
    },
    {
      "round": 2,
      "accuracy": 0.5684,
      "f1_score": 0.0,
      "precision": 0.0,
      "recall": 0.0,
      "auc": 0.5,
      "pr_auc": 0.4316,
      "ece": 0,
      "mce": 0,
      "mae": 0.4316,
      "rmse": 0.6569627082262737,
      "smartwatch_training_time": 0.18235220003407449,
      "edge_encryption_time": 16.970148700056598,
      "server_aggregation_time": 0.044096300029195845,
      "global_update_time": 0.009059500065632164,
      "evaluation_time": 0.016781299957074225,
      "round_time": 17.388062477111816,
      "total_time": 17.388062477111816,
      "best_accuracy": 0.5684,
      "improvement": 0.13680000000000003,
      "clients_processed": 50,
      "weight_l2": 113.73868770858755,
      "bias": 17.79856678968442
    },
    {
      "round": 3,
      "accuracy": 0.5321,
      "f1_score": 0.3318577752391832,
      "precision": 0.4324525493114998,
      "recall": 0.2692307692307692,
      "auc": 0.5002684641016294,
      "pr_auc": 0.43183059028612036,
      "ece": 0.15309999999999999,
      "mce": 0.5675474506885002,
      "mae": 0.4679,
      "rmse": 0.6840321629865075,
      "smartwatch_training_time": 0.13076030008960515,
      "edge_encryption_time": 16.04980220005382,
      "server_aggregation_time": 0.041980699985288084,
      "global_update_time": 0.0061376000521704555,
      "evaluation_time": 0.024223199929110706,
      "round_time": 16.360738039016724,
      "total_time": 16.360738039016724,
      "best_accuracy": 0.5684,
      "improvement": -0.0363,
      "clients_processed": 50,
      "weight_l2": 135.44910873105457,
      "bias": -19.32846549879174
    },
    {
      "round": 4,
      "accuracy": 0.5627,
      "f1_score": 0.11602991712148777,
      "precision": 0.4548335974643423,
      "recall": 0.0664967562557924,
      "auc": 0.5030915357418415,
      "pr_auc": 0.43317321310342566,
      "ece": 0.035099999999999194,
      "mce": 0.5451664025356449,
      "mae": 0.43729999999999947,
      "rmse": 0.6612866246946166,
      "smartwatch_training_time": 0.13863619999028742,
      "edge_encryption_time": 15.74971500004176,
      "server_aggregation_time": 0.03951040003448725,
      "global_update_time": 0.008125799940899014,
      "evaluation_time": 0.02264899993315339,
      "round_time": 16.137894868850708,
      "total_time": 16.137894868850708,
      "best_accuracy": 0.5684,
      "improvement": 0.03059999999999996,
      "clients_processed": 50,
      "weight_l2": 136.11492055678644,
      "bias": 7.587857529091567
    },
    {
      "round": 5,
      "accuracy": 0.5032,
      "f1_score": 0.5255920550038197,
      "precision": 0.447043534762833,
      "recall": 0.6376274328081557,
      "auc": 0.5192463814006636,
      "pr_auc": 0.4416964319389064,
      "ece": 0.34356171739634894,
      "mce": 0.6182256763945149,
      "mae": 0.49676192487202614,
      "rmse": 0.7047965788359463,
      "smartwatch_training_time": 0.18024319992400706,
      "edge_encryption_time": 15.867335999966599,
      "server_aggregation_time": 0.0422775000333786,
      "global_update_time": 0.005523600033484399,
      "evaluation_time": 0.019815700012259185,
      "round_time": 16.223893404006958,
      "total_time": 16.223893404006958,
      "best_accuracy": 0.5684,
      "improvement": -0.0595,
      "clients_processed": 50,
      "weight_l2": 120.49849740951043,
      "bias": -27.119613904999838
    },
    {
      "round": 6,
      "accuracy": 0.4316,
      "f1_score": 0.6029617211511595,
      "precision": 0.4316,
      "recall": 1.0,
      "auc": 0.5,
      "pr_auc": 0.4316,
      "ece": 0.5684,
      "mce": 0.5684,
      "mae": 0.5684,
      "rmse": 0.7539230729988305,
      "smartwatch_training_time": 0.1589564000023529,
      "edge_encryption_time": 15.665779200033285,
      "server_aggregation_time": 0.040769999963231385,
      "global_update_time": 0.005838499986566603,
      "evaluation_time": 0.020701700006611645,
      "round_time": 16.016505241394043,
      "total_time": 16.016505241394043,
      "best_accuracy": 0.5684,
      "improvement": -0.0716,
      "clients_processed": 50,
      "weight_l2": 161.77133134881493,
      "bias": 41.277608440103876
    },
    {
      "round": 7,
      "accuracy": 0.5344,
      "f1_score": 0.4308068459657702,
      "precision": 0.4560041407867495,
      "recall": 0.4082483781278962,
      "auc": 0.5194874528699979,
      "pr_auc": 0.4416168551481889,
      "ece": 0.21219999999995995,
      "mce": 0.5439958592131469,
      "mae": 0.46560000000004004,
      "rmse": 0.6823488843692792,
      "smartwatch_training_time": 0.1616034999024123,
      "edge_encryption_time": 15.662494099931791,
      "server_aggregation_time": 0.037652499973773956,
      "global_update_time": 0.004320599953643978,
      "evaluation_time": 0.028767400071956217,
      "round_time": 15.960506200790405,
      "total_time": 15.960506200790405,
      "best_accuracy": 0.5684,
      "improvement": 0.1028,
      "clients_processed": 50,
      "weight_l2": 137.18428657528136,
      "bias": -21.984964992091257
    },
    {
      "round": 8,
      "accuracy": 0.4316,
      "f1_score": 0.6029617211511595,
      "precision": 0.4316,
      "recall": 1.0,
      "auc": 0.5,
      "pr_auc": 0.4316,
      "ece": 0.5684,
      "mce": 0.5684,
      "mae": 0.5684,
      "rmse": 0.7539230729988305,
      "smartwatch_training_time": 0.14688929996918887,
      "edge_encryption_time": 15.499319999944419,
      "server_aggregation_time": 0.04071999993175268,
      "global_update_time": 0.009626499959267676,
      "evaluation_time": 0.029256799956783652,
      "round_time": 15.849777221679688,
      "total_time": 15.849777221679688,
      "best_accuracy": 0.5684,
      "improvement": -0.1028,
      "clients_processed": 50,
      "weight_l2": 114.76474344983531,
      "bias": 21.217907273819932
    },
    {
      "round": 9,
      "accuracy": 0.4977,
      "f1_score": 0.41856696376895475,
      "precision": 0.41822808235021974,
      "recall": 0.41890639481000924,
      "auc": 0.4890925147023432,
      "pr_auc": 0.42594849474520025,
      "ece": 0.2584852313166158,
      "mce": 0.5817609104768326,
      "mae": 0.5023048178362749,
      "rmse": 0.7087248653289255,
      "smartwatch_training_time": 0.18319479993078858,
      "edge_encryption_time": 15.903002300066873,
      "server_aggregation_time": 0.038066199980676174,
      "global_update_time": 0.004788500024005771,
      "evaluation_time": 0.019402600009925663,
      "round_time": 16.269017696380615,
      "total_time": 16.269017696380615,
      "best_accuracy": 0.5684,
      "improvement": 0.06609999999999999,
      "clients_processed": 50,
      "weight_l2": 129.0607991211929,
      "bias": -7.639675588348197
    },
    {
      "round": 10,
      "accuracy": 0.4316,
      "f1_score": 0.6029617211511595,
      "precision": 0.4316,
      "recall": 1.0,
      "auc": 0.5,
      "pr_auc": 0.4316,
      "ece": 0.5684,
      "mce": 0.5684,
      "mae": 0.5684,
      "rmse": 0.7539230729988305,