{
  "timestamp": "20250919_001507",
  "configuration": {
    "rounds": 20,
    "clients": 60,
    "batch_size": 2,
    "max_workers": 2,
    "target": "85%+ Accuracy"
  },
  "round_results": [
    {
      "round": 1,
      "accuracy": 0.48175,
      "f1_score": 0.6502446431584276,
      "precision": 0.48175,
      "recall": 1.0,
      "auc": 0.5,
      "pr_auc": 0.48175,
      "ece": 0.51825,
      "mce": 0.51825,
      "mae": 0.51825,
      "rmse": 0.7198958257970385,
      "smartwatch_training_time": 0.19092559989076108,
      "edge_encryption_time": 19.502141199889593,
      "server_aggregation_time": 0.07452370005194098,
      "global_update_time": 0.003974599996581674,
      "evaluation_time": 0.04123329999856651,
      "round_time": 19.815894842147827,
      "total_time": 19.815894842147827,
      "best_accuracy": 0.48175,
      "improvement": 0.48175,
      "clients_processed": 60
    },
    {
      "round": 2,
      "accuracy": 0.4805,
      "f1_score": 0.5331735809495283,
      "precision": 0.47009111316519214,
      "recall": 0.6158104134232831,
      "auc": 0.4843576326783581,
      "pr_auc": 0.4742546910939992,
      "ece": 0.33841664820648676,
      "mce": 0.5299088808521961,
      "mae": 0.5195000166377345,
      "rmse": 0.7207634828291436,
      "smartwatch_training_time": 0.27128039998933673,
      "edge_encryption_time": 22.09973929997068,
      "server_aggregation_time": 0.06263800000306219,
      "global_update_time": 0.01301729993429035,
      "evaluation_time": 0.04157099989242852,
      "round_time": 22.70931077003479,
      "total_time": 22.70931077003479,
      "best_accuracy": 0.48175,
      "improvement": -0.0012500000000000289,
      "clients_processed": 60
    },
    {
      "round": 3,
      "accuracy": 0.5178333333333334,
      "f1_score": 0.37340264240849036,
      "precision": 0.49927599189110916,
      "recall": 0.2982183013319495,
      "auc": 0.5101059219478484,
      "pr_auc": 0.48718463593263056,
      "ece": 0.14630779850758943,
      "mce": 0.6935990911051998,
      "mae": 0.48214113205148107,
      "rmse": 0.6943510788394468,
      "smartwatch_training_time": 0.23758459999226034,
      "edge_encryption_time": 23.49336899991613,
      "server_aggregation_time": 0.06697780010290444,
      "global_update_time": 0.005548199987970293,
      "evaluation_time": 0.03219529998023063,
      "round_time": 23.96161675453186,
      "total_time": 23.96161675453186,
      "best_accuracy": 0.5178333333333334,
      "improvement": 0.037333333333333385,
      "clients_processed": 60
    },
    {
      "round": 4,
      "accuracy": 0.48133333333333334,
      "f1_score": 0.6490753270184935,
      "precision": 0.48147218736930153,
      "recall": 0.9956754886697803,
      "auc": 0.4994453722082355,
      "pr_auc": 0.48147338877317064,
      "ece": 0.5165833333333333,
      "mce": 0.5185278126306985,
      "mae": 0.5186666666666667,
      "rmse": 0.7201851613763413,
      "smartwatch_training_time": 0.2073515000520274,
      "edge_encryption_time": 19.11134609999135,
      "server_aggregation_time": 0.06765460001770407,
      "global_update_time": 0.004239599918946624,
      "evaluation_time": 0.03230760002043098,
      "round_time": 19.55049753189087,
      "total_time": 19.55049753189087,
      "best_accuracy": 0.5178333333333334,
      "improvement": -0.03650000000000003,
      "clients_processed": 60
    },
    {
      "round": 5,
      "accuracy": 0.51825,
      "f1_score": 0.0,
      "precision": 0.0,
      "recall": 0.0,
      "auc": 0.5,
      "pr_auc": 0.48175,
      "ece": 0,
      "mce": 0,
      "mae": 0.48175,
      "rmse": 0.6940821277053603,
      "smartwatch_training_time": 0.19831310003064573,
      "edge_encryption_time": 52.65023180004209,
      "server_aggregation_time": 0.23947120003867894,
      "global_update_time": 0.016821000026538968,
      "evaluation_time": 0.10784000006970018,
      "round_time": 53.524964570999146,
      "total_time": 53.524964570999146,
      "best_accuracy": 0.51825,
      "improvement": 0.03691666666666665,
      "clients_processed": 60
    },
    {
      "round": 6,
      "accuracy": 0.4379166666666667,
      "f1_score": 0.5167991976502615,
      "precision": 0.44106138420151625,
      "recall": 0.6239404947240962,
      "auc": 0.4439728995621083,
      "pr_auc": 0.45618160418399234,
      "ece": 0.38374800478055954,
      "mce": 0.5589356987011682,
      "mae": 0.5620853138681817,
      "rmse": 0.7497221925946397,
      "smartwatch_training_time": 0.7849871000507846,
      "edge_encryption_time": 31.475021500024013,
      "server_aggregation_time": 0.06247540004551411,
      "global_update_time": 0.005842600017786026,
      "evaluation_time": 0.6551743999589235,
      "round_time": 33.09428906440735,
      "total_time": 33.09428906440735,
      "best_accuracy": 0.51825,
      "improvement": -0.08033333333333331,
      "clients_processed": 60
    },
    {
      "round": 7,
      "accuracy": 0.51825,
      "f1_score": 0.0,
      "precision": 0.0,
      "recall": 0.0,
      "auc": 0.5,
      "pr_auc": 0.48175,
      "ece": 0,
      "mce": 0,
      "mae": 0.48175,
      "rmse": 0.6940821277053603,
      "smartwatch_training_time": 0.2943885000422597,
      "edge_encryption_time": 20.53215410001576,
      "server_aggregation_time": 0.06084749998990446,
      "global_update_time": 0.005221399944275618,
      "evaluation_time": 0.03143560001626611,
      "round_time": 21.024482011795044,
      "total_time": 21.024482011795044,
      "best_accuracy": 0.51825,
      "improvement": 0.08033333333333331,
      "clients_processed": 60
    },
    {
      "round": 8,
      "accuracy": 0.51825,
      "f1_score": 0.0,
      "precision": 0.0,
      "recall": 0.0,
      "auc": 0.5,
      "pr_auc": 0.48175,
      "ece": 0,
      "mce": 0,
      "mae": 0.48175,
      "rmse": 0.6940821277053603,
      "smartwatch_training_time": 0.22759060002863407,
      "edge_encryption_time": 20.003694899962284,
      "server_aggregation_time": 0.06440579995978624,
      "global_update_time": 0.010035500046797097,
      "evaluation_time": 0.019415299990214407,
      "round_time": 20.458202838897705,
      "total_time": 20.458202838897705,
      "best_accuracy": 0.51825,
      "improvement": 0.0,
      "clients_processed": 60
    },
    {
      "round": 9,
      "accuracy": 0.48175,
      "f1_score": 0.6502446431584276,
      "precision": 0.48175,
      "recall": 1.0,
      "auc": 0.5,
      "pr_auc": 0.48175,
      "ece": 0.51825,
      "mce": 0.51825,
      "mae": 0.51825,
      "rmse": 0.7198958257970385,
      "smartwatch_training_time": 0.2903051999164745,
      "edge_encryption_time": 19.35155499994289,
      "server_aggregation_time": 0.05627009994350374,
      "global_update_time": 0.006094599957577884,
      "evaluation_time": 0.021306600072421134,
      "round_time": 19.872761964797974,
      "total_time": 19.872761964797974,
      "best_accuracy": 0.51825,
      "improvement": -0.03649999999999998,
      "clients_processed": 60
    },
    {
      "round": 10,
      "accuracy": 0.51825,
      "f1_score": 0.0,
      "precision": 0.0,
      "recall": 0.0,
      "auc": 0.5,
      "pr_auc": 0.48175,
      "ece": 0,
      "mce": 0,
      "mae": 0.48175,
      "rmse": 0.6940821277053603,
      "smartwatch_training_time": 0.20540460001211613,
      "edge_encryption_time": 38.142023500055075,
      "server_aggregation_time": 0.058907900005578995,
      "global_update_time": 0.013366199913434684,
      "evaluation_time": 0.04122080001980066,
      "round_time": 38.57905149459839,
      "total_time": 38.57905149459839,
      "best_accuracy": 0.51825,
      "improvement": 0.03649999999999998,
      "clients_processed": 60
    },
    {
      "round": 11,
      "accuracy": 0.5168333333333334,
      "f1_score": 0.03719694453669877,
      "precision": 0.46473029045643155,
      "recall": 0.01937381075938419,
      "auc": 0.4997757985298135,
      "pr_auc": 0.4814410365679692,
      "ece": 0.01166666666449934,