{
  "timestamp": "20250919_005655",
  "configuration": {
    "rounds": 10,
    "clients": 5,
    "batch_size": 2,
    "max_workers": 2,
    "target": "85%+ Accuracy"
  },
  "round_results": [
    {
      "round": 1,
      "accuracy": 0.321,
      "f1_score": 0.48365019011406846,
      "precision": 0.3202416918429003,
      "recall": 0.9875776397515528,
      "auc": 0.49599204822367576,
      "pr_auc": 0.32026353418025555,
      "ece": 0.675,
      "mce": 0.6797583081570997,
      "mae": 0.679,
      "rmse": 0.8240145629781066,
      "smartwatch_training_time": 0.01769180002156645,
      "edge_encryption_time": 1.7229851000010967,
      "server_aggregation_time": 0.005059299990534782,
      "global_update_time": 0.007367499987594783,
      "evaluation_time": 0.012777099967934191,
      "round_time": 1.7667713165283203,
      "total_time": 1.7667713165283203,
      "best_accuracy": 0.321,
      "improvement": 0.321,
      "clients_processed": 5,
      "weight_l2": 139.94290953584058,
      "bias": 38.775686622298615
    },
    {
      "round": 2,
      "accuracy": 0.323,
      "f1_score": 0.48750946252838756,
      "precision": 0.32232232232232233,
      "recall": 1.0,
      "auc": 0.5007374631268436,
      "pr_auc": 0.32232232232232233,
      "ece": 0.6769999999999999,
      "mce": 0.6776776776776776,
      "mae": 0.677,
      "rmse": 0.8228000972289685,
      "smartwatch_training_time": 0.02412479999475181,
      "edge_encryption_time": 1.5936544999713078,
      "server_aggregation_time": 0.00820390006992966,
      "global_update_time": 0.006251399987377226,
      "evaluation_time": 0.014680400025099516,
      "round_time": 1.6587648391723633,
      "total_time": 1.6587648391723633,
      "best_accuracy": 0.323,
      "improvement": 0.0020000000000000018,
      "clients_processed": 5,
      "weight_l2": 136.6623110206347,
      "bias": 6.442015322502792
    },
    {
      "round": 3,
      "accuracy": 0.384,
      "f1_score": 0.5103338632750397,
      "precision": 0.34294871794871795,
      "recall": 0.9968944099378882,
      "auc": 0.5456196522472013,
      "pr_auc": 0.34324931079151033,
      "ece": 0.61499999999989,
      "mce": 0.6570512820511645,
      "mae": 0.61599999999989,
      "rmse": 0.7848566748138031,
      "smartwatch_training_time": 0.016518100048415363,
      "edge_encryption_time": 1.5492421999806538,
      "server_aggregation_time": 0.004557000007480383,
      "global_update_time": 0.0078081999672576785,
      "evaluation_time": 0.015634899958968163,
      "round_time": 1.6041898727416992,
      "total_time": 1.6041898727416992,
      "best_accuracy": 0.384,
      "improvement": 0.061,
      "clients_processed": 5,
      "weight_l2": 108.64582763836071,
      "bias": 0.4368362239164858
    },
    {
      "round": 4,
      "accuracy": 0.682,
      "f1_score": 0.05357142857142857,
      "precision": 0.6428571428571429,
      "recall": 0.027950310559006212,
      "auc": 0.5111100423239707,
      "pr_auc": 0.33190905057675246,
      "ece": 0.00599990606731396,
      "mce": 0.49995303365698046,
      "mae": 0.318000093932686,
      "rmse": 0.5639148872026907,
      "smartwatch_training_time": 0.019927200046367943,
      "edge_encryption_time": 1.4756339999148622,
      "server_aggregation_time": 0.0042449000757187605,
      "global_update_time": 0.007329100044444203,
      "evaluation_time": 0.009770799893885851,
      "round_time": 1.525146484375,
      "total_time": 1.525146484375,
      "best_accuracy": 0.682,
      "improvement": 0.29800000000000004,
      "clients_processed": 5,
      "weight_l2": 109.04871824629129,
      "bias": 31.373444459133534
    },
    {
      "round": 5,
      "accuracy": 0.322,
      "f1_score": 0.48714069591527986,
      "precision": 0.322,
      "recall": 1.0,
      "auc": 0.5,
      "pr_auc": 0.322,
      "ece": 0.6779999999999999,
      "mce": 0.6779999999999999,
      "mae": 0.678,
      "rmse": 0.8234075540095561,
      "smartwatch_training_time": 0.01921009994111955,
      "edge_encryption_time": 1.4291085000149906,
      "server_aggregation_time": 0.00482999999076128,
      "global_update_time": 0.007760700071230531,
      "evaluation_time": 0.017048999899998307,
      "round_time": 1.4980015754699707,
      "total_time": 1.4980015754699707,
      "best_accuracy": 0.682,
      "improvement": -0.36000000000000004,
      "clients_processed": 5,
      "weight_l2": 153.28694976863548,
      "bias": 8.839538647672176
    },
    {
      "round": 6,
      "accuracy": 0.322,
      "f1_score": 0.48714069591527986,
      "precision": 0.322,
      "recall": 1.0,
      "auc": 0.5,
      "pr_auc": 0.322,
      "ece": 0.6779999999999999,
      "mce": 0.6779999999999999,
      "mae": 0.678,
      "rmse": 0.8234075540095561,
      "smartwatch_training_time": 0.028580299927853048,
      "edge_encryption_time": 1.4308697000378743,
      "server_aggregation_time": 0.005065400036983192,
      "global_update_time": 0.004144500009715557,
      "evaluation_time": 0.013801199966110289,
      "round_time": 1.489849328994751,
      "total_time": 1.489849328994751,
      "best_accuracy": 0.682,
      "improvement": 0.0,
      "clients_processed": 5,
      "weight_l2": 121.891180581823,
      "bias": -19.551457662569025
    },
    {
      "round": 7,
      "accuracy": 0.322,
      "f1_score": 0.48714069591527986,
      "precision": 0.322,
      "recall": 1.0,
      "auc": 0.5,
      "pr_auc": 0.322,
      "ece": 0.6779999999999999,
      "mce": 0.6779999999999999,
      "mae": 0.678,
      "rmse": 0.8234075540095561,
      "smartwatch_training_time": 0.02417380001861602,
      "edge_encryption_time": 1.4604884000727907,
      "server_aggregation_time": 0.0037466000067070127,
      "global_update_time": 0.004982699989341199,
      "evaluation_time": 0.01358340005390346,
      "round_time": 1.50999116897583,
      "total_time": 1.50999116897583,
      "best_accuracy": 0.682,
      "improvement": 0.0,
      "clients_processed": 5,
      "weight_l2": 135.27585377611658,
      "bias": -3.1931804010851135
    },
    {
      "round": 8,
      "accuracy": 0.322,
      "f1_score": 0.48714069591527986,
      "precision": 0.322,
      "recall": 1.0,
      "auc": 0.5,
      "pr_auc": 0.322,
      "ece": 0.6779999999999999,
      "mce": 0.6779999999999999,
      "mae": 0.678,
      "rmse": 0.8234075540095561,
      "smartwatch_training_time": 0.018224100000225008,
      "edge_encryption_time": 1.5260559000307694,
      "server_aggregation_time": 0.006394499912858009,
      "global_update_time": 0.01032400003168732,
      "evaluation_time": 0.012976799975149333,
      "round_time": 1.5850422382354736,
      "total_time": 1.5850422382354736,
      "best_accuracy": 0.682,
      "improvement": 0.0,
      "clients_processed": 5,
      "weight_l2": 104.7819632746582,
      "bias": -3.7872203952777106
    },
    {
      "round": 9,
      "accuracy": 0.396,
      "f1_score": 0.028938906752411574,
      "precision": 0.03,
      "recall": 0.027950310559006212,
      "auc": 0.2767044101211088,
      "pr_auc": 0.31286032038878037,
      "ece": 0.29199999999998977,
      "mce": 0.9699999999999659,
      "mae": 0.6040000000000102,
      "rmse": 0.7771743691090179,
      "smartwatch_training_time": 0.019031900097616017,
      "edge_encryption_time": 1.5292496999027207,
      "server_aggregation_time": 0.004650100017897785,
      "global_update_time": 0.004934999975375831,
      "evaluation_time": 0.01092229993082583,
      "round_time": 1.5759868621826172,
      "total_time": 1.5759868621826172,
      "best_accuracy": 0.682,
      "improvement": 0.07400000000000001,
      "clients_processed": 5,
      "weight_l2": 97.88514336217675,
      "bias": 2.867883718797866
    },
    {
      "round": 10,
      "accuracy": 0.322,
      "f1_score": 0.48714069591527986,
      "precision": 0.322,
      "recall": 1.0,
      "auc": 0.5,
      "pr_auc": 0.322,
      "ece": 0.6779999999999999,
      "mce": 0.6779999999999999,
      "mae": 0.678,