{
  "timestamp": "20250919_095749",
  "configuration": {
    "rounds": 10,
    "clients": 5,
    "batch_size": 1,
    "max_workers": 1,
    "target": "85%+ Accuracy"
  },
  "round_results": [
    {
      "round": 1,
      "accuracy": 0.341,
      "f1_score": 0.49424405218726014,
      "precision": 0.32823649337410804,
      "recall": 1.0,
      "auc": 0.5140117994100295,
      "pr_auc": 0.32823649337410804,
      "ece": 0.659,
      "mce": 0.671763506625892,
      "mae": 0.659,
      "rmse": 0.8117881497040962,
      "smartwatch_training_time": 0.037505900021642447,
      "edge_encryption_time": 2.9257147000171244,
      "server_aggregation_time": 0.00989560002926737,
      "global_update_time": 0.004927200032398105,
      "evaluation_time": 0.03028990002349019,
      "round_time": 3.014129161834717,
      "total_time": 3.014129161834717,
      "best_accuracy": 0.341,
      "improvement": 0.341,
      "clients_processed": 5,
      "weight_l2": 131.34022471929927,
      "bias": -26.138677086035678
    },
    {
      "round": 2,
      "accuracy": 0.344,
      "f1_score": 0.4666666666666667,
      "precision": 0.31607929515418504,
      "recall": 0.8913043478260869,
      "auc": 0.48794866157313255,
      "pr_auc": 0.31669308015528524,
      "ece": 0.623,
      "mce": 1.0,
      "mae": 0.656,
      "rmse": 0.8099382692526635,
      "smartwatch_training_time": 0.029488300089724362,
      "edge_encryption_time": 2.30419689998962,
      "server_aggregation_time": 0.011842199950478971,
      "global_update_time": 0.010456199990585446,
      "evaluation_time": 0.022652499959804118,
      "round_time": 2.3909664154052734,
      "total_time": 2.3909664154052734,
      "best_accuracy": 0.344,
      "improvement": 0.002999999999999947,
      "clients_processed": 5,
      "weight_l2": 123.08517580415214,
      "bias": 6.625860008171104
    },
    {
      "round": 3,
      "accuracy": 0.322,
      "f1_score": 0.48714069591527986,
      "precision": 0.322,
      "recall": 1.0,
      "auc": 0.5,
      "pr_auc": 0.322,
      "ece": 0.6779999999999999,
      "mce": 0.6779999999999999,
      "mae": 0.678,
      "rmse": 0.8234075540095561,
      "smartwatch_training_time": 0.028963100048713386,
      "edge_encryption_time": 2.273021399974823,
      "server_aggregation_time": 0.007952699903398752,
      "global_update_time": 0.010633599944412708,
      "evaluation_time": 0.028326300089247525,
      "round_time": 2.3617162704467773,
      "total_time": 2.3617162704467773,
      "best_accuracy": 0.344,
      "improvement": -0.021999999999999964,
      "clients_processed": 5,
      "weight_l2": 126.16928246871716,
      "bias": -22.937243031105464
    },
    {
      "round": 4,
      "accuracy": 0.678,
      "f1_score": 0.0,
      "precision": 0.0,
      "recall": 0.0,
      "auc": 0.5,
      "pr_auc": 0.322,
      "ece": 0,
      "mce": 0,
      "mae": 0.322,
      "rmse": 0.5674504383644443,
      "smartwatch_training_time": 0.033729300019331276,
      "edge_encryption_time": 3.1664636000059545,
      "server_aggregation_time": 0.007912200060673058,
      "global_update_time": 0.0099651999771595,
      "evaluation_time": 0.05291099997702986,
      "round_time": 3.283458948135376,
      "total_time": 3.283458948135376,
      "best_accuracy": 0.678,
      "improvement": 0.35600000000000004,
      "clients_processed": 5,
      "weight_l2": 139.780856549312,
      "bias": -17.9811858113299
    },
    {
      "round": 5,
      "accuracy": 0.323,
      "f1_score": 0.48673237300985595,
      "precision": 0.32196589769307926,
      "recall": 0.9968944099378882,
      "auc": 0.49992213122263146,
      "pr_auc": 0.32196600360086475,
      "ece": 0.6759999999999999,
      "mce": 0.6780341023069207,
      "mae": 0.677,
      "rmse": 0.8228000972289685,
      "smartwatch_training_time": 0.05733320000581443,
      "edge_encryption_time": 3.49748829996679,
      "server_aggregation_time": 0.008227100013755262,
      "global_update_time": 0.011123300064355135,
      "evaluation_time": 0.03012130002025515,
      "round_time": 3.615373373031616,
      "total_time": 3.615373373031616,
      "best_accuracy": 0.678,
      "improvement": -0.35500000000000004,
      "clients_processed": 5,
      "weight_l2": 127.09062903353255,
      "bias": -7.880853302014746
    },
    {
      "round": 6,
      "accuracy": 0.678,
      "f1_score": 0.0,
      "precision": 0.0,
      "recall": 0.0,
      "auc": 0.5,
      "pr_auc": 0.322,
      "ece": 0,
      "mce": 0,
      "mae": 0.322,
      "rmse": 0.5674504383644443,
      "smartwatch_training_time": 0.04024350002873689,
      "edge_encryption_time": 3.683068300015293,
      "server_aggregation_time": 0.008620199980214238,
      "global_update_time": 0.012251100037246943,
      "evaluation_time": 0.02268350007943809,
      "round_time": 3.776141405105591,
      "total_time": 3.776141405105591,
      "best_accuracy": 0.678,
      "improvement": 0.35500000000000004,
      "clients_processed": 5,
      "weight_l2": 117.7112098737615,
      "bias": -9.101420265726459
    },
    {
      "round": 7,
      "accuracy": 0.678,
      "f1_score": 0.0,
      "precision": 0.0,
      "recall": 0.0,
      "auc": 0.5,
      "pr_auc": 0.322,
      "ece": 0,
      "mce": 0,
      "mae": 0.322,
      "rmse": 0.5674504383644443,
      "smartwatch_training_time": 0.0426669999724254,
      "edge_encryption_time": 3.478385000023991,
      "server_aggregation_time": 0.009276999975554645,
      "global_update_time": 0.010171700036153197,
      "evaluation_time": 0.023386299959383905,
      "round_time": 3.5787124633789062,
      "total_time": 3.5787124633789062,
      "best_accuracy": 0.678,
      "improvement": 0.0,
      "clients_processed": 5,
      "weight_l2": 124.16050730133004,
      "bias": -7.867874276207278
    },
    {
      "round": 8,
      "accuracy": 0.202,
      "f1_score": 0.3120689655172414,
      "precision": 0.2159904534606205,
      "recall": 0.562111801242236,
      "auc": 0.2961464116235183,
      "pr_auc": 0.26080563640511134,
      "ece": 0.662,
      "mce": 0.7840095465393795,
      "mae": 0.798,
      "rmse": 0.8933084573650918,
      "smartwatch_training_time": 0.03609970002435148,
      "edge_encryption_time": 3.1182181000476703,
      "server_aggregation_time": 0.014251300017349422,
      "global_update_time": 0.007744400063529611,
      "evaluation_time": 0.03498809994198382,
      "round_time": 3.2168490886688232,
      "total_time": 3.2168490886688232,
      "best_accuracy": 0.678,
      "improvement": -0.47600000000000003,
      "clients_processed": 5,
      "weight_l2": 104.8717926197614,
      "bias": 0.0024029871991952945
    },
    {
      "round": 9,
      "accuracy": 0.325,
      "f1_score": 0.488248673237301,
      "precision": 0.3229689067201605,
      "recall": 1.0,
      "auc": 0.502212389380531,
      "pr_auc": 0.3229689067201605,
      "ece": 0.675,
      "mce": 0.6770310932798396,
      "mae": 0.675,
      "rmse": 0.8215838362577492,
      "smartwatch_training_time": 0.0372714000986889,
      "edge_encryption_time": 3.0971476000268012,
      "server_aggregation_time": 0.010041399975307286,
      "global_update_time": 0.007875499897636473,
      "evaluation_time": 0.023435599985532463,
      "round_time": 3.1820106506347656,
      "total_time": 3.1820106506347656,
      "best_accuracy": 0.678,
      "improvement": 0.123,
      "clients_processed": 5,
      "weight_l2": 118.87146592179356,
      "bias": -12.149704369879222
    },
    {
      "round": 10,
      "accuracy": 0.719,
      "f1_score": 0.24664879356568364,
      "precision": 0.9019607843137255,
      "recall": 0.14285714285714285,
      "auc": 0.5686527785411971,
      "pr_auc": 0.4066585162493091,
      "ece": 0.005999999999999999,
      "mce": 0.5,
      "mae": 0.281,
      "rmse": 0.5300943312279429,
      "smartwatch_training_time": 0.03515000001061708,
      "edge_encryption_time": 3.352414599969052,
      "server_aggregation_time": 0.012729499954730272,