{
  "timestamp": "20250919_004022",
  "configuration": {
    "rounds": 10,
    "clients": 10,
    "batch_size": 2,
    "max_workers": 2,
    "target": "85%+ Accuracy"
  },
  "round_results": [
    {
      "round": 1,
      "accuracy": 0.631,
      "f1_score": 0.05141388174807198,
      "precision": 0.7407407407407407,
      "recall": 0.02663115845539281,
      "auc": 0.5114467072992616,
      "pr_auc": 0.38616749145030976,
      "ece": 0.0045000000000000005,
      "mce": 0.6666666666666666,
      "mae": 0.369,
      "rmse": 0.6074537019394977,
      "smartwatch_training_time": 0.03254739998374134,
      "edge_encryption_time": 2.8674953000154346,
      "server_aggregation_time": 0.007654899964109063,
      "global_update_time": 0.003118199994787574,
      "evaluation_time": 0.016715100035071373,
      "round_time": 2.929150342941284,
      "total_time": 2.929150342941284,
      "best_accuracy": 0.631,
      "improvement": 0.631,
      "clients_processed": 10,
      "weight_l2": 121.40665039458722,
      "bias": -12.194169629645216
    },
    {
      "round": 2,
      "accuracy": 0.6245,
      "f1_score": 0.0,
      "precision": 0.0,
      "recall": 0.0,
      "auc": 0.5,
      "pr_auc": 0.3755,
      "ece": 0,
      "mce": 0,
      "mae": 0.3755,
      "rmse": 0.6127805479941412,
      "smartwatch_training_time": 0.03429470001719892,
      "edge_encryption_time": 3.18980129994452,
      "server_aggregation_time": 0.013835499994456768,
      "global_update_time": 0.006624500034376979,
      "evaluation_time": 0.01709340000525117,
      "round_time": 3.287519931793213,
      "total_time": 3.287519931793213,
      "best_accuracy": 0.631,
      "improvement": -0.00649999999999995,
      "clients_processed": 10,
      "weight_l2": 109.3577782051302,
      "bias": -15.834882123815703
    },
    {
      "round": 3,
      "accuracy": 0.3755,
      "f1_score": 0.5459832788077063,
      "precision": 0.3755,
      "recall": 1.0,
      "auc": 0.5,
      "pr_auc": 0.3755,
      "ece": 0.6245,
      "mce": 0.6245,
      "mae": 0.6245,
      "rmse": 0.790253124005214,
      "smartwatch_training_time": 0.03581299993675202,
      "edge_encryption_time": 3.1504094999982044,
      "server_aggregation_time": 0.013361499994061887,
      "global_update_time": 0.0047571000177413225,
      "evaluation_time": 0.015631900052540004,
      "round_time": 3.244626045227051,
      "total_time": 3.244626045227051,
      "best_accuracy": 0.631,
      "improvement": -0.24900000000000005,
      "clients_processed": 10,
      "weight_l2": 130.3598351215994,
      "bias": -3.4641802417229517
    },
    {
      "round": 4,
      "accuracy": 0.6245,
      "f1_score": 0.0,
      "precision": 0.0,
      "recall": 0.0,
      "auc": 0.5,
      "pr_auc": 0.3755,
      "ece": 0,
      "mce": 0,
      "mae": 0.3755,
      "rmse": 0.6127805479941412,
      "smartwatch_training_time": 0.04092890000902116,
      "edge_encryption_time": 3.005586399929598,
      "server_aggregation_time": 0.011958800023421645,
      "global_update_time": 0.00600220006890595,
      "evaluation_time": 0.015597300021909177,
      "round_time": 3.0886669158935547,
      "total_time": 3.0886669158935547,
      "best_accuracy": 0.631,
      "improvement": 0.24900000000000005,
      "clients_processed": 10,
      "weight_l2": 112.98761436316589,
      "bias": 13.852059288826403
    },
    {
      "round": 5,
      "accuracy": 0.4925,
      "f1_score": 0.5122537241710716,
      "precision": 0.40075187969924814,
      "recall": 0.7097203728362184,
      "auc": 0.53427135849825,
      "pr_auc": 0.3942410738979124,
      "ece": 0.4014998823373207,
      "mce": 0.599247943364392,
      "mae": 0.5074998823373208,
      "rmse": 0.7123901772921427,
      "smartwatch_training_time": 0.036000599968247116,
      "edge_encryption_time": 2.8027633000165224,
      "server_aggregation_time": 0.01005709997843951,
      "global_update_time": 0.0075558999087661505,
      "evaluation_time": 0.014985600020736456,
      "round_time": 2.8995449542999268,
      "total_time": 2.8995449542999268,
      "best_accuracy": 0.631,
      "improvement": -0.13200000000000006,
      "clients_processed": 10,
      "weight_l2": 111.37055956105647,
      "bias": 14.849428037567712
    },
    {
      "round": 6,
      "accuracy": 0.545,
      "f1_score": 0.34532374100719426,
      "precision": 0.3755868544600939,
      "recall": 0.3195739014647137,
      "auc": 0.498022385951371,
      "pr_auc": 0.37520802896540834,
      "ece": 0.2005,
      "mce": 0.6244131455399061,
      "mae": 0.455,
      "rmse": 0.6745368781616021,
      "smartwatch_training_time": 0.03484029998071492,
      "edge_encryption_time": 3.130860000033863,
      "server_aggregation_time": 0.013613099930807948,
      "global_update_time": 0.00608349998947233,
      "evaluation_time": 0.012718699988909066,
      "round_time": 3.2247121334075928,
      "total_time": 3.2247121334075928,
      "best_accuracy": 0.631,
      "improvement": 0.05250000000000005,
      "clients_processed": 10,
      "weight_l2": 140.20921160422677,
      "bias": 10.08133339503867
    },
    {
      "round": 7,
      "accuracy": 0.6245,
      "f1_score": 0.0,
      "precision": 0.0,
      "recall": 0.0,
      "auc": 0.5,
      "pr_auc": 0.3755,
      "ece": 0,
      "mce": 0,
      "mae": 0.3755,
      "rmse": 0.6127805479941412,
      "smartwatch_training_time": 0.030195600003935397,
      "edge_encryption_time": 3.090171999996528,
      "server_aggregation_time": 0.013799099950119853,
      "global_update_time": 0.007541300030425191,
      "evaluation_time": 0.018426500027999282,
      "round_time": 3.175503730773926,
      "total_time": 3.175503730773926,
      "best_accuracy": 0.631,
      "improvement": 0.07950000000000002,
      "clients_processed": 10,
      "weight_l2": 118.61904498413766,
      "bias": -25.723658058006347
    },
    {
      "round": 8,
      "accuracy": 0.6245,
      "f1_score": 0.0,
      "precision": 0.0,
      "recall": 0.0,
      "auc": 0.5,
      "pr_auc": 0.3755,
      "ece": 0,
      "mce": 0,
      "mae": 0.3755,
      "rmse": 0.6127805479941412,
      "smartwatch_training_time": 0.035240800003521144,
      "edge_encryption_time": 3.11944110004697,
      "server_aggregation_time": 0.009594099945388734,
      "global_update_time": 0.004153499961830676,
      "evaluation_time": 0.013503800029866397,
      "round_time": 3.205186128616333,
      "total_time": 3.205186128616333,
      "best_accuracy": 0.631,
      "improvement": 0.0,
      "clients_processed": 10,
      "weight_l2": 131.1081534961327,
      "bias": 15.937598305422327
    },
    {
      "round": 9,
      "accuracy": 0.6245,
      "f1_score": 0.0,
      "precision": 0.0,
      "recall": 0.0,
      "auc": 0.5,
      "pr_auc": 0.3755,
      "ece": 0,
      "mce": 0,
      "mae": 0.3755,
      "rmse": 0.6127805479941412,
      "smartwatch_training_time": 0.0364581000758335,
      "edge_encryption_time": 3.0463789000641555,
      "server_aggregation_time": 0.013700600014999509,
      "global_update_time": 0.008010499994270504,
      "evaluation_time": 0.01768290007021278,
      "round_time": 3.140730381011963,
      "total_time": 3.140730381011963,
      "best_accuracy": 0.631,
      "improvement": 0.0,
      "clients_processed": 10,
      "weight_l2": 143.18917180777106,
      "bias": 12.16411498928207
    },
    {
      "round": 10,
      "accuracy": 0.3755,
      "f1_score": 0.5459832788077063,
      "precision": 0.3755,
      "recall": 1.0,
      "auc": 0.5,
      "pr_auc": 0.3755,
      "ece": 0.6245,
      "mce": 0.6245,
      "mae": 0.6245,
      "rmse": 0.790253124005214,
      "smartwatch_training_time": 0.040530099999159575,
      "edge_encryption_time": 3.183502799947746,
      "server_aggregation_time": 0.01104390004184097,
      "global_update_time": 0.006653099902905524,
      "evaluation_time": 0.01885190000757575,
      "round_time": 3.2853286266326904,
      "total_time": 3.2853286266326904,