{
  "timestamp": "20250919_004632",
  "configuration": {
    "rounds": 2,
    "clients": 3,
    "batch_size": 2,
    "max_workers": 2,
    "target": "85%+ Accuracy"
  },
  "round_results": [
    {
      "round": 1,
      "accuracy": 0.7683333333333333,
      "f1_score": 0.0,
      "precision": 0.0,
      "recall": 0.0,
      "auc": 0.49676724137931033,
      "pr_auc": 0.22666666666666666,
      "ece": 0.005,
      "mce": 1.0,
      "mae": 0.23166666666666666,
      "rmse": 0.4813176359397884,
      "smartwatch_training_time": 0.013446100056171417,
      "edge_encryption_time": 1.022804099950008,
      "server_aggregation_time": 0.004318099934607744,
      "global_update_time": 0.0033262999495491385,
      "evaluation_time": 0.012726599932648242,
      "round_time": 1.0619587898254395,
      "total_time": 1.0619587898254395,
      "best_accuracy": 0.7683333333333333,
      "improvement": 0.7683333333333333,
      "clients_processed": 3,
      "weight_l2": 138.02088822863328,
      "bias": -5.352103851224782
    },
    {
      "round": 2,
      "accuracy": 0.22666666666666666,
      "f1_score": 0.3695652173913043,
      "precision": 0.22666666666666666,
      "recall": 1.0,
      "auc": 0.5,
      "pr_auc": 0.22666666666666666,
      "ece": 0.7733333333333333,
      "mce": 0.7733333333333333,
      "mae": 0.7733333333333333,
      "rmse": 0.8793937305515279,
      "smartwatch_training_time": 0.006437400006689131,
      "edge_encryption_time": 0.9533728000242263,
      "server_aggregation_time": 0.0030063000740483403,
      "global_update_time": 0.004668300040066242,
      "evaluation_time": 0.011524699977599084,
      "round_time": 0.9838740825653076,
      "total_time": 0.9838740825653076,
      "best_accuracy": 0.7683333333333333,
      "improvement": -0.5416666666666666,
      "clients_processed": 3,
      "weight_l2": 146.32915702848132,
      "bias": -8.852353735034669
    }
  ],
  "final_statistics": {
    "avg_accuracy": 0.4975,
    "avg_f1_score": 0.18478260869565216,
    "avg_precision": 0.11333333333333333,
    "avg_recall": 0.5,
    "avg_auc": 0.49838362068965514,
    "final_accuracy": 0.22666666666666666,
    "best_accuracy": 0.7683333333333333,
    "accuracy_std": 0.2708333333333333,
    "avg_smartwatch_training_time": 0.009941750031430274,
    "avg_edge_encryption_time": 0.9880884499871172,
    "avg_server_aggregation_time": 0.0036622000043280423,
    "avg_evaluation_time": 0.012125649955123663,
    "avg_round_time": 1.0229164361953735,
    "total_time": 2.045832872390747,
    "convergence_rate": -0.5416666666666666,
    "stability_score": 0.7291666666666667,
    "target_achievement": false
  },
  "performance_summary": {
    "initial_accuracy": 0.7683333333333333,
    "final_accuracy": 0.22666666666666666,
    "best_accuracy": 0.7683333333333333,
    "total_improvement": 0.0,
    "rounds_completed": 2,
    "target_achieved": false
  }
}