{
  "timestamp": "20250919_003132",
  "configuration": {
    "rounds": 10,
    "clients": 20,
    "batch_size": 2,
    "max_workers": 2,
    "target": "85%+ Accuracy"
  },
  "round_results": [
    {
      "round": 1,
      "accuracy": 0.581,
      "f1_score": 0.0,
      "precision": 0.0,
      "recall": 0.0,
      "auc": 0.5,
      "pr_auc": 0.419,
      "ece": 0,
      "mce": 0,
      "mae": 0.419,
      "rmse": 0.6473020933072903,
      "smartwatch_training_time": 0.05820460000541061,
      "edge_encryption_time": 7.369638399919495,
      "server_aggregation_time": 0.024743299931287766,
      "global_update_time": 0.003439399995841086,
      "evaluation_time": 0.018794700037688017,
      "round_time": 7.481047630310059,
      "total_time": 7.481047630310059,
      "best_accuracy": 0.581,
      "improvement": 0.581,
      "clients_processed": 20
    },
    {
      "round": 2,
      "accuracy": 0.4185,
      "f1_score": 0.5896259703599153,
      "precision": 0.4185871743486974,
      "recall": 0.997016706443914,
      "auc": 0.4991531502758391,
      "pr_auc": 0.41858840592880275,
      "ece": 0.5802499999999999,
      "mce": 0.5814128256513026,
      "mae": 0.5815,
      "rmse": 0.7625614729318548,
      "smartwatch_training_time": 0.07667020009830594,
      "edge_encryption_time": 7.3333789999596775,
      "server_aggregation_time": 0.016984299989417195,
      "global_update_time": 0.003910999977961183,
      "evaluation_time": 0.015296999947167933,
      "round_time": 7.476888179779053,
      "total_time": 7.476888179779053,
      "best_accuracy": 0.581,
      "improvement": -0.16249999999999998,
      "clients_processed": 20
    },
    {
      "round": 3,
      "accuracy": 0.419,
      "f1_score": 0.5905567300916138,
      "precision": 0.419,
      "recall": 1.0,
      "auc": 0.5,
      "pr_auc": 0.419,
      "ece": 0.581,
      "mce": 0.581,
      "mae": 0.581,
      "rmse": 0.7622335600063802,
      "smartwatch_training_time": 0.05699139996431768,
      "edge_encryption_time": 7.198396399966441,
      "server_aggregation_time": 0.018042200012132525,
      "global_update_time": 0.004566200077533722,
      "evaluation_time": 0.017269099946133792,
      "round_time": 7.348983287811279,
      "total_time": 7.348983287811279,
      "best_accuracy": 0.581,
      "improvement": 0.0005000000000000004,
      "clients_processed": 20
    },
    {
      "round": 4,
      "accuracy": 0.49475,
      "f1_score": 0.5395306447938026,
      "precision": 0.43641725027644673,
      "recall": 0.7064439140811456,
      "auc": 0.523430407617514,
      "pr_auc": 0.4315317573854948,
      "ece": 0.38224928750301823,
      "mce": 0.5635816992303991,
      "mae": 0.5052492875030182,
      "rmse": 0.7108083968528651,
      "smartwatch_training_time": 0.062388199963606894,
      "edge_encryption_time": 6.718555699917488,
      "server_aggregation_time": 0.021073900046758354,
      "global_update_time": 0.006702100043185055,
      "evaluation_time": 0.015778300003148615,
      "round_time": 6.86118483543396,
      "total_time": 6.86118483543396,
      "best_accuracy": 0.581,
      "improvement": 0.07575000000000004,
      "clients_processed": 20
    },
    {
      "round": 5,
      "accuracy": 0.581,
      "f1_score": 0.0,
      "precision": 0.0,
      "recall": 0.0,
      "auc": 0.5,
      "pr_auc": 0.419,
      "ece": 0,
      "mce": 0,
      "mae": 0.419,
      "rmse": 0.6473020933072903,
      "smartwatch_training_time": 0.06796049990225583,
      "edge_encryption_time": 6.86500089999754,
      "server_aggregation_time": 0.017931199981831014,
      "global_update_time": 0.004929800052195787,
      "evaluation_time": 0.013152900035493076,
      "round_time": 7.002776861190796,
      "total_time": 7.002776861190796,
      "best_accuracy": 0.581,
      "improvement": 0.08624999999999994,
      "clients_processed": 20
    },
    {
      "round": 6,
      "accuracy": 0.419,
      "f1_score": 0.5905567300916138,
      "precision": 0.419,
      "recall": 1.0,
      "auc": 0.5,
      "pr_auc": 0.419,
      "ece": 0.581,
      "mce": 0.581,
      "mae": 0.581,
      "rmse": 0.7622335600063802,
      "smartwatch_training_time": 0.057122800033539534,
      "edge_encryption_time": 7.815753799979575,
      "server_aggregation_time": 0.014834600035101175,
      "global_update_time": 0.004634700017049909,
      "evaluation_time": 0.01887859997805208,
      "round_time": 7.9569761753082275,
      "total_time": 7.9569761753082275,
      "best_accuracy": 0.581,
      "improvement": -0.16199999999999998,
      "clients_processed": 20
    },
    {
      "round": 7,
      "accuracy": 0.42075,
      "f1_score": 0.5866190900981266,
      "precision": 0.41842708068210743,
      "recall": 0.9809069212410502,
      "auc": 0.4988449365138701,
      "pr_auc": 0.41843770240121864,
      "ece": 0.5714999999999999,
      "mce": 0.5815729193178926,
      "mae": 0.57925,
      "rmse": 0.761084752179414,
      "smartwatch_training_time": 0.061770200030878186,
      "edge_encryption_time": 6.626543899998069,
      "server_aggregation_time": 0.016537199961021543,
      "global_update_time": 0.005674900021404028,
      "evaluation_time": 0.018137100036256015,
      "round_time": 6.779337167739868,
      "total_time": 6.779337167739868,
      "best_accuracy": 0.581,
      "improvement": 0.0017500000000000293,
      "clients_processed": 20
    },
    {
      "round": 8,
      "accuracy": 0.42225,
      "f1_score": 0.5797417712311329,
      "precision": 0.41695003923620194,
      "recall": 0.951073985680191,
      "auc": 0.49597589129104214,
      "pr_auc": 0.41705033564588656,
      "ece": 0.5572499999999999,
      "mce": 0.583049960763798,
      "mae": 0.57775,
      "rmse": 0.7600986778044019,
      "smartwatch_training_time": 0.06351770006585866,
      "edge_encryption_time": 6.394312600023113,
      "server_aggregation_time": 0.013721600058488548,
      "global_update_time": 0.005910100066103041,
      "evaluation_time": 0.017783400020562112,
      "round_time": 6.549299716949463,
      "total_time": 6.549299716949463,
      "best_accuracy": 0.581,
      "improvement": 0.0015000000000000013,
      "clients_processed": 20
    },
    {
      "round": 9,
      "accuracy": 0.581,
      "f1_score": 0.0,
      "precision": 0.0,
      "recall": 0.0,
      "auc": 0.5,
      "pr_auc": 0.419,
      "ece": 0,
      "mce": 0,
      "mae": 0.419,
      "rmse": 0.6473020933072903,
      "smartwatch_training_time": 0.06077069998718798,
      "edge_encryption_time": 6.496150900027715,
      "server_aggregation_time": 0.013702300027944148,
      "global_update_time": 0.00558880006428808,
      "evaluation_time": 0.017006300040520728,
      "round_time": 6.644790410995483,
      "total_time": 6.644790410995483,
      "best_accuracy": 0.581,
      "improvement": 0.15874999999999995,
      "clients_processed": 20
    },
    {
      "round": 10,
      "accuracy": 0.58975,
      "f1_score": 0.5475599669148056,
      "precision": 0.5089697590978985,
      "recall": 0.5924821002386634,
      "auc": 0.5906975155993903,
      "pr_auc": 0.4728886004627213,
      "ece": 0.24141933376086197,
      "mce": 0.6773350434478962,
      "mae": 0.41016933376086195,
      "rmse": 0.640401979767607,
      "smartwatch_training_time": 0.0627717999741435,
      "edge_encryption_time": 7.029562100069597,
      "server_aggregation_time": 0.015103299985639751,
      "global_update_time": 0.0066157999681308866,
      "evaluation_time": 0.02296960004605353,
      "round_time": 7.188096284866333,
      "total_time": 7.188096284866333,
      "best_accuracy": 0.58975,
      "improvement": 0.008750000000000036,
      "clients_processed": 20
    }
  ],
  "final_statistics": {
    "avg_accuracy": 0.49269999999999997,
    "avg_f1_score": 0.4024190903581011,
    "avg_precision": 0.30373513036413524,
    "avg_recall": 0.6227923627684964,
    "avg_auc": 0.5108101901297656,
    "final_accuracy": 0.58975,
    "best_accuracy": 0.58975,