{
  "configuration": {
    "rounds": 5,
    "clients": 10,
    "architecture": "hybrid_smartwatch_edge_cloud"
  },
  "round_results": [
    {
      "round": 1,
      "accuracy": 0.812,
      "f1_score": 0.6829679595278246,
      "precision": 0.9310344827586207,
      "recall": 0.5392809587217043,
      "auc": 0.6891084105633375,
      "pr_auc": 0.7339217178975809,
      "mae": 0.4999999999911969,
      "rmse": 0.4999999999911968,
      "ece": 0.3119999999836378,
      "mce": 0.43103448274753187,
      "clients_processed": 10,
      "smartwatch_training_time": 0.02815210004337132,
      "edge_encryption_time": 0.040024999994784594,
      "server_aggregation_time": 0.005769000039435923,
      "internal_he_time": 0.0,
      "global_update_time": 0.001972900005057454,
      "edge_decryption_time": 3.4999102354049683e-06,
      "evaluation_time": 0.010750100016593933,
      "round_time": 0.08748800004832447
    },
    {
      "round": 2,
      "accuracy": 0.809,
      "f1_score": 0.664323374340949,
      "precision": 0.9767441860465116,
      "recall": 0.5033288948069241,
      "auc": 0.6869277046137575,
      "pr_auc": 0.7324834281390273,
      "mae": 0.4999999999905285,
      "rmse": 0.4999999999905285,
      "ece": 0.3089999999818798,
      "mce": 0.47674418603734536,
      "clients_processed": 10,
      "smartwatch_training_time": 0.02160460001323372,
      "edge_encryption_time": 0.032614899915643036,
      "server_aggregation_time": 0.005372100044041872,
      "internal_he_time": 0.0,
      "global_update_time": 0.0016049999976530671,
      "edge_decryption_time": 1.1999974958598614e-05,
      "evaluation_time": 0.00821550004184246,
      "round_time": 0.07013919996097684
    },
    {
      "round": 3,
      "accuracy": 0.792,
      "f1_score": 0.6650563607085346,
      "precision": 0.8411405295315683,
      "recall": 0.5499334221038615,
      "auc": 0.6849586193588693,
      "pr_auc": 0.7322823913134571,
      "mae": 0.49999999999188194,
      "rmse": 0.499999999991882,
      "ece": 0.29199999998490256,
      "mce": 0.3411405295194778,
      "clients_processed": 10,
      "smartwatch_training_time": 0.02045660000294447,
      "edge_encryption_time": 0.032337799901142716,
      "server_aggregation_time": 0.005396199994720519,
      "internal_he_time": 0.0,
      "global_update_time": 0.0014976999955251813,
      "edge_decryption_time": 2.500019036233425e-06,
      "evaluation_time": 0.008482399978674948,
      "round_time": 0.06887850002385676
    },
    {
      "round": 4,
      "accuracy": 0.788,
      "f1_score": 0.6608,
      "precision": 0.8276553106212425,
      "recall": 0.5499334221038615,
      "auc": 0.6866761051984064,
      "pr_auc": 0.7327602180773974,
      "mae": 0.4999999999920097,
      "rmse": 0.4999999999920098,
      "ece": 0.2879999999852103,
      "mce": 0.3276553106088822,
      "clients_processed": 10,
      "smartwatch_training_time": 0.021067699999548495,
      "edge_encryption_time": 0.032812300021760166,
      "server_aggregation_time": 0.0053073999006301165,
      "internal_he_time": 0.0,
      "global_update_time": 0.0016313999658450484,
      "edge_decryption_time": 3.500026650726795e-06,
      "evaluation_time": 0.007160699926316738,
      "round_time": 0.06870920001529157
    },
    {
      "round": 5,
      "accuracy": 0.7915,
      "f1_score": 0.6645213193885761,
      "precision": 0.8394308943089431,
      "recall": 0.5499334221038615,
      "auc": 0.6872725877106478,
      "pr_auc": 0.7332451523687321,
      "mae": 0.4999999999919164,
      "rmse": 0.49999999999191647,
      "ece": 0.29149999998507675,
      "mce": 0.3394308942967884,
      "clients_processed": 10,
      "smartwatch_training_time": 0.02149349998217076,
      "edge_encryption_time": 0.03247259999625385,
      "server_aggregation_time": 0.005623999983072281,
      "internal_he_time": 0.0,
      "global_update_time": 0.0016087000258266926,
      "edge_decryption_time": 7.3999399319291115e-06,
      "evaluation_time": 0.007203300017863512,
      "round_time": 0.06910419999621809
    }
  ],
  "final_statistics": {
    "initial_accuracy": 0.812,
    "final_accuracy": 0.7915,
    "best_accuracy": 0.812,
    "accuracy_improvement": -0.020500000000000074,
    "final_f1_score": 0.6645213193885761,
    "best_f1_score": 0.6829679595278246,
    "final_precision": 0.8394308943089431,
    "final_recall": 0.5499334221038615,
    "final_auc": 0.6872725877106478,
    "final_pr_auc": 0.7332451523687321,
    "final_mae": 0.4999999999919164,
    "final_rmse": 0.49999999999191647,
    "final_ece": 0.29149999998507675,
    "final_mce": 0.3394308942967884,
    "avg_smartwatch_training_time": 0.022554900008253755,
    "total_smartwatch_training_time": 0.11277450004126877,
    "avg_edge_encryption_time": 0.03405251996591687,
    "total_edge_encryption_time": 0.17026259982958436,
    "avg_server_aggregation_time": 0.0054937399923801426,
    "avg_internal_he_time": 0.0,
    "total_internal_he_time": 0.0,
    "avg_global_update_time": 0.0016631399979814888,
    "avg_evaluation_time": 0.008362399996258318,
    "avg_round_time": 0.07286382000893354,
    "total_pipeline_time": 0.3643191000446677
  },
  "timing_statistics": {
    "total_pipeline_time": 0.3643191000446677,
    "avg_round_time": 0.07286382000893354,
    "avg_smartwatch_training_time": 0.022554900008253755,
    "total_smartwatch_training_time": 0.11277450004126877,
    "avg_edge_encryption_time": 0.03405251996591687,
    "total_edge_encryption_time": 0.17026259982958436,
    "avg_server_aggregation_time": 0.0054937399923801426,
    "avg_internal_he_time": 0.0,
    "total_internal_he_time": 0.0,
    "avg_global_update_time": 0.0016631399979814888,
    "avg_evaluation_time": 0.008362399996258318
  },
  "performance_metrics": {
    "initial_accuracy": 0.812,
    "final_accuracy": 0.7915,
    "best_accuracy": 0.812,
    "accuracy_improvement": -0.020500000000000074,
    "final_f1_score": 0.6645213193885761,
    "best_f1_score": 0.6829679595278246,
    "final_precision": 0.8394308943089431,
    "final_recall": 0.5499334221038615,
    "final_auc": 0.6872725877106478,
    "final_pr_auc": 0.7332451523687321,
    "final_mae": 0.4999999999919164,
    "final_rmse": 0.49999999999191647,
    "final_ece": 0.29149999998507675,
    "final_mce": 0.3394308942967884
  },
  "metadata": {
    "timestamp": "20250918_183618",
    "architecture": "hybrid_smartwatch_edge_cloud",
    "optimization": "single_process_execution",
    "fhe_config": {
      "polynomial_degree": 8192,
      "scale_bits": 40,
      "security_bits": 128
    }
  }
}