{
  "configuration": {
    "rounds": 5,
    "clients": 10,
    "architecture": "hybrid_smartwatch_edge_cloud"
  },
  "round_results": [
    {
      "round": 1,
      "accuracy": 0.6245,
      "f1_score": 0.0,
      "precision": 0.0,
      "recall": 0.0,
      "auc": 0.49310287111180295,
      "pr_auc": 0.3668822881797347,
      "mae": 0.4999999999990071,
      "rmse": 0.4999999999990071,
      "ece": 0.12449999999593597,
      "mce": 0.12449999999593597,
      "clients_processed": 10,
      "smartwatch_training_time": 0.018523500068113208,
      "edge_encryption_time": 0.03377320000436157,
      "server_aggregation_time": 0.005862399935722351,
      "internal_he_time": 0.0,
      "global_update_time": 0.002118700067512691,
      "edge_decryption_time": 3.400025889277458e-06,
      "evaluation_time": 0.03443990007508546,
      "round_time": 0.09540539991576225
    },
    {
      "round": 2,
      "accuracy": 0.6245,
      "f1_score": 0.0,
      "precision": 0.0,
      "recall": 0.0,
      "auc": 0.49397494027179134,
      "pr_auc": 0.3710770869470591,
      "mae": 0.4999999999987651,
      "rmse": 0.4999999999987651,
      "ece": 0.12449999999492284,
      "mce": 0.12449999999492284,
      "clients_processed": 10,
      "smartwatch_training_time": 0.057549300021491945,
      "edge_encryption_time": 0.06701959995552897,
      "server_aggregation_time": 0.012475700001232326,
      "internal_he_time": 0.0,
      "global_update_time": 0.0022260999539867043,
      "edge_decryption_time": 3.00002284348011e-06,
      "evaluation_time": 0.008770699962042272,
      "round_time": 0.14917280001100153
    },
    {
      "round": 3,
      "accuracy": 0.6245,
      "f1_score": 0.0,
      "precision": 0.0,
      "recall": 0.0,
      "auc": 0.5051311355342597,
      "pr_auc": 0.36999344564395054,
      "mae": 0.49999999999749767,
      "rmse": 0.49999999999749767,
      "ece": 0.1244999999899511,
      "mce": 0.1244999999899511,
      "clients_processed": 10,
      "smartwatch_training_time": 0.0174664999358356,
      "edge_encryption_time": 0.031289200065657496,
      "server_aggregation_time": 0.00531739997677505,
      "internal_he_time": 0.0,
      "global_update_time": 0.002039100043475628,
      "edge_decryption_time": 3.400025889277458e-06,
      "evaluation_time": 0.008317599887959659,
      "round_time": 0.0651816000463441
    },
    {
      "round": 4,
      "accuracy": 0.6245,
      "f1_score": 0.0,
      "precision": 0.0,
      "recall": 0.0,
      "auc": 0.4943955164131305,
      "pr_auc": 0.3682364369475862,
      "mae": 0.499999999998695,
      "rmse": 0.499999999998695,
      "ece": 0.12449999999467493,
      "mce": 0.12449999999467493,
      "clients_processed": 10,
      "smartwatch_training_time": 0.0203781999880448,
      "edge_encryption_time": 0.033292299951426685,
      "server_aggregation_time": 0.00529509992338717,
      "internal_he_time": 0.0,
      "global_update_time": 0.0019906999077647924,
      "edge_decryption_time": 3.100023604929447e-06,
      "evaluation_time": 0.008715200005099177,
      "round_time": 0.07058089994825423
    },
    {
      "round": 5,
      "accuracy": 0.6245,
      "f1_score": 0.0,
      "precision": 0.0,
      "recall": 0.0,
      "auc": 0.5026828386810647,
      "pr_auc": 0.36781624927137396,
      "mae": 0.4999999999975645,
      "rmse": 0.4999999999975644,
      "ece": 0.12449999999017858,
      "mce": 0.12449999999017858,
      "clients_processed": 10,
      "smartwatch_training_time": 0.019863100023940206,
      "edge_encryption_time": 0.03454340004827827,
      "server_aggregation_time": 0.006342199980281293,
      "internal_he_time": 0.0,
      "global_update_time": 0.002847100025974214,
      "edge_decryption_time": 2.600019797682762e-06,
      "evaluation_time": 0.007347799954004586,
      "round_time": 0.0718966000713408
    }
  ],
  "final_statistics": {
    "initial_accuracy": 0.6245,
    "final_accuracy": 0.6245,
    "best_accuracy": 0.6245,
    "accuracy_improvement": 0.0,
    "final_f1_score": 0.0,
    "best_f1_score": 0.0,
    "final_precision": 0.0,
    "final_recall": 0.0,
    "final_auc": 0.5026828386810647,
    "final_pr_auc": 0.36781624927137396,
    "final_mae": 0.4999999999975645,
    "final_rmse": 0.4999999999975644,
    "final_ece": 0.12449999999017858,
    "final_mce": 0.12449999999017858,
    "avg_smartwatch_training_time": 0.026756120007485153,
    "total_smartwatch_training_time": 0.13378060003742576,
    "avg_edge_encryption_time": 0.0399835400050506,
    "total_edge_encryption_time": 0.199917700025253,
    "avg_server_aggregation_time": 0.007058559963479638,
    "avg_internal_he_time": 0.0,
    "total_internal_he_time": 0.0,
    "avg_global_update_time": 0.002244339999742806,
    "avg_evaluation_time": 0.013518239976838231,
    "avg_round_time": 0.09044745999854058,
    "total_pipeline_time": 0.4522372999927029
  },
  "timing_statistics": {
    "total_pipeline_time": 0.4522372999927029,
    "avg_round_time": 0.09044745999854058,
    "avg_smartwatch_training_time": 0.026756120007485153,
    "total_smartwatch_training_time": 0.13378060003742576,
    "avg_edge_encryption_time": 0.0399835400050506,
    "total_edge_encryption_time": 0.199917700025253,
    "avg_server_aggregation_time": 0.007058559963479638,
    "avg_internal_he_time": 0.0,
    "total_internal_he_time": 0.0,
    "avg_global_update_time": 0.002244339999742806,
    "avg_evaluation_time": 0.013518239976838231
  },
  "performance_metrics": {
    "initial_accuracy": 0.6245,
    "final_accuracy": 0.6245,
    "best_accuracy": 0.6245,
    "accuracy_improvement": 0.0,
    "final_f1_score": 0.0,
    "best_f1_score": 0.0,
    "final_precision": 0.0,
    "final_recall": 0.0,
    "final_auc": 0.5026828386810647,
    "final_pr_auc": 0.36781624927137396,
    "final_mae": 0.4999999999975645,
    "final_rmse": 0.4999999999975644,
    "final_ece": 0.12449999999017858,
    "final_mce": 0.12449999999017858
  },
  "metadata": {
    "timestamp": "20250918_183538",
    "architecture": "hybrid_smartwatch_edge_cloud",
    "optimization": "single_process_execution",
    "fhe_config": {
      "polynomial_degree": 8192,
      "scale_bits": 40,
      "security_bits": 128
    }
  }
}