{
  "timestamp": "20250918_194251",
  "configuration": {
    "rounds": 3,
    "clients": 5,
    "batch_size": 2,
    "max_workers": 2,
    "optimization_focus": "FHE Pipeline Compatibility"
  },
  "round_results": [
    {
      "round": 1,
      "accuracy": 0.678,
      "f1_score": 0.0,
      "precision": 0.0,
      "recall": 0.0,
      "auc": 0.5,
      "pr_auc": 0.322,
      "ece": 0,
      "mce": 0,
      "mae": 0.322,
      "rmse": 0.5674504383644443,
      "smartwatch_training_time": 0.011088800034485757,
      "edge_encryption_time": 1.2102793999947608,
      "server_aggregation_time": 0.0053813999984413385,
      "global_update_time": 0.0018452999647706747,
      "evaluation_time": 0.006689199944958091,
      "round_time": 1.2359950542449951,
      "total_time": 1.2359950542449951,
      "best_accuracy": 0.678,
      "improvement": 0.678,
      "clients_processed": 5,
      "optimization_stats": {
        "quality_scores": {
          "client_0": 0.1,
          "client_1": 0.1,
          "client_2": 0.1,
          "client_3": 0.1,
          "client_4": 0.1
        },
        "adaptive_weights": {
          "client_0": 0.2,
          "client_1": 0.2,
          "client_2": 0.2,
          "client_3": 0.2,
          "client_4": 0.2
        },
        "total_clients": 5,
        "aggregation_method": "optimized_weighted"
      }
    },
    {
      "round": 2,
      "accuracy": 0.686,
      "f1_score": 0.06547619047619048,
      "precision": 0.7857142857142857,
      "recall": 0.034161490683229816,
      "auc": 0.5164142802176662,
      "pr_auc": 0.33932564330079856,
      "ece": 0.004,
      "mce": 1.0,
      "mae": 0.314,
      "rmse": 0.5603570290448759,
      "smartwatch_training_time": 0.010512999957427382,
      "edge_encryption_time": 1.224564200034365,
      "server_aggregation_time": 0.003258500015363097,
      "global_update_time": 0.0026201000437140465,
      "evaluation_time": 0.009844999993219972,
      "round_time": 1.2549185752868652,
      "total_time": 1.2549185752868652,
      "best_accuracy": 0.686,
      "improvement": 0.008000000000000007,
      "clients_processed": 5,
      "optimization_stats": {
        "quality_scores": {
          "client_0": 0.1,
          "client_1": 0.1,
          "client_2": 0.1,
          "client_3": 0.1,
          "client_4": 0.1
        },
        "adaptive_weights": {
          "client_0": 0.2,
          "client_1": 0.2,
          "client_2": 0.2,
          "client_3": 0.2,
          "client_4": 0.2
        },
        "total_clients": 5,
        "aggregation_method": "optimized_weighted"
      }
    },
    {
      "round": 3,
      "accuracy": 0.678,
      "f1_score": 0.0,
      "precision": 0.0,
      "recall": 0.0,
      "auc": 0.5,
      "pr_auc": 0.322,
      "ece": 0,
      "mce": 0,
      "mae": 0.322,
      "rmse": 0.5674504383644443,
      "smartwatch_training_time": 0.010363999987021089,
      "edge_encryption_time": 1.2449973999755457,
      "server_aggregation_time": 0.005639099981635809,
      "global_update_time": 0.0034419000148773193,
      "evaluation_time": 0.007939700037240982,
      "round_time": 1.2786028385162354,
      "total_time": 1.2786028385162354,
      "best_accuracy": 0.686,
      "improvement": -0.008000000000000007,
      "clients_processed": 5,
      "optimization_stats": {
        "quality_scores": {
          "client_0": 0.1,
          "client_1": 0.1,
          "client_2": 0.1,
          "client_3": 0.1,
          "client_4": 0.1
        },
        "adaptive_weights": {
          "client_0": 0.2,
          "client_1": 0.2,
          "client_2": 0.2,
          "client_3": 0.2,
          "client_4": 0.2
        },
        "total_clients": 5,
        "aggregation_method": "optimized_weighted"
      }
    }
  ],
  "final_statistics": {
    "avg_accuracy": 0.6806666666666668,
    "avg_f1_score": 0.021825396825396828,
    "avg_precision": 0.2619047619047619,
    "avg_recall": 0.011387163561076606,
    "avg_auc": 0.5054714267392221,
    "final_accuracy": 0.678,
    "best_accuracy": 0.686,
    "accuracy_std": 0.0037712361663282566,
    "avg_smartwatch_training_time": 0.010655266659644743,
    "avg_edge_encryption_time": 1.226613666668224,
    "avg_server_aggregation_time": 0.0047596666651467485,
    "avg_evaluation_time": 0.008157966658473015,
    "avg_round_time": 1.2565054893493652,
    "total_time": 3.7695164680480957,
    "convergence_rate": 0.0,
    "stability_score": 0.9962287638336718
  },
  "timing_statistics": {
    "smartwatch_training_times": [
      0.011088800034485757,
      0.010512999957427382,
      0.010363999987021089
    ],
    "edge_encryption_times": [
      1.2102793999947608,
      1.224564200034365,
      1.2449973999755457
    ],
    "cloud_aggregation_times": [
      0.0053813999984413385,
      0.003258500015363097,
      0.005639099981635809
    ],
    "optimization_stats": [
      {
        "quality_scores": {
          "client_0": 0.1,
          "client_1": 0.1,
          "client_2": 0.1,
          "client_3": 0.1,
          "client_4": 0.1
        },
        "adaptive_weights": {
          "client_0": 0.2,
          "client_1": 0.2,
          "client_2": 0.2,
          "client_3": 0.2,
          "client_4": 0.2
        },
        "total_clients": 5,
        "aggregation_method": "optimized_weighted"
      },
      {
        "quality_scores": {
          "client_0": 0.1,
          "client_1": 0.1,
          "client_2": 0.1,
          "client_3": 0.1,
          "client_4": 0.1
        },
        "adaptive_weights": {
          "client_0": 0.2,
          "client_1": 0.2,
          "client_2": 0.2,
          "client_3": 0.2,
          "client_4": 0.2
        },
        "total_clients": 5,
        "aggregation_method": "optimized_weighted"
      },
      {
        "quality_scores": {
          "client_0": 0.1,
          "client_1": 0.1,
          "client_2": 0.1,
          "client_3": 0.1,
          "client_4": 0.1
        },
        "adaptive_weights": {
          "client_0": 0.2,
          "client_1": 0.2,
          "client_2": 0.2,
          "client_3": 0.2,
          "client_4": 0.2
        },
        "total_clients": 5,
        "aggregation_method": "optimized_weighted"
      }
    ]
  },
  "performance_summary": {
    "initial_accuracy": 0.678,
    "final_accuracy": 0.678,
    "best_accuracy": 0.686,
    "total_improvement": 0.008000000000000007,
    "rounds_completed": 3
  }
}