{
  "timestamp": "20250918_182833",
  "configuration": {
    "rounds": 10,
    "clients": 10,
    "patience": 999
  },
  "round_results": [
    {
      "round": 1,
      "accuracy": 0.9155,
      "f1_score": 0.8988629563135847,
      "precision": 0.816304347826087,
      "recall": 1.0,
      "auc": 0.9999925373054769,
      "pr_auc": 0.9999876729937406,
      "ece": 0.11104589734625095,
      "mce": 0.7507625050858923,
      "mae": 0.1113809383419269,
      "rmse": 0.22737337926779222,
      "encryption_time": 0.07763433456420898,
      "aggregation_time": 0.07362937927246094,
      "decryption_time": 0.0,
      "total_time": 0.15126371383666992,
      "is_encrypted": true,
      "improvement": 0.9155,
      "best_accuracy": 0.9155
    },
    {
      "round": 2,
      "accuracy": 0.8535,
      "f1_score": 0.8367688022284122,
      "precision": 0.7193486590038314,
      "recall": 1.0,
      "auc": 0.9997633259736951,
      "pr_auc": 0.9996164324656592,
      "ece": 0.14986512077173164,
      "mce": 0.8299555189534469,
      "mae": 0.15314873414919117,
      "rmse": 0.3113371178767907,
      "encryption_time": 0.07312822341918945,
      "aggregation_time": 0.06726360321044922,
      "decryption_time": 0.0,
      "total_time": 0.14039182662963867,
      "is_encrypted": true,
      "improvement": -0.061999999999999944,
      "best_accuracy": 0.9155
    },
    {
      "round": 3,
      "accuracy": 0.852,
      "f1_score": 0.8353726362625139,
      "precision": 0.7172874880611271,
      "recall": 1.0,
      "auc": 0.9996716414409824,
      "pr_auc": 0.999464409510377,
      "ece": 0.15193675171943336,
      "mce": 0.8341427655291414,
      "mae": 0.15531958843723256,
      "rmse": 0.31512037808683124,
      "encryption_time": 0.07200431823730469,
      "aggregation_time": 0.06715941429138184,
      "decryption_time": 0.0,
      "total_time": 0.13916373252868652,
      "is_encrypted": true,
      "improvement": -0.0635,
      "best_accuracy": 0.9155
    },
    {
      "round": 4,
      "accuracy": 0.853,
      "f1_score": 0.8363028953229399,
      "precision": 0.7186602870813397,
      "recall": 1.0,
      "auc": 0.9997793174619589,
      "pr_auc": 0.999643321131561,
      "ece": 0.14860379819066702,
      "mce": 0.8324238163347578,
      "mae": 0.15214981078560214,
      "rmse": 0.30830903053191167,
      "encryption_time": 0.0768437385559082,
      "aggregation_time": 0.06643033027648926,
      "decryption_time": 0.0,
      "total_time": 0.14327406883239746,
      "is_encrypted": true,
      "improvement": -0.0625,
      "best_accuracy": 0.9155
    },
    {
      "round": 5,
      "accuracy": 0.852,
      "f1_score": 0.8353726362625139,
      "precision": 0.7172874880611271,
      "recall": 1.0,
      "auc": 0.999597014495751,
      "pr_auc": 0.9993414967485738,
      "ece": 0.15457573176303308,
      "mce": 0.8339896103551487,
      "mae": 0.15824585009347802,
      "rmse": 0.3182846145712076,
      "encryption_time": 0.07661676406860352,
      "aggregation_time": 0.06076836585998535,
      "decryption_time": 0.0,
      "total_time": 0.13738512992858887,
      "is_encrypted": true,
      "improvement": -0.0635,
      "best_accuracy": 0.9155
    },
    {
      "round": 6,
      "accuracy": 0.852,
      "f1_score": 0.8353726362625139,
      "precision": 0.7172874880611271,
      "recall": 1.0,
      "auc": 0.9997835818588292,
      "pr_auc": 0.9996513075503743,
      "ece": 0.1519579604279496,
      "mce": 0.833970943770185,
      "mae": 0.15522562292668848,
      "rmse": 0.31382890068935,
      "encryption_time": 0.07973051071166992,
      "aggregation_time": 0.06845259666442871,
      "decryption_time": 0.0,
      "total_time": 0.14818310737609863,
      "is_encrypted": true,
      "improvement": -0.0635,
      "best_accuracy": 0.9155
    },
    {
      "round": 7,
      "accuracy": 0.852,
      "f1_score": 0.8353726362625139,
      "precision": 0.7172874880611271,
      "recall": 1.0,
      "auc": 0.9995447756340892,
      "pr_auc": 0.9992572247799265,
      "ece": 0.1529976699539543,
      "mce": 0.8350960938167933,
      "mae": 0.15655608231644202,
      "rmse": 0.31730254367284627,
      "encryption_time": 0.0715324878692627,
      "aggregation_time": 0.06598758697509766,
      "decryption_time": 0.0,
      "total_time": 0.13752007484436035,
      "is_encrypted": true,
      "improvement": -0.0635,
      "best_accuracy": 0.9155
    },
    {
      "round": 8,
      "accuracy": 0.853,
      "f1_score": 0.8363028953229399,
      "precision": 0.7186602870813397,
      "recall": 1.0,
      "auc": 0.9996535177542833,
      "pr_auc": 0.999436538882227,
      "ece": 0.15156183834748269,
      "mce": 0.8316151547714093,
      "mae": 0.1550048651151139,
      "rmse": 0.31447202677458713,
      "encryption_time": 0.07376646995544434,
      "aggregation_time": 0.06824088096618652,
      "decryption_time": 0.0,
      "total_time": 0.14200735092163086,
      "is_encrypted": true,
      "improvement": -0.0625,
      "best_accuracy": 0.9155
    },
    {
      "round": 9,
      "accuracy": 0.848,
      "f1_score": 0.831672203765227,
      "precision": 0.7118483412322275,
      "recall": 1.0,
      "auc": 0.9996364601668019,
      "pr_auc": 0.999413195122414,
      "ece": 0.1534464511371809,
      "mce": 0.8319498443630268,
      "mae": 0.15681348009701582,
      "rmse": 0.3176558738488373,
      "encryption_time": 0.08580923080444336,
      "aggregation_time": 0.07295536994934082,
      "decryption_time": 0.0,
      "total_time": 0.15876460075378418,
      "is_encrypted": true,
      "improvement": -0.0675,
      "best_accuracy": 0.9155
    },
    {
      "round": 10,
      "accuracy": 0.854,
      "f1_score": 0.8372352285395763,
      "precision": 0.7200383509108341,
      "recall": 1.0,
      "auc": 0.999578890809052,
      "pr_auc": 0.9993187085697358,
      "ece": 0.14934968192549256,
      "mce": 0.837106355135089,
      "mae": 0.15293783974194092,
      "rmse": 0.312523146548178,
      "encryption_time": 0.0709540843963623,
      "aggregation_time": 0.06535220146179199,
      "decryption_time": 0.0,
      "total_time": 0.1363062858581543,
      "is_encrypted": true,
      "improvement": -0.0615,
      "best_accuracy": 0.9155
    }
  ],
  "final_summary": {
    "rounds_completed": 10,
    "initial_accuracy": 0.9155,
    "final_accuracy": 0.854,
    "best_accuracy": 0.9155,
    "total_improvement": 0.0,
    "avg_encryption_time": 0.07580201625823975,
    "avg_aggregation_time": 0.06762397289276123,
    "avg_total_time": 0.14342598915100097,
    "total_pipeline_time": 2.415198802947998
  }
}