{
  "timestamp": "20250918_181148",
  "configuration": {
    "rounds": 5,
    "clients": 10,
    "patience": 999
  },
  "round_results": [
    {
      "round": 1,
      "accuracy": 0.9155,
      "f1_score": 0.8988629563135847,
      "precision": 0.816304347826087,
      "recall": 1.0,
      "auc": 0.9999925373054769,
      "pr_auc": 0.9999876729937406,
      "ece": 0.11104589767909068,
      "mce": 0.7507625045826753,
      "mae": 0.11138093868286619,
      "rmse": 0.22737337995182696,
      "encryption_time": 0.1348857879638672,
      "aggregation_time": 0.13042736053466797,
      "decryption_time": 0.0,
      "total_time": 0.26531314849853516,
      "is_encrypted": true,
      "improvement": 0.9155,
      "best_accuracy": 0.9155
    },
    {
      "round": 2,
      "accuracy": 0.8535,
      "f1_score": 0.8367688022284122,
      "precision": 0.7193486590038314,
      "recall": 1.0,
      "auc": 0.9997633259736951,
      "pr_auc": 0.9996164324656592,
      "ece": 0.14986512110649333,
      "mce": 0.8299555172046662,
      "mae": 0.15314873447946661,
      "rmse": 0.3113371181109291,
      "encryption_time": 0.11755156517028809,
      "aggregation_time": 0.11474728584289551,
      "decryption_time": 0.0,
      "total_time": 0.2322988510131836,
      "is_encrypted": true,
      "improvement": -0.061999999999999944,
      "best_accuracy": 0.9155
    },
    {
      "round": 3,
      "accuracy": 0.852,
      "f1_score": 0.8353726362625139,
      "precision": 0.7172874880611271,
      "recall": 1.0,
      "auc": 0.9996716414409824,
      "pr_auc": 0.999464409510377,
      "ece": 0.15193675151780792,
      "mce": 0.834142762907419,
      "mae": 0.15531958820151232,
      "rmse": 0.3151203775136999,
      "encryption_time": 0.086151123046875,
      "aggregation_time": 0.07489800453186035,
      "decryption_time": 0.0,
      "total_time": 0.16104912757873535,
      "is_encrypted": true,
      "improvement": -0.0635,
      "best_accuracy": 0.9155
    },
    {
      "round": 4,
      "accuracy": 0.853,
      "f1_score": 0.8363028953229399,
      "precision": 0.7186602870813397,
      "recall": 1.0,
      "auc": 0.9997793174619589,
      "pr_auc": 0.999643321131561,
      "ece": 0.1486037974882573,
      "mce": 0.8324238156807443,
      "mae": 0.15214981022330784,
      "rmse": 0.3083090294073735,
      "encryption_time": 0.10886669158935547,
      "aggregation_time": 0.09455323219299316,
      "decryption_time": 0.0,
      "total_time": 0.20341992378234863,
      "is_encrypted": true,
      "improvement": -0.0625,
      "best_accuracy": 0.9155
    },
    {
      "round": 5,
      "accuracy": 0.852,
      "f1_score": 0.8353726362625139,
      "precision": 0.7172874880611271,
      "recall": 1.0,
      "auc": 0.999597014495751,
      "pr_auc": 0.9993414967485738,
      "ece": 0.1545757325709044,
      "mce": 0.8339896106394037,
      "mae": 0.15824585090305898,
      "rmse": 0.31828461571385636,
      "encryption_time": 0.1366872787475586,
      "aggregation_time": 0.1242222785949707,
      "decryption_time": 0.0,
      "total_time": 0.2609095573425293,
      "is_encrypted": true,
      "improvement": -0.0635,
      "best_accuracy": 0.9155
    }
  ],
  "final_summary": {
    "rounds_completed": 5,
    "initial_accuracy": 0.9155,
    "final_accuracy": 0.852,
    "best_accuracy": 0.9155,
    "total_improvement": 0.0,
    "avg_encryption_time": 0.11682848930358887,
    "avg_aggregation_time": 0.10776963233947753,
    "avg_total_time": 0.22459812164306642,
    "total_pipeline_time": 2.951749801635742
  }
}