{
  "pipeline_info": {
    "type": "smartwatch_edge_cloud",
    "rounds": 2,
    "clients": 5,
    "batch_size": 2,
    "max_workers": 2,
    "timestamp": "20250918_181859",
    "total_samples": 2000,
    "one_class_clients": 1,
    "cpu_cores": 12
  },
  "final_performance": {
    "accuracy": 0.375,
    "f1_score": 0.5444606413994169,
    "precision": 0.3748118414450577,
    "recall": 0.9946737683089214,
    "auc": 0.49853784492307557,
    "pr_auc": 0.3748155067369615,
    "mae": 0.625,
    "rmse": 0.7905694150420949,
    "ece": 0.6230000000000001,
    "mce": 0.6251881585549424,
    "best_accuracy": 0.375,
    "accuracy_improvement": 0.004500000000000004
  },
  "performance_trends": {
    "initial_accuracy": 0.3705,
    "final_accuracy": 0.375,
    "accuracy_improvement": 0.004500000000000004,
    "best_accuracy": 0.375,
    "final_f1": 0.5444606413994169,
    "best_f1": 0.5444606413994169
  },
  "timing_statistics": {
    "total_pipeline_time": 9.960676431655884,
    "avg_round_time": 4.980338215827942,
    "avg_smartwatch_training_time": 0.02359926700592041,
    "avg_edge_encryption_time": 0.023433208465576172,
    "avg_server_aggregation_time": 0.006242450093850493,
    "avg_internal_he_time": 0.00975191593170166,
    "avg_global_update_time": 0.0028445999487303197,
    "avg_evaluation_time": 0.010377549973782152,
    "total_smartwatch_training_time": 0.04719853401184082,
    "total_edge_encryption_time": 0.046866416931152344,
    "total_server_aggregation_time": 0.012484900187700987,
    "total_internal_he_time": 0.01950383186340332,
    "total_global_update_time": 0.0056891998974606395,
    "total_evaluation_time": 0.020755099947564304,
    "total_rounds": 2
  },
  "architecture_benefits": {
    "privacy_preservation": "Training happens on smartwatch (private device)",
    "security_separation": "Edge device only handles encryption/decryption",
    "scalability": "Edge devices can serve multiple smartwatches",
    "realistic_iot": "Matches real-world IoT architecture",
    "separation_of_concerns": "Training vs. encryption are separate"
  },
  "round_results": [
    {
      "round": 1,
      "accuracy": 0.3705,
      "f1_score": 0.4756351520199917,
      "precision": 0.34606060606060607,
      "recall": 0.7603195739014648,
      "auc": 0.4482142305055762,
      "pr_auc": 0.35311665254408264,
      "mae": 0.6295,
      "rmse": 0.7934103604062654,
      "ece": 0.5395,
      "mce": 0.6539393939393939,
      "best_accuracy": 0.3705,
      "smartwatch_training_time": 0.02568650245666504,
      "edge_encryption_time": 0.026355504989624023,
      "server_aggregation_time": 0.006282000103965402,
      "internal_he_time": 0.006506919860839844,
      "global_update_time": 0.0024366999277845025,
      "evaluation_time": 0.012702099978923798,
      "total_time": 4.812003135681152,
      "clients_processed": 10,
      "is_encrypted": true,
      "improvement": 0.0
    },
    {
      "round": 2,
      "accuracy": 0.375,
      "f1_score": 0.5444606413994169,
      "precision": 0.3748118414450577,
      "recall": 0.9946737683089214,
      "auc": 0.49853784492307557,
      "pr_auc": 0.3748155067369615,
      "mae": 0.625,
      "rmse": 0.7905694150420949,
      "ece": 0.6230000000000001,
      "mce": 0.6251881585549424,
      "best_accuracy": 0.375,
      "smartwatch_training_time": 0.02151203155517578,
      "edge_encryption_time": 0.02051091194152832,
      "server_aggregation_time": 0.006202900083735585,
      "internal_he_time": 0.012996912002563477,
      "global_update_time": 0.003252499969676137,
      "evaluation_time": 0.008052999968640506,
      "total_time": 5.1486732959747314,
      "clients_processed": 10,
      "is_encrypted": true,
      "improvement": 0.004500000000000004
    }
  ]
}