{
  "pipeline_info": {
    "type": "smartwatch_edge_cloud",
    "rounds": 5,
    "clients": 10,
    "batch_size": 4,
    "max_workers": 4,
    "timestamp": "20250918_184910",
    "total_samples": 2000,
    "one_class_clients": 1,
    "cpu_cores": 12
  },
  "final_performance": {
    "accuracy": 0.6115,
    "f1_score": 0.34430379746835443,
    "precision": 0.4700460829493088,
    "recall": 0.27163781624500666,
    "auc": 0.5456967438131597,
    "pr_auc": 0.4021222001419732,
    "mae": 0.3885,
    "rmse": 0.6232976816898969,
    "ece": 0.11750000000000001,
    "mce": 0.625,
    "best_accuracy": 0.6245,
    "accuracy_improvement": -0.011499999999999955
  },
  "performance_trends": {
    "initial_accuracy": 0.623,
    "final_accuracy": 0.6115,
    "accuracy_improvement": -0.011499999999999955,
    "best_accuracy": 0.6245,
    "final_f1": 0.34430379746835443,
    "best_f1": 0.5455871626549964
  },
  "timing_statistics": {
    "total_pipeline_time": 29.595904111862183,
    "avg_round_time": 5.919180822372437,
    "avg_smartwatch_training_time": 0.024585151672363283,
    "avg_edge_encryption_time": 0.06870651245117188,
    "avg_server_aggregation_time": 0.010081940004602075,
    "avg_internal_he_time": 0.0,
    "avg_global_update_time": 0.006333620008081198,
    "avg_evaluation_time": 0.01424978005234152,
    "total_smartwatch_training_time": 0.1229257583618164,
    "total_edge_encryption_time": 0.3435325622558594,
    "total_server_aggregation_time": 0.05040970002301037,
    "total_internal_he_time": 0.0,
    "total_global_update_time": 0.03166810004040599,
    "total_evaluation_time": 0.0712489002617076,
    "total_rounds": 5
  },
  "architecture_benefits": {
    "privacy_preservation": "Training happens on smartwatch (private device)",
    "security_separation": "Edge device only handles encryption/decryption",
    "scalability": "Edge devices can serve multiple smartwatches",
    "realistic_iot": "Matches real-world IoT architecture",
    "separation_of_concerns": "Training vs. encryption are separate"
  },
  "round_results": [
    {
      "round": 1,
      "accuracy": 0.623,
      "f1_score": 0.007894736842105263,
      "precision": 0.3333333333333333,
      "recall": 0.0039946737683089215,
      "auc": 0.4995954153469247,
      "pr_auc": 0.3753315579227696,
      "mae": 0.377,
      "rmse": 0.6140032573203501,
      "ece": 0.003,
      "mce": 0.6666666666666667,
      "best_accuracy": 0.623,
      "smartwatch_training_time": 0.01347804069519043,
      "edge_encryption_time": 0.04851579666137695,
      "server_aggregation_time": 0.007799500017426908,
      "internal_he_time": 0.0,
      "global_update_time": 0.004138599964790046,
      "evaluation_time": 0.018572600092738867,
      "total_time": 5.808363199234009,
      "clients_processed": 10,
      "is_encrypted": true,
      "improvement": 0.0
    },
    {
      "round": 2,
      "accuracy": 0.6245,
      "f1_score": 0.0,
      "precision": 0.0,
      "recall": 0.0,
      "auc": 0.5,
      "pr_auc": 0.3755,
      "mae": 0.3755,
      "rmse": 0.6127805479941412,
      "ece": 0,
      "mce": 0,
      "best_accuracy": 0.6245,
      "smartwatch_training_time": 0.022557735443115234,
      "edge_encryption_time": 0.07458758354187012,
      "server_aggregation_time": 0.006161700002849102,
      "internal_he_time": 0.0,
      "global_update_time": 0.004391000024043024,
      "evaluation_time": 0.01648420002311468,
      "total_time": 6.306030988693237,
      "clients_processed": 10,
      "is_encrypted": true,
      "improvement": 0.0015000000000000568
    },
    {
      "round": 3,
      "accuracy": 0.62,
      "f1_score": 0.0026246719160104987,
      "precision": 0.09090909090909091,
      "recall": 0.0013315579227696406,
      "auc": 0.49626278919273903,
      "pr_auc": 0.37512105072025176,
      "mae": 0.38000000000000006,
      "rmse": 0.6164414002968976,
      "ece": 0.005000000000000048,
      "mce": 0.9090909090909091,
      "best_accuracy": 0.6245,
      "smartwatch_training_time": 0.0432276725769043,
      "edge_encryption_time": 0.07532882690429688,
      "server_aggregation_time": 0.02115279994904995,
      "internal_he_time": 0.0,
      "global_update_time": 0.012836000067181885,
      "evaluation_time": 0.00816820003092289,
      "total_time": 5.835400104522705,
      "clients_processed": 10,
      "is_encrypted": true,
      "improvement": -0.0045000000000000595
    },
    {
      "round": 4,
      "accuracy": 0.377,
      "f1_score": 0.5455871626549964,
      "precision": 0.3756906077348066,
      "recall": 0.996005326231691,
      "auc": 0.5004093820995544,
      "pr_auc": 0.3756916054748125,
      "mae": 0.623,
      "rmse": 0.7893034904268447,
      "ece": 0.6225,
      "mce": 0.6243093922651934,
      "best_accuracy": 0.6245,
      "smartwatch_training_time": 0.012897014617919922,
      "edge_encryption_time": 0.0630495548248291,
      "server_aggregation_time": 0.009038400021381676,
      "internal_he_time": 0.0,
      "global_update_time": 0.0058105000061914325,
      "evaluation_time": 0.007741800043731928,
      "total_time": 5.341775894165039,
      "clients_processed": 10,
      "is_encrypted": true,
      "improvement": -0.243
    },
    {
      "round": 5,
      "accuracy": 0.6115,
      "f1_score": 0.34430379746835443,
      "precision": 0.4700460829493088,
      "recall": 0.27163781624500666,
      "auc": 0.5456967438131597,
      "pr_auc": 0.4021222001419732,
      "mae": 0.3885,
      "rmse": 0.6232976816898969,
      "ece": 0.11750000000000001,
      "mce": 0.625,
      "best_accuracy": 0.6245,
      "smartwatch_training_time": 0.030765295028686523,
      "edge_encryption_time": 0.08205080032348633,
      "server_aggregation_time": 0.006257300032302737,
      "internal_he_time": 0.0,
      "global_update_time": 0.004491999978199601,
      "evaluation_time": 0.02028210007119924,
      "total_time": 6.304333925247192,
      "clients_processed": 10,
      "is_encrypted": true,
      "improvement": 0.23450000000000004
    }
  ]
}