{
  "pipeline_info": {
    "type": "smartwatch_edge_cloud",
    "rounds": 5,
    "clients": 10,
    "batch_size": 4,
    "max_workers": 4,
    "timestamp": "20250918_181232",
    "total_samples": 2000,
    "one_class_clients": 1,
    "cpu_cores": 12
  },
  "final_performance": {
    "accuracy": 0.3755,
    "f1_score": 0.5459832788077063,
    "precision": 0.3755,
    "recall": 1.0,
    "auc": 0.5,
    "pr_auc": 0.3755,
    "mae": 0.6245,
    "rmse": 0.790253124005214,
    "ece": 0.6245,
    "mce": 0.6245,
    "best_accuracy": 0.6245,
    "accuracy_improvement": -0.24900000000000005
  },
  "performance_trends": {
    "initial_accuracy": 0.6245,
    "final_accuracy": 0.3755,
    "accuracy_improvement": -0.24900000000000005,
    "best_accuracy": 0.6245,
    "final_f1": 0.5459832788077063,
    "best_f1": 0.5459832788077063
  },
  "timing_statistics": {
    "total_pipeline_time": 29.06890606880188,
    "avg_round_time": 5.813781213760376,
    "avg_smartwatch_training_time": 0.033766317367553714,
    "avg_edge_encryption_time": 0.0727869987487793,
    "avg_server_aggregation_time": 0.011500440002419055,
    "avg_internal_he_time": 0.011434507369995118,
    "avg_global_update_time": 0.0034271800192072987,
    "avg_evaluation_time": 0.014186539989896118,
    "total_smartwatch_training_time": 0.16883158683776855,
    "total_edge_encryption_time": 0.3639349937438965,
    "total_server_aggregation_time": 0.05750220001209527,
    "total_internal_he_time": 0.057172536849975586,
    "total_global_update_time": 0.017135900096036494,
    "total_evaluation_time": 0.0709326999494806,
    "total_rounds": 5
  },
  "architecture_benefits": {
    "privacy_preservation": "Training happens on smartwatch (private device)",
    "security_separation": "Edge device only handles encryption/decryption",
    "scalability": "Edge devices can serve multiple smartwatches",
    "realistic_iot": "Matches real-world IoT architecture",
    "separation_of_concerns": "Training vs. encryption are separate"
  },
  "round_results": [
    {
      "round": 1,
      "accuracy": 0.6245,
      "f1_score": 0.0,
      "precision": 0.0,
      "recall": 0.0,
      "auc": 0.5,
      "pr_auc": 0.3755,
      "mae": 0.3755,
      "rmse": 0.6127805479941412,
      "ece": 0,
      "mce": 0,
      "best_accuracy": 0.6245,
      "smartwatch_training_time": 0.02234625816345215,
      "edge_encryption_time": 0.06825065612792969,
      "server_aggregation_time": 0.008825800032354891,
      "internal_he_time": 0.0005342960357666016,
      "global_update_time": 0.002245600102469325,
      "evaluation_time": 0.014734600088559091,
      "total_time": 5.5285866260528564,
      "clients_processed": 10,
      "is_encrypted": true,
      "improvement": 0.0
    },
    {
      "round": 2,
      "accuracy": 0.624,
      "f1_score": 0.033419023136246784,
      "precision": 0.48148148148148145,
      "recall": 0.017310252996005325,
      "auc": 0.5030506429111332,
      "pr_auc": 0.3773345662573359,
      "mae": 0.376,
      "rmse": 0.6131883886702356,
      "ece": 0.007000000000000001,
      "mce": 0.5185185185185186,
      "best_accuracy": 0.6245,
      "smartwatch_training_time": 0.025948524475097656,
      "edge_encryption_time": 0.0802149772644043,
      "server_aggregation_time": 0.010422399966046214,
      "internal_he_time": 0.009398937225341797,
      "global_update_time": 0.002853799960575998,
      "evaluation_time": 0.014756099903024733,
      "total_time": 5.517593145370483,
      "clients_processed": 10,
      "is_encrypted": true,
      "improvement": -0.000500000000000056
    },
    {
      "round": 3,
      "accuracy": 0.3755,
      "f1_score": 0.5459832788077063,
      "precision": 0.3755,
      "recall": 1.0,
      "auc": 0.5,
      "pr_auc": 0.3755,
      "mae": 0.6245,
      "rmse": 0.790253124005214,
      "ece": 0.6245,
      "mce": 0.6245,
      "best_accuracy": 0.6245,
      "smartwatch_training_time": 0.05021858215332031,
      "edge_encryption_time": 0.08486795425415039,
      "server_aggregation_time": 0.01450050005223602,
      "internal_he_time": 0.021022319793701172,
      "global_update_time": 0.005297499941661954,
      "evaluation_time": 0.010776999988593161,
      "total_time": 6.078296899795532,
      "clients_processed": 10,
      "is_encrypted": true,
      "improvement": -0.2485
    },
    {
      "round": 4,
      "accuracy": 0.6215,
      "f1_score": 0.01045751633986928,
      "precision": 0.2857142857142857,
      "recall": 0.005326231691078562,
      "auc": 0.49865991328348963,
      "pr_auc": 0.3750217804831653,
      "mae": 0.3785,
      "rmse": 0.615223536610881,
      "ece": 0.005,
      "mce": 0.7142857142857143,
      "best_accuracy": 0.6245,
      "smartwatch_training_time": 0.04329562187194824,
      "edge_encryption_time": 0.06641864776611328,
      "server_aggregation_time": 0.012674400000832975,
      "internal_he_time": 0.015671253204345703,
      "global_update_time": 0.0029579000547528267,
      "evaluation_time": 0.014363800059072673,
      "total_time": 6.106561183929443,
      "clients_processed": 10,
      "is_encrypted": true,
      "improvement": 0.24600000000000005
    },
    {
      "round": 5,
      "accuracy": 0.3755,
      "f1_score": 0.5459832788077063,
      "precision": 0.3755,
      "recall": 1.0,
      "auc": 0.5,
      "pr_auc": 0.3755,
      "mae": 0.6245,
      "rmse": 0.790253124005214,
      "ece": 0.6245,
      "mce": 0.6245,
      "best_accuracy": 0.6245,
      "smartwatch_training_time": 0.027022600173950195,
      "edge_encryption_time": 0.06418275833129883,
      "server_aggregation_time": 0.011079099960625172,
      "internal_he_time": 0.010545730590820312,
      "global_update_time": 0.0037811000365763903,
      "evaluation_time": 0.016301199910230935,
      "total_time": 5.8378682136535645,
      "clients_processed": 10,
      "is_encrypted": true,
      "improvement": -0.24600000000000005
    }
  ]
}