{
  "pipeline_info": {
    "type": "smartwatch_edge_cloud",
    "rounds": 5,
    "clients": 10,
    "batch_size": 4,
    "max_workers": 4,
    "timestamp": "20250918_181139",
    "total_samples": 2000,
    "one_class_clients": 1,
    "cpu_cores": 12
  },
  "final_performance": {
    "accuracy": 0.3755,
    "f1_score": 0.5459832788077063,
    "precision": 0.3755,
    "recall": 1.0,
    "auc": 0.5,
    "pr_auc": 0.3755,
    "mae": 0.6245,
    "rmse": 0.790253124005214,
    "ece": 0.6245,
    "mce": 0.6245,
    "best_accuracy": 0.407,
    "accuracy_improvement": -0.007500000000000007
  },
  "performance_trends": {
    "initial_accuracy": 0.383,
    "final_accuracy": 0.3755,
    "accuracy_improvement": -0.007500000000000007,
    "best_accuracy": 0.407,
    "final_f1": 0.5459832788077063,
    "best_f1": 0.5459832788077063
  },
  "timing_statistics": {
    "total_pipeline_time": 25.45131754875183,
    "avg_round_time": 5.090263509750367,
    "avg_smartwatch_training_time": 0.02208290100097656,
    "avg_edge_encryption_time": 0.05026063919067383,
    "avg_server_aggregation_time": 0.007680779998190701,
    "avg_internal_he_time": 0.012654829025268554,
    "avg_global_update_time": 0.0036648200126364826,
    "avg_evaluation_time": 0.008071559993550182,
    "total_smartwatch_training_time": 0.11041450500488281,
    "total_edge_encryption_time": 0.25130319595336914,
    "total_server_aggregation_time": 0.038403899990953505,
    "total_internal_he_time": 0.06327414512634277,
    "total_global_update_time": 0.018324100063182414,
    "total_evaluation_time": 0.04035779996775091,
    "total_rounds": 5
  },
  "architecture_benefits": {
    "privacy_preservation": "Training happens on smartwatch (private device)",
    "security_separation": "Edge device only handles encryption/decryption",
    "scalability": "Edge devices can serve multiple smartwatches",
    "realistic_iot": "Matches real-world IoT architecture",
    "separation_of_concerns": "Training vs. encryption are separate"
  },
  "round_results": [
    {
      "round": 1,
      "accuracy": 0.383,
      "f1_score": 0.47264957264957264,
      "precision": 0.34801762114537443,
      "recall": 0.7363515312916112,
      "auc": 0.45344398021746296,
      "pr_auc": 0.35526330824686025,
      "mae": 0.617,
      "rmse": 0.7854934754662193,
      "ece": 0.5179999999999999,
      "mce": 0.6519823788546255,
      "best_accuracy": 0.383,
      "smartwatch_training_time": 0.018675804138183594,
      "edge_encryption_time": 0.05677628517150879,
      "server_aggregation_time": 0.006298199994489551,
      "internal_he_time": 0.005906343460083008,
      "global_update_time": 0.0017809000564739108,
      "evaluation_time": 0.00806140003260225,
      "total_time": 5.05074667930603,
      "clients_processed": 10,
      "is_encrypted": true,
      "improvement": 0.0
    },
    {
      "round": 2,
      "accuracy": 0.372,
      "f1_score": 0.43727598566308246,
      "precision": 0.32950708980418636,
      "recall": 0.6498002663115846,
      "auc": 0.42738211874426313,
      "pr_auc": 0.3456137947063155,
      "mae": 0.628,
      "rmse": 0.792464510246358,
      "ece": 0.49650000000000005,
      "mce": 0.6704929101958137,
      "best_accuracy": 0.383,
      "smartwatch_training_time": 0.01860523223876953,
      "edge_encryption_time": 0.04359745979309082,
      "server_aggregation_time": 0.006062400061637163,
      "internal_he_time": 0.006291866302490234,
      "global_update_time": 0.0036263999063521624,
      "evaluation_time": 0.009266700013540685,
      "total_time": 4.919672727584839,
      "clients_processed": 10,
      "is_encrypted": true,
      "improvement": -0.01100000000000001
    },
    {
      "round": 3,
      "accuracy": 0.381,
      "f1_score": 0.49303849303849306,
      "precision": 0.35600236546422237,
      "recall": 0.8015978695073236,
      "auc": 0.46485017574645604,
      "pr_auc": 0.3598707376956883,
      "mae": 0.619,
      "rmse": 0.7867655305108378,
      "ece": 0.5445,
      "mce": 0.6439976345357776,
      "best_accuracy": 0.383,
      "smartwatch_training_time": 0.02489018440246582,
      "edge_encryption_time": 0.034784555435180664,
      "server_aggregation_time": 0.009898999938741326,
      "internal_he_time": 0.016478538513183594,
      "global_update_time": 0.0041606000158935785,
      "evaluation_time": 0.00634570000693202,
      "total_time": 5.04196310043335,
      "clients_processed": 10,
      "is_encrypted": true,
      "improvement": 0.009000000000000008
    },
    {
      "round": 4,
      "accuracy": 0.407,
      "f1_score": 0.49272882805816937,
      "precision": 0.3629489603024575,
      "recall": 0.7669773635153129,
      "auc": 0.47876490273443784,
      "pr_auc": 0.36587363666340283,
      "mae": 0.593,
      "rmse": 0.7700649323271382,
      "ece": 0.5055,
      "mce": 0.6370510396975425,
      "best_accuracy": 0.407,
      "smartwatch_training_time": 0.019915342330932617,
      "edge_encryption_time": 0.049646854400634766,
      "server_aggregation_time": 0.00848810002207756,
      "internal_he_time": 0.018236398696899414,
      "global_update_time": 0.002802400034852326,
      "evaluation_time": 0.00969410000834614,
      "total_time": 5.028106689453125,
      "clients_processed": 10,
      "is_encrypted": true,
      "improvement": 0.025999999999999968
    },
    {
      "round": 5,
      "accuracy": 0.3755,
      "f1_score": 0.5459832788077063,
      "precision": 0.3755,
      "recall": 1.0,
      "auc": 0.5,
      "pr_auc": 0.3755,
      "mae": 0.6245,
      "rmse": 0.790253124005214,
      "ece": 0.6245,
      "mce": 0.6245,
      "best_accuracy": 0.407,
      "smartwatch_training_time": 0.02832794189453125,
      "edge_encryption_time": 0.0664980411529541,
      "server_aggregation_time": 0.0076561999740079045,
      "internal_he_time": 0.016360998153686523,
      "global_update_time": 0.005953800049610436,
      "evaluation_time": 0.006989899906329811,
      "total_time": 5.410828351974487,
      "clients_processed": 10,
      "is_encrypted": true,
      "improvement": -0.03149999999999997
    }
  ]
}