{
  "pipeline_info": {
    "type": "smartwatch_edge_cloud",
    "rounds": 2,
    "clients": 5,
    "batch_size": 2,
    "max_workers": 2,
    "timestamp": "20250918_181759",
    "total_samples": 2000,
    "one_class_clients": 1,
    "cpu_cores": 12
  },
  "final_performance": {
    "accuracy": 0.429,
    "f1_score": 0.4418377321603128,
    "precision": 0.349034749034749,
    "recall": 0.6018641810918774,
    "auc": 0.46346211456515407,
    "pr_auc": 0.35957151340040816,
    "mae": 0.571,
    "rmse": 0.7556454194925024,
    "ece": 0.42150000000000004,
    "mce": 0.650965250965251,
    "best_accuracy": 0.429,
    "accuracy_improvement": 0.05349999999999999
  },
  "performance_trends": {
    "initial_accuracy": 0.3755,
    "final_accuracy": 0.429,
    "accuracy_improvement": 0.05349999999999999,
    "best_accuracy": 0.429,
    "final_f1": 0.4418377321603128,
    "best_f1": 0.5459832788077063
  },
  "timing_statistics": {
    "total_pipeline_time": 11.290413618087769,
    "avg_round_time": 5.645206809043884,
    "avg_smartwatch_training_time": 0.028388500213623047,
    "avg_edge_encryption_time": 0.05655038356781006,
    "avg_server_aggregation_time": 0.009155949985142797,
    "avg_internal_he_time": 0.007935523986816406,
    "avg_global_update_time": 0.004152550012804568,
    "avg_evaluation_time": 0.01397224998800084,
    "total_smartwatch_training_time": 0.056777000427246094,
    "total_edge_encryption_time": 0.11310076713562012,
    "total_server_aggregation_time": 0.018311899970285594,
    "total_internal_he_time": 0.015871047973632812,
    "total_global_update_time": 0.008305100025609136,
    "total_evaluation_time": 0.02794449997600168,
    "total_rounds": 2
  },
  "architecture_benefits": {
    "privacy_preservation": "Training happens on smartwatch (private device)",
    "security_separation": "Edge device only handles encryption/decryption",
    "scalability": "Edge devices can serve multiple smartwatches",
    "realistic_iot": "Matches real-world IoT architecture",
    "separation_of_concerns": "Training vs. encryption are separate"
  },
  "round_results": [
    {
      "round": 1,
      "accuracy": 0.3755,
      "f1_score": 0.5459832788077063,
      "precision": 0.3755,
      "recall": 1.0,
      "auc": 0.5,
      "pr_auc": 0.3755,
      "mae": 0.6245,
      "rmse": 0.790253124005214,
      "ece": 0.6245,
      "mce": 0.6245,
      "best_accuracy": 0.3755,
      "smartwatch_training_time": 0.036516427993774414,
      "edge_encryption_time": 0.05432868003845215,
      "server_aggregation_time": 0.010469799977727234,
      "internal_he_time": 0.007771730422973633,
      "global_update_time": 0.002876600017771125,
      "evaluation_time": 0.012762099970132113,
      "total_time": 5.906662702560425,
      "clients_processed": 10,
      "is_encrypted": true,
      "improvement": 0.0
    },
    {
      "round": 2,
      "accuracy": 0.429,
      "f1_score": 0.4418377321603128,
      "precision": 0.349034749034749,
      "recall": 0.6018641810918774,
      "auc": 0.46346211456515407,
      "pr_auc": 0.35957151340040816,
      "mae": 0.571,
      "rmse": 0.7556454194925024,
      "ece": 0.42150000000000004,
      "mce": 0.650965250965251,
      "best_accuracy": 0.429,
      "smartwatch_training_time": 0.02026057243347168,
      "edge_encryption_time": 0.05877208709716797,
      "server_aggregation_time": 0.00784209999255836,
      "internal_he_time": 0.00809931755065918,
      "global_update_time": 0.005428500007838011,
      "evaluation_time": 0.015182400005869567,
      "total_time": 5.383750915527344,
      "clients_processed": 10,
      "is_encrypted": true,
      "improvement": 0.05349999999999999
    }
  ]
}