{
  "pipeline_info": {
    "type": "smartwatch_edge_cloud",
    "rounds": 3,
    "clients": 10,
    "batch_size": 4,
    "max_workers": 4,
    "timestamp": "20250918_183217",
    "total_samples": 2000,
    "one_class_clients": 1,
    "cpu_cores": 12
  },
  "final_performance": {
    "accuracy": 0.3755,
    "f1_score": 0.5459832788077063,
    "precision": 0.3755,
    "recall": 1.0,
    "auc": 0.5,
    "pr_auc": 0.3755,
    "mae": 0.6245,
    "rmse": 0.790253124005214,
    "ece": 0.6245,
    "mce": 0.6245,
    "best_accuracy": 0.5635,
    "accuracy_improvement": -0.188
  },
  "performance_trends": {
    "initial_accuracy": 0.5635,
    "final_accuracy": 0.3755,
    "accuracy_improvement": -0.188,
    "best_accuracy": 0.5635,
    "final_f1": 0.5459832788077063,
    "best_f1": 0.5459832788077063
  },
  "timing_statistics": {
    "total_pipeline_time": 15.714048624038696,
    "avg_round_time": 5.2380162080128985,
    "avg_smartwatch_training_time": 0.019578297932942707,
    "avg_edge_encryption_time": 0.04578026135762533,
    "avg_server_aggregation_time": 0.008031033328734338,
    "avg_internal_he_time": 0.008092641830444336,
    "avg_global_update_time": 0.004903500045960148,
    "avg_evaluation_time": 0.011540299979969859,
    "total_smartwatch_training_time": 0.058734893798828125,
    "total_edge_encryption_time": 0.13734078407287598,
    "total_server_aggregation_time": 0.024093099986203015,
    "total_internal_he_time": 0.024277925491333008,
    "total_global_update_time": 0.014710500137880445,
    "total_evaluation_time": 0.03462089993990958,
    "total_rounds": 3
  },
  "architecture_benefits": {
    "privacy_preservation": "Training happens on smartwatch (private device)",
    "security_separation": "Edge device only handles encryption/decryption",
    "scalability": "Edge devices can serve multiple smartwatches",
    "realistic_iot": "Matches real-world IoT architecture",
    "separation_of_concerns": "Training vs. encryption are separate"
  },
  "round_results": [
    {
      "round": 1,
      "accuracy": 0.5635,
      "f1_score": 0.408135593220339,
      "precision": 0.4157458563535912,
      "recall": 0.4007989347536618,
      "auc": 0.5298225264632478,
      "pr_auc": 0.3916806064678687,
      "mae": 0.43650000270901623,
      "rmse": 0.6606814663663683,
      "ece": 0.21199999729098376,
      "mce": 0.5842541436464088,
      "best_accuracy": 0.5635,
      "smartwatch_training_time": 0.01609969139099121,
      "edge_encryption_time": 0.0531766414642334,
      "server_aggregation_time": 0.009004199993796647,
      "internal_he_time": 0.008430242538452148,
      "global_update_time": 0.00644510006532073,
      "evaluation_time": 0.0112381000071764,
      "total_time": 5.373049974441528,
      "clients_processed": 10,
      "is_encrypted": true,
      "improvement": 0.0
    },
    {
      "round": 2,
      "accuracy": 0.375,
      "f1_score": 0.5003996802557954,
      "precision": 0.35750999428897773,
      "recall": 0.833555259653795,
      "auc": 0.46641627549709536,
      "pr_auc": 0.3604573472100567,
      "mae": 0.625,
      "rmse": 0.7905694150420949,
      "ece": 0.5635,
      "mce": 0.6424900057110223,
      "best_accuracy": 0.5635,
      "smartwatch_training_time": 0.020554065704345703,
      "edge_encryption_time": 0.05178999900817871,
      "server_aggregation_time": 0.007454200065694749,
      "internal_he_time": 0.007740020751953125,
      "global_update_time": 0.003956400090828538,
      "evaluation_time": 0.01104219991248101,
      "total_time": 5.134031295776367,
      "clients_processed": 10,
      "is_encrypted": true,
      "improvement": -0.1885
    },
    {
      "round": 3,
      "accuracy": 0.3755,
      "f1_score": 0.5459832788077063,
      "precision": 0.3755,
      "recall": 1.0,
      "auc": 0.5,
      "pr_auc": 0.3755,
      "mae": 0.6245,
      "rmse": 0.790253124005214,
      "ece": 0.6245,
      "mce": 0.6245,
      "best_accuracy": 0.5635,
      "smartwatch_training_time": 0.02208113670349121,
      "edge_encryption_time": 0.03237414360046387,
      "server_aggregation_time": 0.007634699926711619,
      "internal_he_time": 0.008107662200927734,
      "global_update_time": 0.004308999981731176,
      "evaluation_time": 0.012340600020252168,
      "total_time": 5.206967353820801,
      "clients_processed": 10,
      "is_encrypted": true,
      "improvement": 0.0005000000000000004
    }
  ]
}