{
  "pipeline_info": {
    "type": "smartwatch_edge_cloud",
    "rounds": 2,
    "clients": 5,
    "batch_size": 2,
    "max_workers": 2,
    "timestamp": "20250918_185843",
    "total_samples": 2000,
    "one_class_clients": 1,
    "cpu_cores": 12
  },
  "final_performance": {
    "accuracy": 0.5925,
    "f1_score": 0.24467099165894346,
    "precision": 0.4024390243902439,
    "recall": 0.17576564580559254,
    "auc": 0.50988593804471,
    "pr_auc": 0.3803231510307223,
    "mae": 0.40750000000000636,
    "rmse": 0.6383572667401798,
    "ece": 0.10049999999998664,
    "mce": 0.5975609756096746,
    "best_accuracy": 0.5925,
    "accuracy_improvement": 0.21700000000000003
  },
  "performance_trends": {
    "initial_accuracy": 0.3755,
    "final_accuracy": 0.5925,
    "accuracy_improvement": 0.21700000000000003,
    "best_accuracy": 0.5925,
    "final_f1": 0.24467099165894346,
    "best_f1": 0.5459832788077063
  },
  "timing_statistics": {
    "total_pipeline_time": 15.509093523025513,
    "avg_round_time": 7.754546761512756,
    "avg_smartwatch_training_time": 0.03951871395111084,
    "avg_edge_encryption_time": 0.06764066219329834,
    "avg_server_aggregation_time": 0.014961700013373047,
    "avg_internal_he_time": 0.0,
    "avg_global_update_time": 0.004887250019237399,
    "avg_evaluation_time": 0.018981300003360957,
    "total_smartwatch_training_time": 0.07903742790222168,
    "total_edge_encryption_time": 0.13528132438659668,
    "total_server_aggregation_time": 0.029923400026746094,
    "total_internal_he_time": 0.0,
    "total_global_update_time": 0.009774500038474798,
    "total_evaluation_time": 0.037962600006721914,
    "total_rounds": 2
  },
  "architecture_benefits": {
    "privacy_preservation": "Training happens on smartwatch (private device)",
    "security_separation": "Edge device only handles encryption/decryption",
    "scalability": "Edge devices can serve multiple smartwatches",
    "realistic_iot": "Matches real-world IoT architecture",
    "separation_of_concerns": "Training vs. encryption are separate"
  },
  "round_results": [
    {
      "round": 1,
      "accuracy": 0.3755,
      "f1_score": 0.5459832788077063,
      "precision": 0.3755,
      "recall": 1.0,
      "auc": 0.5,
      "pr_auc": 0.3755,
      "mae": 0.6245,
      "rmse": 0.790253124005214,
      "ece": 0.6245,
      "mce": 0.6245,
      "best_accuracy": 0.3755,
      "smartwatch_training_time": 0.04264354705810547,
      "edge_encryption_time": 0.06839418411254883,
      "server_aggregation_time": 0.013960300013422966,
      "internal_he_time": 0.0,
      "global_update_time": 0.003593800007365644,
      "evaluation_time": 0.022408599965274334,
      "total_time": 7.998582363128662,
      "clients_processed": 10,
      "is_encrypted": true,
      "improvement": 0.0
    },
    {
      "round": 2,
      "accuracy": 0.5925,
      "f1_score": 0.24467099165894346,
      "precision": 0.4024390243902439,
      "recall": 0.17576564580559254,
      "auc": 0.50988593804471,
      "pr_auc": 0.3803231510307223,
      "mae": 0.40750000000000636,
      "rmse": 0.6383572667401798,
      "ece": 0.10049999999998664,
      "mce": 0.5975609756096746,
      "best_accuracy": 0.5925,
      "smartwatch_training_time": 0.03639388084411621,
      "edge_encryption_time": 0.06688714027404785,
      "server_aggregation_time": 0.015963100013323128,
      "internal_he_time": 0.0,
      "global_update_time": 0.006180700031109154,
      "evaluation_time": 0.01555400004144758,
      "total_time": 7.510511159896851,
      "clients_processed": 10,
      "is_encrypted": true,
      "improvement": 0.21700000000000003
    }
  ]
}