{
  "pipeline_info": {
    "type": "smartwatch_edge_cloud",
    "rounds": 20,
    "clients": 15,
    "batch_size": 4,
    "max_workers": 4,
    "timestamp": "20250918_185921",
    "total_samples": 2000,
    "one_class_clients": 1,
    "cpu_cores": 12
  },
  "final_performance": {
    "accuracy": 0.6245,
    "f1_score": 0.0,
    "precision": 0.0,
    "recall": 0.0,
    "auc": 0.5,
    "pr_auc": 0.3755,
    "mae": 0.3755,
    "rmse": 0.6127805479941412,
    "ece": 0,
    "mce": 0,
    "best_accuracy": 0.628,
    "accuracy_improvement": 0.08200000000000007
  },
  "performance_trends": {
    "initial_accuracy": 0.5425,
    "final_accuracy": 0.6245,
    "accuracy_improvement": 0.08200000000000007,
    "best_accuracy": 0.628,
    "final_f1": 0.0,
    "best_f1": 0.5459832788077063
  },
  "timing_statistics": {
    "total_pipeline_time": 121.38357162475586,
    "avg_round_time": 6.069178581237793,
    "avg_smartwatch_training_time": 0.031057333946228026,
    "avg_edge_encryption_time": 0.056643879413604735,
    "avg_server_aggregation_time": 0.01258546999306418,
    "avg_internal_he_time": 0.0,
    "avg_global_update_time": 0.0064698299916926775,
    "avg_evaluation_time": 0.012053800013381988,
    "total_smartwatch_training_time": 0.6211466789245605,
    "total_edge_encryption_time": 1.1328775882720947,
    "total_server_aggregation_time": 0.2517093998612836,
    "total_internal_he_time": 0.0,
    "total_global_update_time": 0.12939659983385354,
    "total_evaluation_time": 0.24107600026763976,
    "total_rounds": 20
  },
  "architecture_benefits": {
    "privacy_preservation": "Training happens on smartwatch (private device)",
    "security_separation": "Edge device only handles encryption/decryption",
    "scalability": "Edge devices can serve multiple smartwatches",
    "realistic_iot": "Matches real-world IoT architecture",
    "separation_of_concerns": "Training vs. encryption are separate"
  },
  "round_results": [
    {
      "round": 1,
      "accuracy": 0.5425,
      "f1_score": 0.45568114217727546,
      "precision": 0.4118279569892473,
      "recall": 0.5099866844207723,
      "auc": 0.5328283932072423,
      "pr_auc": 0.3941594809354263,
      "mae": 0.4575,
      "rmse": 0.6763874629234342,
      "ece": 0.275,
      "mce": 0.5881720430107527,
      "best_accuracy": 0.5425,
      "smartwatch_training_time": 0.011757135391235352,
      "edge_encryption_time": 0.07996201515197754,
      "server_aggregation_time": 0.005744899972341955,
      "internal_he_time": 0.0,
      "global_update_time": 0.0020865999395027757,
      "evaluation_time": 0.008839600021019578,
      "total_time": 4.699116468429565,
      "clients_processed": 10,
      "is_encrypted": true,
      "improvement": 0.0
    },
    {
      "round": 2,
      "accuracy": 0.626,
      "f1_score": 0.05793450881612091,
      "precision": 0.5348837209302325,
      "recall": 0.03062583222370173,
      "auc": 0.5079616289569605,
      "pr_auc": 0.3806075634179093,
      "mae": 0.374,
      "rmse": 0.6115553940568262,
      "ece": 0.0105,
      "mce": 1.0,
      "best_accuracy": 0.626,
      "smartwatch_training_time": 0.02438044548034668,
      "edge_encryption_time": 0.057239532470703125,
      "server_aggregation_time": 0.010946299997158349,
      "internal_he_time": 0.0,
      "global_update_time": 0.004856799961999059,
      "evaluation_time": 0.0071832999819889665,
      "total_time": 5.199770927429199,
      "clients_processed": 10,
      "is_encrypted": true,
      "improvement": 0.08350000000000002
    },
    {
      "round": 3,
      "accuracy": 0.5535,
      "f1_score": 0.46939988116458703,
      "precision": 0.4238197424892704,
      "recall": 0.525965379494008,
      "auc": 0.5465128427642247,
      "pr_auc": 0.40075382952100663,
      "mae": 0.4465013591828249,
      "rmse": 0.6682065576562055,
      "ece": 0.2704986408171751,
      "mce": 0.5761802575107271,
      "best_accuracy": 0.626,
      "smartwatch_training_time": 0.019662857055664062,
      "edge_encryption_time": 0.06359148025512695,
      "server_aggregation_time": 0.008876000065356493,
      "internal_he_time": 0.0,
      "global_update_time": 0.009602000005543232,
      "evaluation_time": 0.010330200078897178,
      "total_time": 5.179252862930298,
      "clients_processed": 10,
      "is_encrypted": true,
      "improvement": -0.07250000000000001
    },
    {
      "round": 4,
      "accuracy": 0.3755,
      "f1_score": 0.5459832788077063,
      "precision": 0.3755,
      "recall": 1.0,
      "auc": 0.5,
      "pr_auc": 0.3755,
      "mae": 0.6245,
      "rmse": 0.790253124005214,
      "ece": 0.6245,
      "mce": 0.6245,
      "best_accuracy": 0.626,
      "smartwatch_training_time": 0.03785586357116699,
      "edge_encryption_time": 0.037505149841308594,
      "server_aggregation_time": 0.014154399977996945,
      "internal_he_time": 0.0,
      "global_update_time": 0.00615449994802475,
      "evaluation_time": 0.0071223999839276075,
      "total_time": 5.184543132781982,
      "clients_processed": 10,
      "is_encrypted": true,
      "improvement": -0.178
    },
    {
      "round": 5,
      "accuracy": 0.622,
      "f1_score": 0.002638522427440633,
      "precision": 0.14285714285714285,
      "recall": 0.0013315579227696406,
      "auc": 0.4982638574241551,
      "pr_auc": 0.37519022256039564,
      "mae": 0.378,
      "rmse": 0.6148170459575759,
      "ece": 0.0030000000000000005,
      "mce": 0.8571428571428572,
      "best_accuracy": 0.626,
      "smartwatch_training_time": 0.029331207275390625,
      "edge_encryption_time": 0.035010576248168945,
      "server_aggregation_time": 0.007183399982750416,
      "internal_he_time": 0.0,
      "global_update_time": 0.007285499945282936,
      "evaluation_time": 0.006477599963545799,
      "total_time": 5.396962404251099,
      "clients_processed": 10,
      "is_encrypted": true,
      "improvement": 0.2465
    },
    {
      "round": 6,
      "accuracy": 0.623,
      "f1_score": 0.04314720812182741,
      "precision": 0.4594594594594595,
      "recall": 0.022636484687083888,
      "auc": 0.5029205788065872,
      "pr_auc": 0.3774005470183899,
      "mae": 0.377,
      "rmse": 0.6140032573203501,
      "ece": 0.01,
      "mce": 0.5405405405405406,
      "best_accuracy": 0.626,
      "smartwatch_training_time": 0.023976802825927734,
      "edge_encryption_time": 0.060133934020996094,
      "server_aggregation_time": 0.012390600051730871,
      "internal_he_time": 0.0,
      "global_update_time": 0.004421600024215877,
      "evaluation_time": 0.008474199916236103,
      "total_time": 5.459610223770142,
      "clients_processed": 10,
      "is_encrypted": true,
      "improvement": 0.0010000000000000009
    },
    {
      "round": 7,
      "accuracy": 0.3755,
      "f1_score": 0.5459832788077063,
      "precision": 0.3755,
      "recall": 1.0,
      "auc": 0.5,
      "pr_auc": 0.3755,
      "mae": 0.6245,
      "rmse": 0.790253124005214,
      "ece": 0.6245,
      "mce": 0.6245,
      "best_accuracy": 0.626,
      "smartwatch_training_time": 0.02875542640686035,
      "edge_encryption_time": 0.0316159725189209,
      "server_aggregation_time": 0.01462050003465265,
      "internal_he_time": 0.0,
      "global_update_time": 0.006154300062917173,
      "evaluation_time": 0.008361199987120926,
      "total_time": 5.244131565093994,
      "clients_processed": 10,
      "is_encrypted": true,
      "improvement": -0.2475
    },
    {
      "round": 8,
      "accuracy": 0.3975,
      "f1_score": 0.46846052051168946,
      "precision": 0.3502638522427441,
      "recall": 0.7070572569906791,
      "auc": 0.45963535142361556,
      "pr_auc": 0.35755920727231233,
      "mae": 0.6025,
      "rmse": 0.7762087348130012,
      "ece": 0.49399999999999994,
      "mce": 1.0,
      "best_accuracy": 0.626,
      "smartwatch_training_time": 0.03330087661743164,
      "edge_encryption_time": 0.03601884841918945,
      "server_aggregation_time": 0.01155489997472614,