{
  "pipeline_info": {
    "type": "smartwatch_edge_cloud",
    "rounds": 20,
    "clients": 60,
    "batch_size": 4,
    "max_workers": 4,
    "timestamp": "20250918_182202",
    "total_samples": 2000,
    "one_class_clients": 1,
    "cpu_cores": 12
  },
  "final_performance": {
    "accuracy": 0.6245,
    "f1_score": 0.0,
    "precision": 0.0,
    "recall": 0.0,
    "auc": 0.5,
    "pr_auc": 0.3755,
    "mae": 0.3755,
    "rmse": 0.6127805479941412,
    "ece": 0,
    "mce": 0,
    "best_accuracy": 0.73,
    "accuracy_improvement": 0.24900000000000005
  },
  "performance_trends": {
    "initial_accuracy": 0.3755,
    "final_accuracy": 0.6245,
    "accuracy_improvement": 0.24900000000000005,
    "best_accuracy": 0.73,
    "final_f1": 0.0,
    "best_f1": 0.5459832788077063
  },
  "timing_statistics": {
    "total_pipeline_time": 126.9300274848938,
    "avg_round_time": 6.34650137424469,
    "avg_smartwatch_training_time": 0.04188017845153809,
    "avg_edge_encryption_time": 0.0571271538734436,
    "avg_server_aggregation_time": 0.0157514950085897,
    "avg_internal_he_time": 0.015094733238220215,
    "avg_global_update_time": 0.009152169997105376,
    "avg_evaluation_time": 0.014340345008531586,
    "total_smartwatch_training_time": 0.8376035690307617,
    "total_edge_encryption_time": 1.142543077468872,
    "total_server_aggregation_time": 0.315029900171794,
    "total_internal_he_time": 0.3018946647644043,
    "total_global_update_time": 0.1830433999421075,
    "total_evaluation_time": 0.2868069001706317,
    "total_rounds": 20
  },
  "architecture_benefits": {
    "privacy_preservation": "Training happens on smartwatch (private device)",
    "security_separation": "Edge device only handles encryption/decryption",
    "scalability": "Edge devices can serve multiple smartwatches",
    "realistic_iot": "Matches real-world IoT architecture",
    "separation_of_concerns": "Training vs. encryption are separate"
  },
  "round_results": [
    {
      "round": 1,
      "accuracy": 0.3755,
      "f1_score": 0.5459832788077063,
      "precision": 0.3755,
      "recall": 1.0,
      "auc": 0.5,
      "pr_auc": 0.3755,
      "mae": 0.6245,
      "rmse": 0.790253124005214,
      "ece": 0.6245,
      "mce": 0.6245,
      "best_accuracy": 0.3755,
      "smartwatch_training_time": 0.017987966537475586,
      "edge_encryption_time": 0.02723979949951172,
      "server_aggregation_time": 0.011625100043602288,
      "internal_he_time": 0.011360645294189453,
      "global_update_time": 0.0036886000307276845,
      "evaluation_time": 0.00890000001527369,
      "total_time": 4.723630428314209,
      "clients_processed": 10,
      "is_encrypted": true,
      "improvement": 0.0
    },
    {
      "round": 2,
      "accuracy": 0.5815,
      "f1_score": 0.34352941176470586,
      "precision": 0.4179389312977099,
      "recall": 0.29161118508655126,
      "auc": 0.5237079144007616,
      "pr_auc": 0.3878756670495319,
      "mae": 0.4185,
      "rmse": 0.6469157595854347,
      "ece": 0.1525,
      "mce": 0.58206106870229,
      "best_accuracy": 0.5815,
      "smartwatch_training_time": 0.023276805877685547,
      "edge_encryption_time": 0.05418968200683594,
      "server_aggregation_time": 0.006010400014929473,
      "internal_he_time": 0.01463770866394043,
      "global_update_time": 0.0039591999957337976,
      "evaluation_time": 0.008751700050197542,
      "total_time": 5.429022312164307,
      "clients_processed": 10,
      "is_encrypted": true,
      "improvement": 0.20600000000000002
    },
    {
      "round": 3,
      "accuracy": 0.371,
      "f1_score": 0.4403914590747331,
      "precision": 0.3306613226452906,
      "recall": 0.6591211717709721,
      "auc": 0.42843968916811215,
      "pr_auc": 0.34594587844130337,
      "mae": 0.629,
      "rmse": 0.7930952023559341,
      "ece": 0.501,
      "mce": 0.6693386773547094,
      "best_accuracy": 0.5815,
      "smartwatch_training_time": 0.02176833152770996,
      "edge_encryption_time": 0.05299210548400879,
      "server_aggregation_time": 0.006181200034916401,
      "internal_he_time": 0.006361961364746094,
      "global_update_time": 0.0030460000270977616,
      "evaluation_time": 0.006659999955445528,
      "total_time": 6.848695993423462,
      "clients_processed": 10,
      "is_encrypted": true,
      "improvement": -0.21050000000000002
    },
    {
      "round": 4,
      "accuracy": 0.376,
      "f1_score": 0.5415135929463629,
      "precision": 0.373921867072552,
      "recall": 0.9813581890812251,
      "auc": 0.496683898383687,
      "pr_auc": 0.3739512863281902,
      "mae": 0.624,
      "rmse": 0.7899367063252599,
      "ece": 0.6170000000000001,
      "mce": 0.6260781329274481,
      "best_accuracy": 0.5815,
      "smartwatch_training_time": 0.03256487846374512,
      "edge_encryption_time": 0.049590110778808594,
      "server_aggregation_time": 0.007896000053733587,
      "internal_he_time": 0.0039501190185546875,
      "global_update_time": 0.006623400026001036,
      "evaluation_time": 0.016089800046756864,
      "total_time": 6.125527858734131,
      "clients_processed": 10,
      "is_encrypted": true,
      "improvement": 0.0050000000000000044
    },
    {
      "round": 5,
      "accuracy": 0.618,
      "f1_score": 0.017994858611825194,
      "precision": 0.25925925925925924,
      "recall": 0.009320905459387484,
      "auc": 0.49665404760559445,
      "pr_auc": 0.37441653104502637,
      "mae": 0.382,
      "rmse": 0.6180614856144977,
      "ece": 0.009999999999999998,
      "mce": 0.7407407407407407,
      "best_accuracy": 0.618,
      "smartwatch_training_time": 0.08240604400634766,
      "edge_encryption_time": 0.09044766426086426,
      "server_aggregation_time": 0.015203600050881505,
      "internal_he_time": 0.013943672180175781,
      "global_update_time": 0.006168099935166538,
      "evaluation_time": 0.030652199988253415,
      "total_time": 8.010632991790771,
      "clients_processed": 10,
      "is_encrypted": true,
      "improvement": 0.242
    },
    {
      "round": 6,
      "accuracy": 0.6935,
      "f1_score": 0.3607924921793535,
      "precision": 0.8317307692307693,
      "recall": 0.2303595206391478,
      "auc": 0.6011685513524001,
      "pr_auc": 0.48059710130082967,
      "mae": 0.3065,
      "rmse": 0.5536244214266564,
      "ece": 0.017499999999999995,
      "mce": 0.16826923076923073,
      "best_accuracy": 0.6935,
      "smartwatch_training_time": 0.05579495429992676,
      "edge_encryption_time": 0.04120349884033203,
      "server_aggregation_time": 0.013270600000396371,
      "internal_he_time": 0.012400150299072266,
      "global_update_time": 0.014014400076121092,
      "evaluation_time": 0.03315130004193634,
      "total_time": 6.345084190368652,
      "clients_processed": 10,
      "is_encrypted": true,
      "improvement": 0.07550000000000001
    },
    {
      "round": 7,
      "accuracy": 0.6245,
      "f1_score": 0.0,
      "precision": 0.0,
      "recall": 0.0,
      "auc": 0.5,
      "pr_auc": 0.3755,
      "mae": 0.3755,
      "rmse": 0.6127805479941412,
      "ece": 0,
      "mce": 0,
      "best_accuracy": 0.6935,
      "smartwatch_training_time": 0.07265567779541016,
      "edge_encryption_time": 0.05481362342834473,
      "server_aggregation_time": 0.023970199981704354,
      "internal_he_time": 0.024530887603759766,
      "global_update_time": 0.021495699998922646,
      "evaluation_time": 0.015564600005745888,
      "total_time": 5.8326804637908936,
      "clients_processed": 10,
      "is_encrypted": true,
      "improvement": -0.06899999999999995
    },
    {
      "round": 8,
      "accuracy": 0.3755,
      "f1_score": 0.5459832788077063,
      "precision": 0.3755,
      "recall": 1.0,
      "auc": 0.5,
      "pr_auc": 0.3755,
      "mae": 0.6245,
      "rmse": 0.790253124005214,
      "ece": 0.6245,
      "mce": 0.6245,
      "best_accuracy": 0.6935,
      "smartwatch_training_time": 0.04324054718017578,