{
  "pipeline_info": {
    "type": "smartwatch_edge_cloud",
    "rounds": 20,
    "clients": 15,
    "batch_size": 4,
    "max_workers": 4,
    "timestamp": "20250918_190316",
    "total_samples": 3000,
    "one_class_clients": 3,
    "cpu_cores": 12
  },
  "final_performance": {
    "accuracy": 0.42033333333333334,
    "f1_score": 0.5178818963127253,
    "precision": 0.39014202172096907,
    "recall": 0.7699917559769167,
    "auc": 0.47601529042535373,
    "pr_auc": 0.3933570205909136,
    "mae": 0.579666666666667,
    "rmse": 0.7613584350794746,
    "ece": 0.4879999999999998,
    "mce": 0.609857978279031,
    "best_accuracy": 0.6006666666666667,
    "accuracy_improvement": 0.016000000000000014
  },
  "performance_trends": {
    "initial_accuracy": 0.4043333333333333,
    "final_accuracy": 0.42033333333333334,
    "accuracy_improvement": 0.016000000000000014,
    "best_accuracy": 0.6006666666666667,
    "final_f1": 0.5178818963127253,
    "best_f1": 0.5761101876038945
  },
  "timing_statistics": {
    "total_pipeline_time": 158.45533657073975,
    "avg_round_time": 7.922766828536988,
    "avg_smartwatch_training_time": 0.04766242504119873,
    "avg_edge_encryption_time": 0.07101551294326783,
    "avg_server_aggregation_time": 0.013175549998413772,
    "avg_internal_he_time": 0.0,
    "avg_global_update_time": 0.004807864996837452,
    "avg_evaluation_time": 0.011554669996257871,
    "total_smartwatch_training_time": 0.9532485008239746,
    "total_edge_encryption_time": 1.4203102588653564,
    "total_server_aggregation_time": 0.26351099996827543,
    "total_internal_he_time": 0.0,
    "total_global_update_time": 0.09615729993674904,
    "total_evaluation_time": 0.23109339992515743,
    "total_rounds": 20
  },
  "architecture_benefits": {
    "privacy_preservation": "Training happens on smartwatch (private device)",
    "security_separation": "Edge device only handles encryption/decryption",
    "scalability": "Edge devices can serve multiple smartwatches",
    "realistic_iot": "Matches real-world IoT architecture",
    "separation_of_concerns": "Training vs. encryption are separate"
  },
  "round_results": [
    {
      "round": 1,
      "accuracy": 0.4043333333333333,
      "f1_score": 0.5758366959411346,
      "precision": 0.4043333333333333,
      "recall": 1.0,
      "auc": 0.5,
      "pr_auc": 0.4043333333333333,
      "mae": 0.5956666666666667,
      "rmse": 0.7717944458640957,
      "ece": 0.5956666666666667,
      "mce": 0.5956666666666667,
      "best_accuracy": 0.4043333333333333,
      "smartwatch_training_time": 0.039121150970458984,
      "edge_encryption_time": 0.06289958953857422,
      "server_aggregation_time": 0.008183300029486418,
      "internal_he_time": 0.0,
      "global_update_time": 0.002397000091150403,
      "evaluation_time": 0.00864690006710589,
      "total_time": 7.529036283493042,
      "clients_processed": 15,
      "is_encrypted": true,
      "improvement": 0.0
    },
    {
      "round": 2,
      "accuracy": 0.40166666666666667,
      "f1_score": 0.5688205620946433,
      "precision": 0.40135593220338983,
      "recall": 0.9760923330585326,
      "auc": 0.4939214746421324,
      "pr_auc": 0.4014138775445229,
      "mae": 0.598333333348962,
      "rmse": 0.7735200923914862,
      "ece": 0.5906666666510381,
      "mce": 0.5999999953114243,
      "best_accuracy": 0.4043333333333333,
      "smartwatch_training_time": 0.04569053649902344,
      "edge_encryption_time": 0.09811949729919434,
      "server_aggregation_time": 0.013032000046223402,
      "internal_he_time": 0.0,
      "global_update_time": 0.003309899941086769,
      "evaluation_time": 0.024634400033392012,
      "total_time": 7.826963901519775,
      "clients_processed": 15,
      "is_encrypted": true,
      "improvement": -0.0026666666666666505
    },
    {
      "round": 3,
      "accuracy": 0.4026666666666667,
      "f1_score": 0.5603532875368008,
      "precision": 0.3988822913028292,
      "recall": 0.9414674361088211,
      "auc": 0.48922994734804953,
      "pr_auc": 0.39918879604205815,
      "mae": 0.5973333333333334,
      "rmse": 0.7728734264634367,
      "ece": 0.5746666666666668,
      "mce": 0.75,
      "best_accuracy": 0.4043333333333333,
      "smartwatch_training_time": 0.04378509521484375,
      "edge_encryption_time": 0.08641600608825684,
      "server_aggregation_time": 0.013236600090749562,
      "internal_he_time": 0.0,
      "global_update_time": 0.004058400052599609,
      "evaluation_time": 0.010024999966844916,
      "total_time": 7.852161645889282,
      "clients_processed": 15,
      "is_encrypted": true,
      "improvement": 0.0010000000000000009
    },
    {
      "round": 4,
      "accuracy": 0.4023333333333333,
      "f1_score": 0.5705389221556886,
      "precision": 0.40209318028359214,
      "recall": 0.9818631492168178,
      "auc": 0.4949896915111474,
      "pr_auc": 0.4019357110718594,
      "mae": 0.5976685799879873,
      "rmse": 0.7730890489775819,
      "ece": 0.5903314200120128,
      "mce": 0.5979048818487638,
      "best_accuracy": 0.4043333333333333,
      "smartwatch_training_time": 0.049662113189697266,
      "edge_encryption_time": 0.06362700462341309,
      "server_aggregation_time": 0.02115020004566759,
      "internal_he_time": 0.0,
      "global_update_time": 0.0051117000402882695,
      "evaluation_time": 0.007828300003893673,
      "total_time": 8.14950442314148,
      "clients_processed": 15,
      "is_encrypted": true,
      "improvement": -0.00033333333333335213
    },
    {
      "round": 5,
      "accuracy": 0.49366666666666664,
      "f1_score": 0.5278209511967672,
      "precision": 0.4236526946107784,
      "recall": 0.6999175597691674,
      "auc": 0.5270045962620021,
      "pr_auc": 0.41805114220268935,
      "mae": 0.5063333333333333,
      "rmse": 0.7115710318255889,
      "ece": 0.38600000000000007,
      "mce": 0.5763473053892216,
      "best_accuracy": 0.49366666666666664,
      "smartwatch_training_time": 0.039964914321899414,
      "edge_encryption_time": 0.05577397346496582,
      "server_aggregation_time": 0.012095999903976917,
      "internal_he_time": 0.0,
      "global_update_time": 0.0028456998988986015,
      "evaluation_time": 0.00724499998614192,
      "total_time": 7.9647557735443115,
      "clients_processed": 15,
      "is_encrypted": true,
      "improvement": 0.09133333333333332
    },
    {
      "round": 6,
      "accuracy": 0.4043333333333333,
      "f1_score": 0.5758366959411346,
      "precision": 0.4043333333333333,
      "recall": 1.0,
      "auc": 0.5,
      "pr_auc": 0.4043333333333333,
      "mae": 0.5956666666666667,
      "rmse": 0.7717944458640957,
      "ece": 0.5956666666666667,
      "mce": 0.5956666666666667,
      "best_accuracy": 0.49366666666666664,
      "smartwatch_training_time": 0.04945206642150879,
      "edge_encryption_time": 0.08008551597595215,
      "server_aggregation_time": 0.01667239994276315,
      "internal_he_time": 0.0,
      "global_update_time": 0.009080199990421534,
      "evaluation_time": 0.008331799996085465,
      "total_time": 7.702058553695679,
      "clients_processed": 15,
      "is_encrypted": true,
      "improvement": -0.08933333333333332
    },
    {
      "round": 7,
      "accuracy": 0.5956666666666667,
      "f1_score": 0.0,
      "precision": 0.0,
      "recall": 0.0,
      "auc": 0.5,
      "pr_auc": 0.4043333333333333,
      "mae": 0.4043333333333333,
      "rmse": 0.6358721045409472,
      "ece": 0,
      "mce": 0,
      "best_accuracy": 0.5956666666666667,
      "smartwatch_training_time": 0.048139333724975586,
      "edge_encryption_time": 0.09406542778015137,
      "server_aggregation_time": 0.012176399934105575,
      "internal_he_time": 0.0,
      "global_update_time": 0.006262099952436984,
      "evaluation_time": 0.00846429995726794,
      "total_time": 7.837092638015747,
      "clients_processed": 15,
      "is_encrypted": true,
      "improvement": 0.19133333333333336
    },
    {
      "round": 8,