{
  "pipeline_info": {
    "type": "smartwatch_edge_cloud",
    "rounds": 5,
    "clients": 10,
    "batch_size": 4,
    "max_workers": 4,
    "timestamp": "20250918_184959",
    "total_samples": 2000,
    "one_class_clients": 1,
    "cpu_cores": 12
  },
  "final_performance": {
    "accuracy": 0.388,
    "f1_score": 0.4839797639123103,
    "precision": 0.3541024059222702,
    "recall": 0.7643142476697736,
    "auc": 0.46379846886830367,
    "pr_auc": 0.359313035422853,
    "mae": 0.6119973305082012,
    "rmse": 0.7823008853815574,
    "ece": 0.5264973305082011,
    "mce": 0.6458975940769742,
    "best_accuracy": 0.6245,
    "accuracy_improvement": 0.065
  },
  "performance_trends": {
    "initial_accuracy": 0.323,
    "final_accuracy": 0.388,
    "accuracy_improvement": 0.065,
    "best_accuracy": 0.6245,
    "final_f1": 0.4839797639123103,
    "best_f1": 0.4839797639123103
  },
  "timing_statistics": {
    "total_pipeline_time": 32.97389769554138,
    "avg_round_time": 6.594779539108276,
    "avg_smartwatch_training_time": 0.0360506534576416,
    "avg_edge_encryption_time": 0.06011528968811035,
    "avg_server_aggregation_time": 0.010147019987925887,
    "avg_internal_he_time": 0.0,
    "avg_global_update_time": 0.006261079991236329,
    "avg_evaluation_time": 0.013086440041661263,
    "total_smartwatch_training_time": 0.180253267288208,
    "total_edge_encryption_time": 0.30057644844055176,
    "total_server_aggregation_time": 0.050735099939629436,
    "total_internal_he_time": 0.0,
    "total_global_update_time": 0.031305399956181645,
    "total_evaluation_time": 0.06543220020830631,
    "total_rounds": 5
  },
  "architecture_benefits": {
    "privacy_preservation": "Training happens on smartwatch (private device)",
    "security_separation": "Edge device only handles encryption/decryption",
    "scalability": "Edge devices can serve multiple smartwatches",
    "realistic_iot": "Matches real-world IoT architecture",
    "separation_of_concerns": "Training vs. encryption are separate"
  },
  "round_results": [
    {
      "round": 1,
      "accuracy": 0.323,
      "f1_score": 0.3806038426349497,
      "precision": 0.2898954703832753,
      "recall": 0.5539280958721704,
      "auc": 0.3638820510469627,
      "pr_auc": 0.3273847009545302,
      "mae": 0.6771248061810341,
      "rmse": 0.8228190281795482,
      "ece": 0.5131248061798129,
      "mce": 0.7101045295879287,
      "best_accuracy": 0.323,
      "smartwatch_training_time": 0.02459263801574707,
      "edge_encryption_time": 0.04632234573364258,
      "server_aggregation_time": 0.006859999964945018,
      "internal_he_time": 0.0,
      "global_update_time": 0.0021056000841781497,
      "evaluation_time": 0.011418199981562793,
      "total_time": 5.768189191818237,
      "clients_processed": 10,
      "is_encrypted": true,
      "improvement": 0.0
    },
    {
      "round": 2,
      "accuracy": 0.4,
      "f1_score": 0.45105215004574567,
      "precision": 0.34355400696864113,
      "recall": 0.6564580559254327,
      "auc": 0.4504866209878689,
      "pr_auc": 0.35418524998479295,
      "mae": 0.6,
      "rmse": 0.7745966692414834,
      "ece": 0.47500000000000003,
      "mce": 0.6564459930313589,
      "best_accuracy": 0.4,
      "smartwatch_training_time": 0.04510092735290527,
      "edge_encryption_time": 0.06543970108032227,
      "server_aggregation_time": 0.006007099989801645,
      "internal_he_time": 0.0,
      "global_update_time": 0.006755299982614815,
      "evaluation_time": 0.014301800052635372,
      "total_time": 6.1505303382873535,
      "clients_processed": 10,
      "is_encrypted": true,
      "improvement": 0.07700000000000001
    },
    {
      "round": 3,
      "accuracy": 0.6245,
      "f1_score": 0.0,
      "precision": 0.0,
      "recall": 0.0,
      "auc": 0.5,
      "pr_auc": 0.3755,
      "mae": 0.3755,
      "rmse": 0.6127805479941412,
      "ece": 0,
      "mce": 0,
      "best_accuracy": 0.6245,
      "smartwatch_training_time": 0.02189803123474121,
      "edge_encryption_time": 0.05454587936401367,
      "server_aggregation_time": 0.014126599999144673,
      "internal_he_time": 0.0,
      "global_update_time": 0.009014699957333505,
      "evaluation_time": 0.008402100065723062,
      "total_time": 6.6737565994262695,
      "clients_processed": 10,
      "is_encrypted": true,
      "improvement": 0.22450000000000003
    },
    {
      "round": 4,
      "accuracy": 0.6245,
      "f1_score": 0.0,
      "precision": 0.0,
      "recall": 0.0,
      "auc": 0.5,
      "pr_auc": 0.3755,
      "mae": 0.3755,
      "rmse": 0.6127805479941412,
      "ece": 0,
      "mce": 0,
      "best_accuracy": 0.6245,
      "smartwatch_training_time": 0.019111156463623047,
      "edge_encryption_time": 0.07236766815185547,
      "server_aggregation_time": 0.010042499983683228,
      "internal_he_time": 0.0,
      "global_update_time": 0.00502249994315207,
      "evaluation_time": 0.019137800089083612,
      "total_time": 6.634304761886597,
      "clients_processed": 10,
      "is_encrypted": true,
      "improvement": 0.0
    },
    {
      "round": 5,
      "accuracy": 0.388,
      "f1_score": 0.4839797639123103,
      "precision": 0.3541024059222702,
      "recall": 0.7643142476697736,
      "auc": 0.46379846886830367,
      "pr_auc": 0.359313035422853,
      "mae": 0.6119973305082012,
      "rmse": 0.7823008853815574,
      "ece": 0.5264973305082011,
      "mce": 0.6458975940769742,
      "best_accuracy": 0.6245,
      "smartwatch_training_time": 0.0695505142211914,
      "edge_encryption_time": 0.06190085411071777,
      "server_aggregation_time": 0.01369890000205487,
      "internal_he_time": 0.0,
      "global_update_time": 0.008407299988903105,
      "evaluation_time": 0.012172300019301474,
      "total_time": 7.747116804122925,
      "clients_processed": 10,
      "is_encrypted": true,
      "improvement": -0.23650000000000004
    }
  ]
}