{
  "pipeline_info": {
    "type": "smartwatch_edge_cloud",
    "rounds": 2,
    "clients": 5,
    "batch_size": 2,
    "max_workers": 2,
    "timestamp": "20250918_190009",
    "total_samples": 1000,
    "one_class_clients": 1,
    "cpu_cores": 12
  },
  "final_performance": {
    "accuracy": 0.322,
    "f1_score": 0.48714069591527986,
    "precision": 0.322,
    "recall": 1.0,
    "auc": 0.5,
    "pr_auc": 0.322,
    "mae": 0.678,
    "rmse": 0.8234075540095561,
    "ece": 0.6779999999999999,
    "mce": 0.6779999999999999,
    "best_accuracy": 0.681,
    "accuracy_improvement": -0.35900000000000004
  },
  "performance_trends": {
    "initial_accuracy": 0.681,
    "final_accuracy": 0.322,
    "accuracy_improvement": -0.35900000000000004,
    "best_accuracy": 0.681,
    "final_f1": 0.48714069591527986,
    "best_f1": 0.48714069591527986
  },
  "timing_statistics": {
    "total_pipeline_time": 5.865418910980225,
    "avg_round_time": 2.9327094554901123,
    "avg_smartwatch_training_time": 0.013935565948486328,
    "avg_edge_encryption_time": 0.02750074863433838,
    "avg_server_aggregation_time": 0.0063863000250421464,
    "avg_internal_he_time": 0.0,
    "avg_global_update_time": 0.004986700019799173,
    "avg_evaluation_time": 0.012843850010540336,
    "total_smartwatch_training_time": 0.027871131896972656,
    "total_edge_encryption_time": 0.05500149726867676,
    "total_server_aggregation_time": 0.012772600050084293,
    "total_internal_he_time": 0.0,
    "total_global_update_time": 0.009973400039598346,
    "total_evaluation_time": 0.025687700021080673,
    "total_rounds": 2
  },
  "architecture_benefits": {
    "privacy_preservation": "Training happens on smartwatch (private device)",
    "security_separation": "Edge device only handles encryption/decryption",
    "scalability": "Edge devices can serve multiple smartwatches",
    "realistic_iot": "Matches real-world IoT architecture",
    "separation_of_concerns": "Training vs. encryption are separate"
  },
  "round_results": [
    {
      "round": 1,
      "accuracy": 0.681,
      "f1_score": 0.030395136778115502,
      "precision": 0.7142857142857143,
      "recall": 0.015527950310559006,
      "auc": 0.5071089613221202,
      "pr_auc": 0.3291617864537119,
      "mae": 0.319,
      "rmse": 0.5648008498577175,
      "ece": 0.003,
      "mce": 0.5,
      "best_accuracy": 0.681,
      "smartwatch_training_time": 0.016354799270629883,
      "edge_encryption_time": 0.029140949249267578,
      "server_aggregation_time": 0.005094300024211407,
      "internal_he_time": 0.0,
      "global_update_time": 0.0026186000322923064,
      "evaluation_time": 0.014437700039707124,
      "total_time": 2.8134868144989014,
      "clients_processed": 5,
      "is_encrypted": true,
      "improvement": 0.0
    },
    {
      "round": 2,
      "accuracy": 0.322,
      "f1_score": 0.48714069591527986,
      "precision": 0.322,
      "recall": 1.0,
      "auc": 0.5,
      "pr_auc": 0.322,
      "mae": 0.678,
      "rmse": 0.8234075540095561,
      "ece": 0.6779999999999999,
      "mce": 0.6779999999999999,
      "best_accuracy": 0.681,
      "smartwatch_training_time": 0.011516332626342773,
      "edge_encryption_time": 0.02586054801940918,
      "server_aggregation_time": 0.007678300025872886,
      "internal_he_time": 0.0,
      "global_update_time": 0.007354800007306039,
      "evaluation_time": 0.011249999981373549,
      "total_time": 3.0519320964813232,
      "clients_processed": 5,
      "is_encrypted": true,
      "improvement": -0.35900000000000004
    }
  ]
}