{
  "pipeline_info": {
    "type": "smartwatch_edge_cloud",
    "rounds": 20,
    "clients": 60,
    "batch_size": 4,
    "max_workers": 4,
    "timestamp": "20250918_191550",
    "total_samples": 12000,
    "one_class_clients": 17,
    "cpu_cores": 12
  },
  "final_performance": {
    "accuracy": 0.48175,
    "f1_score": 0.6502446431584276,
    "precision": 0.48175,
    "recall": 1.0,
    "auc": 0.5,
    "pr_auc": 0.48175,
    "mae": 0.51825,
    "rmse": 0.7198958257970385,
    "ece": 0.51825,
    "mce": 0.51825,
    "best_accuracy": 0.5235,
    "accuracy_improvement": -0.041749999999999954
  },
  "performance_trends": {
    "initial_accuracy": 0.5235,
    "final_accuracy": 0.48175,
    "accuracy_improvement": -0.041749999999999954,
    "best_accuracy": 0.5235,
    "final_f1": 0.6502446431584276,
    "best_f1": 0.6502812148481439
  },
  "timing_statistics": {
    "total_pipeline_time": 725.2958521842957,
    "avg_round_time": 36.26479260921478,
    "avg_smartwatch_training_time": 0.2636562705039978,
    "avg_edge_encryption_time": 0.31576902866363527,
    "avg_server_aggregation_time": 0.050053559977095576,
    "avg_internal_he_time": 0.0,
    "avg_global_update_time": 0.005361820006510243,
    "avg_evaluation_time": 0.031014479999430477,
    "total_smartwatch_training_time": 5.273125410079956,
    "total_edge_encryption_time": 6.315380573272705,
    "total_server_aggregation_time": 1.0010711995419115,
    "total_internal_he_time": 0.0,
    "total_global_update_time": 0.10723640013020486,
    "total_evaluation_time": 0.6202895999886096,
    "total_rounds": 20
  },
  "architecture_benefits": {
    "privacy_preservation": "Training happens on smartwatch (private device)",
    "security_separation": "Edge device only handles encryption/decryption",
    "scalability": "Edge devices can serve multiple smartwatches",
    "realistic_iot": "Matches real-world IoT architecture",
    "separation_of_concerns": "Training vs. encryption are separate"
  },
  "round_results": [
    {
      "round": 1,
      "accuracy": 0.5235,
      "f1_score": 0.18824531516183987,
      "precision": 0.5249406175771971,
      "recall": 0.11468604047742605,
      "auc": 0.5069185366649164,
      "pr_auc": 0.4875342554537923,
      "mae": 0.4764908533518331,
      "rmse": 0.6902342016943308,
      "ece": 0.05948535637795408,
      "mce": 0.8506932185852363,
      "best_accuracy": 0.5235,
      "smartwatch_training_time": 0.16461420059204102,
      "edge_encryption_time": 0.2822091579437256,
      "server_aggregation_time": 0.03716119995806366,
      "internal_he_time": 0.0,
      "global_update_time": 0.0027924999594688416,
      "evaluation_time": 0.015901800012215972,
      "total_time": 30.998082876205444,
      "clients_processed": 60,
      "is_encrypted": true,
      "improvement": 0.0
    },
    {
      "round": 2,
      "accuracy": 0.48175,
      "f1_score": 0.6502446431584276,
      "precision": 0.48175,
      "recall": 1.0,
      "auc": 0.5,
      "pr_auc": 0.48175,
      "mae": 0.51825,
      "rmse": 0.7198958257970385,
      "ece": 0.51825,
      "mce": 0.51825,
      "best_accuracy": 0.5235,
      "smartwatch_training_time": 0.16546964645385742,
      "edge_encryption_time": 0.22516369819641113,
      "server_aggregation_time": 0.07022540003526956,
      "internal_he_time": 0.0,
      "global_update_time": 0.005246300017461181,
      "evaluation_time": 0.06234840000979602,
      "total_time": 34.957305669784546,
      "clients_processed": 60,
      "is_encrypted": true,
      "improvement": -0.041749999999999954
    },
    {
      "round": 3,
      "accuracy": 0.48175,
      "f1_score": 0.6502446431584276,
      "precision": 0.48175,
      "recall": 1.0,
      "auc": 0.5,
      "pr_auc": 0.48175,
      "mae": 0.51825,
      "rmse": 0.7198958257970385,
      "ece": 0.51825,
      "mce": 0.51825,
      "best_accuracy": 0.5235,
      "smartwatch_training_time": 0.23016119003295898,
      "edge_encryption_time": 0.3375859260559082,
      "server_aggregation_time": 0.03735989995766431,
      "internal_he_time": 0.0,
      "global_update_time": 0.004893300007097423,
      "evaluation_time": 0.03411430004052818,
      "total_time": 34.23720836639404,
      "clients_processed": 60,
      "is_encrypted": true,
      "improvement": 0.0
    },
    {
      "round": 4,
      "accuracy": 0.4855,
      "f1_score": 0.6475222653573875,
      "precision": 0.48325521942905836,
      "recall": 0.9809721501470334,
      "auc": 0.5029593453656412,
      "pr_auc": 0.48322829335810136,
      "mae": 0.5145,
      "rmse": 0.7172865536171719,
      "ece": 0.5058333333333332,
      "mce": 0.8571428571428571,
      "best_accuracy": 0.5235,
      "smartwatch_training_time": 0.1848750114440918,
      "edge_encryption_time": 0.30060338973999023,
      "server_aggregation_time": 0.04406169999856502,
      "internal_he_time": 0.0,
      "global_update_time": 0.007802399923093617,
      "evaluation_time": 0.04042239999398589,
      "total_time": 32.81384634971619,
      "clients_processed": 60,
      "is_encrypted": true,
      "improvement": 0.0037499999999999756
    },
    {
      "round": 5,
      "accuracy": 0.48175,
      "f1_score": 0.6502446431584276,
      "precision": 0.48175,
      "recall": 1.0,
      "auc": 0.5,
      "pr_auc": 0.48175,
      "mae": 0.51825,
      "rmse": 0.7198958257970385,
      "ece": 0.51825,
      "mce": 0.51825,
      "best_accuracy": 0.5235,
      "smartwatch_training_time": 0.2017841339111328,
      "edge_encryption_time": 0.2941863536834717,
      "server_aggregation_time": 0.038428799947723746,
      "internal_he_time": 0.0,
      "global_update_time": 0.003528699977323413,
      "evaluation_time": 0.015082099940627813,
      "total_time": 32.59926724433899,
      "clients_processed": 60,
      "is_encrypted": true,
      "improvement": -0.0037499999999999756
    },
    {
      "round": 6,
      "accuracy": 0.5134166666666666,
      "f1_score": 0.47636983230203567,
      "precision": 0.4945996275605214,
      "recall": 0.45943608372253936,
      "auc": 0.5109626744675038,
      "pr_auc": 0.4877199549242582,
      "mae": 0.48658333370988605,
      "rmse": 0.6975552546811702,
      "ece": 0.22716666629009122,
      "mce": 0.5054003715999731,
      "best_accuracy": 0.5235,
      "smartwatch_training_time": 0.2314612865447998,
      "edge_encryption_time": 0.2789950370788574,
      "server_aggregation_time": 0.04705169994849712,
      "internal_he_time": 0.0,
      "global_update_time": 0.0037493000272661448,
      "evaluation_time": 0.04221560002770275,
      "total_time": 31.937152862548828,
      "clients_processed": 60,
      "is_encrypted": true,
      "improvement": 0.03166666666666662
    },
    {
      "round": 7,
      "accuracy": 0.4815,
      "f1_score": 0.6457123334472156,
      "precision": 0.48128342245989303,
      "recall": 0.9807991696938246,
      "auc": 0.49899607919317174,
      "pr_auc": 0.48124912041138185,
      "mae": 0.5185001938868558,
      "rmse": 0.7200694414090251,
      "ece": 0.5093331394464776,
      "mce": 0.5187163800490393,
      "best_accuracy": 0.5235,
      "smartwatch_training_time": 0.1998429298400879,
      "edge_encryption_time": 0.30934882164001465,
      "server_aggregation_time": 0.039396699983626604,
      "internal_he_time": 0.0,
      "global_update_time": 0.004614899982698262,
      "evaluation_time": 0.013557500089518726,
      "total_time": 31.811167001724243,
      "clients_processed": 60,
      "is_encrypted": true,
      "improvement": -0.03191666666666665
    },
    {
      "round": 8,
      "accuracy": 0.51825,
      "f1_score": 0.0,
      "precision": 0.0,
      "recall": 0.0,
      "auc": 0.5,
      "pr_auc": 0.48175,
      "mae": 0.48175,
      "rmse": 0.6940821277053603,
      "ece": 0,
      "mce": 0,
      "best_accuracy": 0.5235,
      "smartwatch_training_time": 0.16336846351623535,
      "edge_encryption_time": 0.3311929702758789,
      "server_aggregation_time": 0.041944999946281314,