{
  "pipeline_info": {
    "type": "smartwatch_edge_cloud",
    "rounds": 10,
    "clients": 10,
    "batch_size": 4,
    "max_workers": 4,
    "timestamp": "20250918_185110",
    "total_samples": 2000,
    "one_class_clients": 1,
    "cpu_cores": 12
  },
  "final_performance": {
    "accuracy": 0.6245,
    "f1_score": 0.0,
    "precision": 0.0,
    "recall": 0.0,
    "auc": 0.5,
    "pr_auc": 0.3755,
    "mae": 0.3755,
    "rmse": 0.6127805479941412,
    "ece": 0,
    "mce": 0,
    "best_accuracy": 0.6245,
    "accuracy_improvement": 0.20650000000000007
  },
  "performance_trends": {
    "initial_accuracy": 0.418,
    "final_accuracy": 0.6245,
    "accuracy_improvement": 0.20650000000000007,
    "best_accuracy": 0.6245,
    "final_f1": 0.0,
    "best_f1": 0.5459832788077063
  },
  "timing_statistics": {
    "total_pipeline_time": 65.04340958595276,
    "avg_round_time": 6.504340958595276,
    "avg_smartwatch_training_time": 0.0330080509185791,
    "avg_edge_encryption_time": 0.07517266273498535,
    "avg_server_aggregation_time": 0.013982709986157716,
    "avg_internal_he_time": 0.0,
    "avg_global_update_time": 0.006973719969391823,
    "avg_evaluation_time": 0.018409429979510606,
    "total_smartwatch_training_time": 0.330080509185791,
    "total_edge_encryption_time": 0.7517266273498535,
    "total_server_aggregation_time": 0.13982709986157715,
    "total_internal_he_time": 0.0,
    "total_global_update_time": 0.06973719969391823,
    "total_evaluation_time": 0.18409429979510605,
    "total_rounds": 10
  },
  "architecture_benefits": {
    "privacy_preservation": "Training happens on smartwatch (private device)",
    "security_separation": "Edge device only handles encryption/decryption",
    "scalability": "Edge devices can serve multiple smartwatches",
    "realistic_iot": "Matches real-world IoT architecture",
    "separation_of_concerns": "Training vs. encryption are separate"
  },
  "round_results": [
    {
      "round": 1,
      "accuracy": 0.418,
      "f1_score": 0.46703296703296704,
      "precision": 0.3558967201674808,
      "recall": 0.6790945406125166,
      "auc": 0.4694093490504787,
      "pr_auc": 0.3621875196876368,
      "mae": 0.582,
      "rmse": 0.762889244910426,
      "ece": 0.4615000000000001,
      "mce": 0.6441032798325192,
      "best_accuracy": 0.418,
      "smartwatch_training_time": 0.03283548355102539,
      "edge_encryption_time": 0.05773353576660156,
      "server_aggregation_time": 0.014203099999576807,
      "internal_he_time": 0.0,
      "global_update_time": 0.006293599959462881,
      "evaluation_time": 0.02657839993480593,
      "total_time": 5.4187116622924805,
      "clients_processed": 10,
      "is_encrypted": true,
      "improvement": 0.0
    },
    {
      "round": 2,
      "accuracy": 0.3975,
      "f1_score": 0.45549028468142794,
      "precision": 0.3447332421340629,
      "recall": 0.6711051930758988,
      "auc": 0.4517824645868491,
      "pr_auc": 0.35485226902206085,
      "mae": 0.6025,
      "rmse": 0.7762087348130012,
      "ece": 0.4789999999999999,
      "mce": 0.655266757865937,
      "best_accuracy": 0.418,
      "smartwatch_training_time": 0.07468295097351074,
      "edge_encryption_time": 0.11081981658935547,
      "server_aggregation_time": 0.006487700040452182,
      "internal_he_time": 0.0,
      "global_update_time": 0.00296920002438128,
      "evaluation_time": 0.009021000005304813,
      "total_time": 7.56169056892395,
      "clients_processed": 10,
      "is_encrypted": true,
      "improvement": -0.020499999999999963
    },
    {
      "round": 3,
      "accuracy": 0.3755,
      "f1_score": 0.5459832788077063,
      "precision": 0.3755,
      "recall": 1.0,
      "auc": 0.5,
      "pr_auc": 0.3755,
      "mae": 0.6245,
      "rmse": 0.790253124005214,
      "ece": 0.6245,
      "mce": 0.6245,
      "best_accuracy": 0.418,
      "smartwatch_training_time": 0.018663406372070312,
      "edge_encryption_time": 0.09556913375854492,
      "server_aggregation_time": 0.012212399975396693,
      "internal_he_time": 0.0,
      "global_update_time": 0.004230699967592955,
      "evaluation_time": 0.016859999974258244,
      "total_time": 6.829942941665649,
      "clients_processed": 10,
      "is_encrypted": true,
      "improvement": -0.02200000000000002
    },
    {
      "round": 4,
      "accuracy": 0.3755,
      "f1_score": 0.5459832788077063,
      "precision": 0.3755,
      "recall": 1.0,
      "auc": 0.5,
      "pr_auc": 0.3755,
      "mae": 0.6245,
      "rmse": 0.790253124005214,
      "ece": 0.6245,
      "mce": 0.6245,
      "best_accuracy": 0.418,
      "smartwatch_training_time": 0.01910853385925293,
      "edge_encryption_time": 0.08451652526855469,
      "server_aggregation_time": 0.006288499920628965,
      "internal_he_time": 0.0,
      "global_update_time": 0.005551599897444248,
      "evaluation_time": 0.010533399996347725,
      "total_time": 6.390223264694214,
      "clients_processed": 10,
      "is_encrypted": true,
      "improvement": 0.0
    },
    {
      "round": 5,
      "accuracy": 0.6245,
      "f1_score": 0.0,
      "precision": 0.0,
      "recall": 0.0,
      "auc": 0.5,
      "pr_auc": 0.3755,
      "mae": 0.3755,
      "rmse": 0.6127805479941412,
      "ece": 0,
      "mce": 0,
      "best_accuracy": 0.6245,
      "smartwatch_training_time": 0.022921085357666016,
      "edge_encryption_time": 0.037453413009643555,
      "server_aggregation_time": 0.019217399996705353,
      "internal_he_time": 0.0,
      "global_update_time": 0.013162799994461238,
      "evaluation_time": 0.01245719997677952,
      "total_time": 5.535565137863159,
      "clients_processed": 10,
      "is_encrypted": true,
      "improvement": 0.24900000000000005
    },
    {
      "round": 6,
      "accuracy": 0.3755,
      "f1_score": 0.5456529647144416,
      "precision": 0.37537537537537535,
      "recall": 0.9986684420772304,
      "auc": 0.49973454129482014,
      "pr_auc": 0.37537554132028167,
      "mae": 0.6245,
      "rmse": 0.790253124005214,
      "ece": 0.624,
      "mce": 0.6246246246246246,
      "best_accuracy": 0.6245,
      "smartwatch_training_time": 0.0195620059967041,
      "edge_encryption_time": 0.09128689765930176,
      "server_aggregation_time": 0.012318799970671535,
      "internal_he_time": 0.0,
      "global_update_time": 0.005716199986636639,
      "evaluation_time": 0.016489799949340522,
      "total_time": 5.85792088508606,
      "clients_processed": 10,
      "is_encrypted": true,
      "improvement": -0.24900000000000005
    },
    {
      "round": 7,
      "accuracy": 0.3705,
      "f1_score": 0.49660135945621753,
      "precision": 0.35485714285714287,
      "recall": 0.8268974700399467,
      "auc": 0.4614008117279443,
      "pr_auc": 0.3583238049904994,
      "mae": 0.629499999999677,
      "rmse": 0.7934103604058583,
      "ece": 0.566499999999677,
      "mce": 0.6451428571428571,
      "best_accuracy": 0.6245,
      "smartwatch_training_time": 0.036254167556762695,
      "edge_encryption_time": 0.049234628677368164,
      "server_aggregation_time": 0.011647199979051948,
      "internal_he_time": 0.0,
      "global_update_time": 0.008616699953563511,
      "evaluation_time": 0.009994299965910614,
      "total_time": 6.444292068481445,
      "clients_processed": 10,
      "is_encrypted": true,
      "improvement": -0.0050000000000000044
    },
    {
      "round": 8,
      "accuracy": 0.4395,
      "f1_score": 0.43125317097919835,
      "precision": 0.3483606557377049,
      "recall": 0.5659121171770972,
      "auc": 0.46367107001180174,
      "pr_auc": 0.359691653997967,
      "mae": 0.5605098781549632,
      "rmse": 0.7486656097056221,
      "ece": 0.3994901218450368,
      "mce": 0.6516231505656341,
      "best_accuracy": 0.6245,
      "smartwatch_training_time": 0.021668195724487305,
      "edge_encryption_time": 0.04837918281555176,
      "server_aggregation_time": 0.014012300060130656,
      "internal_he_time": 0.0,