{
  "pipeline_info": {
    "type": "smartwatch_edge_cloud",
    "rounds": 20,
    "clients": 5,
    "batch_size": 4,
    "max_workers": 4,
    "timestamp": "20250918_185612",
    "total_samples": 2000,
    "one_class_clients": 1,
    "cpu_cores": 12
  },
  "final_performance": {
    "accuracy": 0.6855,
    "f1_score": 0.44872918492550395,
    "precision": 0.6564102564102564,
    "recall": 0.340878828229028,
    "auc": 0.6189031118370061,
    "pr_auc": 0.4741833852840858,
    "mae": 0.3145,
    "rmse": 0.5608029957123981,
    "ece": 0.07100000000000001,
    "mce": 0.4444444444444444,
    "best_accuracy": 0.6855,
    "accuracy_improvement": 0.3085
  },
  "performance_trends": {
    "initial_accuracy": 0.377,
    "final_accuracy": 0.6855,
    "accuracy_improvement": 0.3085,
    "best_accuracy": 0.6855,
    "final_f1": 0.44872918492550395,
    "best_f1": 0.5459832788077063
  },
  "timing_statistics": {
    "total_pipeline_time": 111.29632472991943,
    "avg_round_time": 5.564816236495972,
    "avg_smartwatch_training_time": 0.032609200477600096,
    "avg_edge_encryption_time": 0.055074310302734374,
    "avg_server_aggregation_time": 0.010250209993682802,
    "avg_internal_he_time": 0.0,
    "avg_global_update_time": 0.006443870003568009,
    "avg_evaluation_time": 0.011983834998682141,
    "total_smartwatch_training_time": 0.652184009552002,
    "total_edge_encryption_time": 1.1014862060546875,
    "total_server_aggregation_time": 0.20500419987365603,
    "total_internal_he_time": 0.0,
    "total_global_update_time": 0.12887740007136017,
    "total_evaluation_time": 0.23967669997364283,
    "total_rounds": 20
  },
  "architecture_benefits": {
    "privacy_preservation": "Training happens on smartwatch (private device)",
    "security_separation": "Edge device only handles encryption/decryption",
    "scalability": "Edge devices can serve multiple smartwatches",
    "realistic_iot": "Matches real-world IoT architecture",
    "separation_of_concerns": "Training vs. encryption are separate"
  },
  "round_results": [
    {
      "round": 1,
      "accuracy": 0.377,
      "f1_score": 0.5027932960893855,
      "precision": 0.358974358974359,
      "recall": 0.8388814913448736,
      "auc": 0.4694184108938283,
      "pr_auc": 0.36176526252344876,
      "mae": 0.6229905911463134,
      "rmse": 0.7892845671469757,
      "ece": 0.5634790075819313,
      "mce": 0.6410083183636721,
      "best_accuracy": 0.377,
      "smartwatch_training_time": 0.014750480651855469,
      "edge_encryption_time": 0.04784131050109863,
      "server_aggregation_time": 0.005578699987381697,
      "internal_he_time": 0.0,
      "global_update_time": 0.00964229996316135,
      "evaluation_time": 0.008275500033050776,
      "total_time": 4.66717004776001,
      "clients_processed": 10,
      "is_encrypted": true,
      "improvement": 0.0
    },
    {
      "round": 2,
      "accuracy": 0.628,
      "f1_score": 0.2804642166344294,
      "precision": 0.5123674911660777,
      "recall": 0.19307589880159787,
      "auc": 0.5412409821332432,
      "pr_auc": 0.40211034717193544,
      "mae": 0.372,
      "rmse": 0.6099180272790763,
      "ece": 0.06949999999999999,
      "mce": 0.4876325088339223,
      "best_accuracy": 0.628,
      "smartwatch_training_time": 0.014578580856323242,
      "edge_encryption_time": 0.04103899002075195,
      "server_aggregation_time": 0.009871299960650504,
      "internal_he_time": 0.0,
      "global_update_time": 0.007884099963121116,
      "evaluation_time": 0.009645100100897253,
      "total_time": 4.912100315093994,
      "clients_processed": 10,
      "is_encrypted": true,
      "improvement": 0.251
    },
    {
      "round": 3,
      "accuracy": 0.5945,
      "f1_score": 0.3609141055949567,
      "precision": 0.4420849420849421,
      "recall": 0.30492676431424764,
      "auc": 0.5339547270306259,
      "pr_auc": 0.39637660131714736,
      "mae": 0.4054996603512225,
      "rmse": 0.6367882858007858,
      "ece": 0.14799966035115814,
      "mce": 0.5579150579150579,
      "best_accuracy": 0.628,
      "smartwatch_training_time": 0.022397756576538086,
      "edge_encryption_time": 0.06299805641174316,
      "server_aggregation_time": 0.01158149994444102,
      "internal_he_time": 0.0,
      "global_update_time": 0.00398420006968081,
      "evaluation_time": 0.012529100058600307,
      "total_time": 5.126798629760742,
      "clients_processed": 10,
      "is_encrypted": true,
      "improvement": -0.033499999999999974
    },
    {
      "round": 4,
      "accuracy": 0.621,
      "f1_score": 0.002631578947368421,
      "precision": 0.1111111111111111,
      "recall": 0.0013315579227696406,
      "auc": 0.49746321691174517,
      "pr_auc": 0.3751479508803077,
      "mae": 0.379,
      "rmse": 0.6156297588648554,
      "ece": 0.003999999999999999,
      "mce": 0.8888888888888888,
      "best_accuracy": 0.628,
      "smartwatch_training_time": 0.024260282516479492,
      "edge_encryption_time": 0.05030655860900879,
      "server_aggregation_time": 0.012395999976433814,
      "internal_he_time": 0.0,
      "global_update_time": 0.00326410005800426,
      "evaluation_time": 0.0063708999659866095,
      "total_time": 5.164089679718018,
      "clients_processed": 10,
      "is_encrypted": true,
      "improvement": 0.026499999999999968
    },
    {
      "round": 5,
      "accuracy": 0.6245,
      "f1_score": 0.0,
      "precision": 0.0,
      "recall": 0.0,
      "auc": 0.5,
      "pr_auc": 0.3755,
      "mae": 0.3755,
      "rmse": 0.6127805479941412,
      "ece": 0,
      "mce": 0,
      "best_accuracy": 0.628,
      "smartwatch_training_time": 0.04545402526855469,
      "edge_encryption_time": 0.04129171371459961,
      "server_aggregation_time": 0.01317900000140071,
      "internal_he_time": 0.0,
      "global_update_time": 0.012035499908961356,
      "evaluation_time": 0.015445300028659403,
      "total_time": 5.35735559463501,
      "clients_processed": 10,
      "is_encrypted": true,
      "improvement": 0.0035000000000000586
    },
    {
      "round": 6,
      "accuracy": 0.6245,
      "f1_score": 0.0,
      "precision": 0.0,
      "recall": 0.0,
      "auc": 0.5,
      "pr_auc": 0.3755,
      "mae": 0.3755,
      "rmse": 0.6127805479941412,
      "ece": 0,
      "mce": 0,
      "best_accuracy": 0.628,
      "smartwatch_training_time": 0.03743624687194824,
      "edge_encryption_time": 0.06713080406188965,
      "server_aggregation_time": 0.013241099892184138,
      "internal_he_time": 0.0,
      "global_update_time": 0.004262399976141751,
      "evaluation_time": 0.0076703999657183886,
      "total_time": 5.359981536865234,
      "clients_processed": 10,
      "is_encrypted": true,
      "improvement": 0.0
    },
    {
      "round": 7,
      "accuracy": 0.463,
      "f1_score": 0.4458204334365325,
      "precision": 0.36394271272114576,
      "recall": 0.5752330226364847,
      "auc": 0.48192108946811246,
      "pr_auc": 0.3684614544809123,
      "mae": 0.537000041692353,
      "rmse": 0.7328028384248225,
      "ece": 0.3794999583076469,
      "mce": 0.636057217030576,
      "best_accuracy": 0.628,
      "smartwatch_training_time": 0.025814056396484375,
      "edge_encryption_time": 0.04442310333251953,
      "server_aggregation_time": 0.009406600031070411,
      "internal_he_time": 0.0,
      "global_update_time": 0.006575900013558567,
      "evaluation_time": 0.008404599968343973,
      "total_time": 5.1376214027404785,
      "clients_processed": 10,
      "is_encrypted": true,
      "improvement": -0.16150000000000003
    },
    {
      "round": 8,
      "accuracy": 0.6245,
      "f1_score": 0.0,
      "precision": 0.0,
      "recall": 0.0,
      "auc": 0.5,
      "pr_auc": 0.3755,
      "mae": 0.3755,
      "rmse": 0.6127805479941412,
      "ece": 0,
      "mce": 0,
      "best_accuracy": 0.628,
      "smartwatch_training_time": 0.025307416915893555,
      "edge_encryption_time": 0.07876420021057129,