{
  "pipeline_info": {
    "type": "smartwatch_edge_cloud",
    "rounds": 2,
    "clients": 5,
    "batch_size": 2,
    "max_workers": 2,
    "timestamp": "20250918_181828",
    "total_samples": 2000,
    "one_class_clients": 1,
    "cpu_cores": 12
  },
  "final_performance": {
    "accuracy": 0.376,
    "f1_score": 0.5055467511885895,
    "precision": 0.3598420755781162,
    "recall": 0.8495339547270306,
    "auc": 0.4704034865708812,
    "pr_auc": 0.3621980615430601,
    "mae": 0.624,
    "rmse": 0.7899367063252599,
    "ece": 0.5675,
    "mce": 0.6401579244218838,
    "best_accuracy": 0.6245,
    "accuracy_improvement": -0.24850000000000005
  },
  "performance_trends": {
    "initial_accuracy": 0.6245,
    "final_accuracy": 0.376,
    "accuracy_improvement": -0.24850000000000005,
    "best_accuracy": 0.6245,
    "final_f1": 0.5055467511885895,
    "best_f1": 0.5055467511885895
  },
  "timing_statistics": {
    "total_pipeline_time": 10.050942182540894,
    "avg_round_time": 5.025471091270447,
    "avg_smartwatch_training_time": 0.012577652931213379,
    "avg_edge_encryption_time": 0.03085780143737793,
    "avg_server_aggregation_time": 0.0060196000267751515,
    "avg_internal_he_time": 0.01034998893737793,
    "avg_global_update_time": 0.002497049979865551,
    "avg_evaluation_time": 0.011020600039046258,
    "total_smartwatch_training_time": 0.025155305862426758,
    "total_edge_encryption_time": 0.06171560287475586,
    "total_server_aggregation_time": 0.012039200053550303,
    "total_internal_he_time": 0.02069997787475586,
    "total_global_update_time": 0.004994099959731102,
    "total_evaluation_time": 0.022041200078092515,
    "total_rounds": 2
  },
  "architecture_benefits": {
    "privacy_preservation": "Training happens on smartwatch (private device)",
    "security_separation": "Edge device only handles encryption/decryption",
    "scalability": "Edge devices can serve multiple smartwatches",
    "realistic_iot": "Matches real-world IoT architecture",
    "separation_of_concerns": "Training vs. encryption are separate"
  },
  "round_results": [
    {
      "round": 1,
      "accuracy": 0.6245,
      "f1_score": 0.0,
      "precision": 0.0,
      "recall": 0.0,
      "auc": 0.5,
      "pr_auc": 0.3755,
      "mae": 0.3755,
      "rmse": 0.6127805479941412,
      "ece": 0,
      "mce": 0,
      "best_accuracy": 0.6245,
      "smartwatch_training_time": 0.006513118743896484,
      "edge_encryption_time": 0.02341485023498535,
      "server_aggregation_time": 0.00620950001757592,
      "internal_he_time": 0.007865667343139648,
      "global_update_time": 0.0021355999633669853,
      "evaluation_time": 0.007610000087879598,
      "total_time": 4.932136535644531,
      "clients_processed": 10,
      "is_encrypted": true,
      "improvement": 0.0
    },
    {
      "round": 2,
      "accuracy": 0.376,
      "f1_score": 0.5055467511885895,
      "precision": 0.3598420755781162,
      "recall": 0.8495339547270306,
      "auc": 0.4704034865708812,
      "pr_auc": 0.3621980615430601,
      "mae": 0.624,
      "rmse": 0.7899367063252599,
      "ece": 0.5675,
      "mce": 0.6401579244218838,
      "best_accuracy": 0.6245,
      "smartwatch_training_time": 0.018642187118530273,
      "edge_encryption_time": 0.03830075263977051,
      "server_aggregation_time": 0.005829700035974383,
      "internal_he_time": 0.012834310531616211,
      "global_update_time": 0.0028584999963641167,
      "evaluation_time": 0.014431199990212917,
      "total_time": 5.118805646896362,
      "clients_processed": 10,
      "is_encrypted": true,
      "improvement": -0.24850000000000005
    }
  ]
}