{
  "pipeline_info": {
    "type": "smartwatch_edge_cloud",
    "rounds": 5,
    "clients": 10,
    "batch_size": 4,
    "max_workers": 4,
    "timestamp": "20250918_184452",
    "total_samples": 2000,
    "one_class_clients": 1,
    "cpu_cores": 12
  },
  "final_performance": {
    "accuracy": 0.6245,
    "f1_score": 0.0,
    "precision": 0.0,
    "recall": 0.0,
    "auc": 0.5,
    "pr_auc": 0.3755,
    "mae": 0.3755,
    "rmse": 0.6127805479941412,
    "ece": 0,
    "mce": 0,
    "best_accuracy": 0.6245,
    "accuracy_improvement": 0.24900000000000005
  },
  "performance_trends": {
    "initial_accuracy": 0.3755,
    "final_accuracy": 0.6245,
    "accuracy_improvement": 0.24900000000000005,
    "best_accuracy": 0.6245,
    "final_f1": 0.0,
    "best_f1": 0.5459832788077063
  },
  "timing_statistics": {
    "total_pipeline_time": 39.01778221130371,
    "avg_round_time": 7.803556442260742,
    "avg_smartwatch_training_time": 0.03991227149963379,
    "avg_edge_encryption_time": 0.07294297218322754,
    "avg_server_aggregation_time": 0.010129160014912486,
    "avg_internal_he_time": 0.0,
    "avg_global_update_time": 0.006060100020840764,
    "avg_evaluation_time": 0.019376479997299613,
    "total_smartwatch_training_time": 0.19956135749816895,
    "total_edge_encryption_time": 0.3647148609161377,
    "total_server_aggregation_time": 0.05064580007456243,
    "total_internal_he_time": 0.0,
    "total_global_update_time": 0.03030050010420382,
    "total_evaluation_time": 0.09688239998649806,
    "total_rounds": 5
  },
  "architecture_benefits": {
    "privacy_preservation": "Training happens on smartwatch (private device)",
    "security_separation": "Edge device only handles encryption/decryption",
    "scalability": "Edge devices can serve multiple smartwatches",
    "realistic_iot": "Matches real-world IoT architecture",
    "separation_of_concerns": "Training vs. encryption are separate"
  },
  "round_results": [
    {
      "round": 1,
      "accuracy": 0.3755,
      "f1_score": 0.5459832788077063,
      "precision": 0.3755,
      "recall": 1.0,
      "auc": 0.5,
      "pr_auc": 0.3755,
      "mae": 0.6245,
      "rmse": 0.790253124005214,
      "ece": 0.6245,
      "mce": 0.6245,
      "best_accuracy": 0.3755,
      "smartwatch_training_time": 0.026569128036499023,
      "edge_encryption_time": 0.048705339431762695,
      "server_aggregation_time": 0.005659900023601949,
      "internal_he_time": 0.0,
      "global_update_time": 0.0016868999227881432,
      "evaluation_time": 0.03621529997326434,
      "total_time": 6.301289319992065,
      "clients_processed": 10,
      "is_encrypted": true,
      "improvement": 0.0
    },
    {
      "round": 2,
      "accuracy": 0.3755,
      "f1_score": 0.5459832788077063,
      "precision": 0.3755,
      "recall": 1.0,
      "auc": 0.5,
      "pr_auc": 0.3755,
      "mae": 0.6245,
      "rmse": 0.790253124005214,
      "ece": 0.6245,
      "mce": 0.6245,
      "best_accuracy": 0.3755,
      "smartwatch_training_time": 0.06749463081359863,
      "edge_encryption_time": 0.08899164199829102,
      "server_aggregation_time": 0.0075774999568238854,
      "internal_he_time": 0.0,
      "global_update_time": 0.005408200086094439,
      "evaluation_time": 0.019019900006242096,
      "total_time": 8.94328236579895,
      "clients_processed": 10,
      "is_encrypted": true,
      "improvement": 0.0
    },
    {
      "round": 3,
      "accuracy": 0.6245,
      "f1_score": 0.0,
      "precision": 0.0,
      "recall": 0.0,
      "auc": 0.5,
      "pr_auc": 0.3755,
      "mae": 0.3755,
      "rmse": 0.6127805479941412,
      "ece": 0,
      "mce": 0,
      "best_accuracy": 0.6245,
      "smartwatch_training_time": 0.04188275337219238,
      "edge_encryption_time": 0.057869911193847656,
      "server_aggregation_time": 0.011956100002862513,
      "internal_he_time": 0.0,
      "global_update_time": 0.00931790005415678,
      "evaluation_time": 0.015053299954161048,
      "total_time": 7.405744791030884,
      "clients_processed": 10,
      "is_encrypted": true,
      "improvement": 0.24900000000000005
    },
    {
      "round": 4,
      "accuracy": 0.6245,
      "f1_score": 0.0,
      "precision": 0.0,
      "recall": 0.0,
      "auc": 0.5,
      "pr_auc": 0.3755,
      "mae": 0.3755,
      "rmse": 0.6127805479941412,
      "ece": 0,
      "mce": 0,
      "best_accuracy": 0.6245,
      "smartwatch_training_time": 0.03625774383544922,
      "edge_encryption_time": 0.07134604454040527,
      "server_aggregation_time": 0.014090600074268878,
      "internal_he_time": 0.0,
      "global_update_time": 0.004238000023178756,
      "evaluation_time": 0.010301300091668963,
      "total_time": 7.867527723312378,
      "clients_processed": 10,
      "is_encrypted": true,
      "improvement": 0.0
    },
    {
      "round": 5,
      "accuracy": 0.6245,
      "f1_score": 0.0,
      "precision": 0.0,
      "recall": 0.0,
      "auc": 0.5,
      "pr_auc": 0.3755,
      "mae": 0.3755,
      "rmse": 0.6127805479941412,
      "ece": 0,
      "mce": 0,
      "best_accuracy": 0.6245,
      "smartwatch_training_time": 0.027357101440429688,
      "edge_encryption_time": 0.09780192375183105,
      "server_aggregation_time": 0.011361700017005205,
      "internal_he_time": 0.0,
      "global_update_time": 0.009649500017985702,
      "evaluation_time": 0.016292599961161613,
      "total_time": 8.499938011169434,
      "clients_processed": 10,
      "is_encrypted": true,
      "improvement": 0.0
    }
  ]
}