{
  "pipeline_info": {
    "type": "smartwatch_edge_cloud",
    "rounds": 5,
    "clients": 10,
    "batch_size": 4,
    "max_workers": 4,
    "timestamp": "20250918_183101",
    "total_samples": 2000,
    "one_class_clients": 1,
    "cpu_cores": 12
  },
  "final_performance": {
    "accuracy": 0.522,
    "f1_score": 0.46352413019079686,
    "precision": 0.4005819592628516,
    "recall": 0.5499334221038615,
    "auc": 0.5257430978071405,
    "pr_auc": 0.3896028597544439,
    "mae": 0.4780000119258211,
    "rmse": 0.6913754406979475,
    "ece": 0.3104999880741756,
    "mce": 0.5994180407371452,
    "best_accuracy": 0.6245,
    "accuracy_improvement": -0.10250000000000004
  },
  "performance_trends": {
    "initial_accuracy": 0.6245,
    "final_accuracy": 0.522,
    "accuracy_improvement": -0.10250000000000004,
    "best_accuracy": 0.6245,
    "final_f1": 0.46352413019079686,
    "best_f1": 0.5459832788077063
  },
  "timing_statistics": {
    "total_pipeline_time": 25.357238054275513,
    "avg_round_time": 5.0714476108551025,
    "avg_smartwatch_training_time": 0.01854867935180664,
    "avg_edge_encryption_time": 0.047887325286865234,
    "avg_server_aggregation_time": 0.007626560004428029,
    "avg_internal_he_time": 0.0049876213073730465,
    "avg_global_update_time": 0.0036820599809288977,
    "avg_evaluation_time": 0.008142980025149881,
    "total_smartwatch_training_time": 0.0927433967590332,
    "total_edge_encryption_time": 0.23943662643432617,
    "total_server_aggregation_time": 0.038132800022140145,
    "total_internal_he_time": 0.024938106536865234,
    "total_global_update_time": 0.01841029990464449,
    "total_evaluation_time": 0.04071490012574941,
    "total_rounds": 5
  },
  "architecture_benefits": {
    "privacy_preservation": "Training happens on smartwatch (private device)",
    "security_separation": "Edge device only handles encryption/decryption",
    "scalability": "Edge devices can serve multiple smartwatches",
    "realistic_iot": "Matches real-world IoT architecture",
    "separation_of_concerns": "Training vs. encryption are separate"
  },
  "round_results": [
    {
      "round": 1,
      "accuracy": 0.6245,
      "f1_score": 0.0,
      "precision": 0.0,
      "recall": 0.0,
      "auc": 0.5,
      "pr_auc": 0.3755,
      "mae": 0.3755,
      "rmse": 0.6127805479941412,
      "ece": 0,
      "mce": 0,
      "best_accuracy": 0.6245,
      "smartwatch_training_time": 0.029044628143310547,
      "edge_encryption_time": 0.05496406555175781,
      "server_aggregation_time": 0.0059986000414937735,
      "internal_he_time": 0.0,
      "global_update_time": 0.002630900009535253,
      "evaluation_time": 0.007681200047954917,
      "total_time": 4.847056865692139,
      "clients_processed": 10,
      "is_encrypted": true,
      "improvement": 0.0
    },
    {
      "round": 2,
      "accuracy": 0.6245,
      "f1_score": 0.0,
      "precision": 0.0,
      "recall": 0.0,
      "auc": 0.5,
      "pr_auc": 0.3755,
      "mae": 0.3755,
      "rmse": 0.6127805479941412,
      "ece": 0,
      "mce": 0,
      "best_accuracy": 0.6245,
      "smartwatch_training_time": 0.004518747329711914,
      "edge_encryption_time": 0.07579493522644043,
      "server_aggregation_time": 0.006235499982722104,
      "internal_he_time": 0.007906913757324219,
      "global_update_time": 0.00384609994944185,
      "evaluation_time": 0.011262399959377944,
      "total_time": 5.237611532211304,
      "clients_processed": 10,
      "is_encrypted": true,
      "improvement": 0.0
    },
    {
      "round": 3,
      "accuracy": 0.3755,
      "f1_score": 0.5358602749907098,
      "precision": 0.3716494845360825,
      "recall": 0.9600532623169108,
      "auc": 0.4920357057949955,
      "pr_auc": 0.37178922783355733,
      "mae": 0.6245,
      "rmse": 0.790253124005214,
      "ece": 0.6109999999999999,
      "mce": 0.6283505154639175,
      "best_accuracy": 0.6245,
      "smartwatch_training_time": 0.014936447143554688,
      "edge_encryption_time": 0.02737116813659668,
      "server_aggregation_time": 0.005717200110666454,
      "internal_he_time": 0.0050008296966552734,
      "global_update_time": 0.0030999999726191163,
      "evaluation_time": 0.007243600091896951,
      "total_time": 5.009531497955322,
      "clients_processed": 10,
      "is_encrypted": true,
      "improvement": -0.24900000000000005
    },
    {
      "round": 4,
      "accuracy": 0.3755,
      "f1_score": 0.5459832788077063,
      "precision": 0.3755,
      "recall": 1.0,
      "auc": 0.5,
      "pr_auc": 0.3755,
      "mae": 0.6245,
      "rmse": 0.790253124005214,
      "ece": 0.6245,
      "mce": 0.6245,
      "best_accuracy": 0.6245,
      "smartwatch_training_time": 0.02648615837097168,
      "edge_encryption_time": 0.03591036796569824,
      "server_aggregation_time": 0.012457099976018071,
      "internal_he_time": 0.012030363082885742,
      "global_update_time": 0.004640099941752851,
      "evaluation_time": 0.0076030000345781446,
      "total_time": 5.078967094421387,
      "clients_processed": 10,
      "is_encrypted": true,
      "improvement": 0.0
    },
    {
      "round": 5,
      "accuracy": 0.522,
      "f1_score": 0.46352413019079686,
      "precision": 0.4005819592628516,
      "recall": 0.5499334221038615,
      "auc": 0.5257430978071405,
      "pr_auc": 0.3896028597544439,
      "mae": 0.4780000119258211,
      "rmse": 0.6913754406979475,
      "ece": 0.3104999880741756,
      "mce": 0.5994180407371452,
      "best_accuracy": 0.6245,
      "smartwatch_training_time": 0.017757415771484375,
      "edge_encryption_time": 0.04539608955383301,
      "server_aggregation_time": 0.007724399911239743,
      "internal_he_time": 0.0,
      "global_update_time": 0.004193200031295419,
      "evaluation_time": 0.006924699991941452,
      "total_time": 5.184071063995361,
      "clients_processed": 10,
      "is_encrypted": true,
      "improvement": 0.14650000000000002
    }
  ]
}