{
  "pipeline_info": {
    "type": "smartwatch_edge_cloud",
    "rounds": 10,
    "clients": 10,
    "batch_size": 4,
    "max_workers": 4,
    "timestamp": "20250918_182944",
    "total_samples": 2000,
    "one_class_clients": 1,
    "cpu_cores": 12
  },
  "final_performance": {
    "accuracy": 0.6255,
    "f1_score": 0.08547008547008547,
    "precision": 0.5147058823529411,
    "recall": 0.04660452729693742,
    "auc": 0.5100916951937048,
    "pr_auc": 0.3819876243440119,
    "mae": 0.3745,
    "rmse": 0.6119640512317697,
    "ece": 0.016500000000000004,
    "mce": 0.4852941176470589,
    "best_accuracy": 0.6985,
    "accuracy_improvement": 0.0009999999999998899
  },
  "performance_trends": {
    "initial_accuracy": 0.6245,
    "final_accuracy": 0.6255,
    "accuracy_improvement": 0.0009999999999998899,
    "best_accuracy": 0.6985,
    "final_f1": 0.08547008547008547,
    "best_f1": 0.5465793304221251
  },
  "timing_statistics": {
    "total_pipeline_time": 59.4731822013855,
    "avg_round_time": 5.94731822013855,
    "avg_smartwatch_training_time": 0.036281037330627444,
    "avg_edge_encryption_time": 0.07082781791687012,
    "avg_server_aggregation_time": 0.012306939961854368,
    "avg_internal_he_time": 0.013700342178344727,
    "avg_global_update_time": 0.005440850020386278,
    "avg_evaluation_time": 0.019020299997646362,
    "total_smartwatch_training_time": 0.3628103733062744,
    "total_edge_encryption_time": 0.7082781791687012,
    "total_server_aggregation_time": 0.12306939961854368,
    "total_internal_he_time": 0.13700342178344727,
    "total_global_update_time": 0.054408500203862786,
    "total_evaluation_time": 0.19020299997646362,
    "total_rounds": 10
  },
  "architecture_benefits": {
    "privacy_preservation": "Training happens on smartwatch (private device)",
    "security_separation": "Edge device only handles encryption/decryption",
    "scalability": "Edge devices can serve multiple smartwatches",
    "realistic_iot": "Matches real-world IoT architecture",
    "separation_of_concerns": "Training vs. encryption are separate"
  },
  "round_results": [
    {
      "round": 1,
      "accuracy": 0.6245,
      "f1_score": 0.0,
      "precision": 0.0,
      "recall": 0.0,
      "auc": 0.5,
      "pr_auc": 0.3755,
      "mae": 0.3755,
      "rmse": 0.6127805479941412,
      "ece": 0,
      "mce": 0,
      "best_accuracy": 0.6245,
      "smartwatch_training_time": 0.02476048469543457,
      "edge_encryption_time": 0.04848599433898926,
      "server_aggregation_time": 0.0076691999565809965,
      "internal_he_time": 0.01233363151550293,
      "global_update_time": 0.0021841999841853976,
      "evaluation_time": 0.021499000024050474,
      "total_time": 5.406602382659912,
      "clients_processed": 10,
      "is_encrypted": true,
      "improvement": 0.0
    },
    {
      "round": 2,
      "accuracy": 0.6245,
      "f1_score": 0.0,
      "precision": 0.0,
      "recall": 0.0,
      "auc": 0.5,
      "pr_auc": 0.3755,
      "mae": 0.3755,
      "rmse": 0.6127805479941412,
      "ece": 0,
      "mce": 0,
      "best_accuracy": 0.6245,
      "smartwatch_training_time": 0.05563235282897949,
      "edge_encryption_time": 0.05231118202209473,
      "server_aggregation_time": 0.015604599961079657,
      "internal_he_time": 0.015195846557617188,
      "global_update_time": 0.005152400000952184,
      "evaluation_time": 0.018600899958983064,
      "total_time": 6.019908428192139,
      "clients_processed": 10,
      "is_encrypted": true,
      "improvement": 0.0
    },
    {
      "round": 3,
      "accuracy": 0.3755,
      "f1_score": 0.5459832788077063,
      "precision": 0.3755,
      "recall": 1.0,
      "auc": 0.5,
      "pr_auc": 0.3755,
      "mae": 0.6245,
      "rmse": 0.790253124005214,
      "ece": 0.6245,
      "mce": 0.6245,
      "best_accuracy": 0.6245,
      "smartwatch_training_time": 0.026645660400390625,
      "edge_encryption_time": 0.08887839317321777,
      "server_aggregation_time": 0.01408539991825819,
      "internal_he_time": 0.02292799949645996,
      "global_update_time": 0.005469399970024824,
      "evaluation_time": 0.013400599942542613,
      "total_time": 5.787405967712402,
      "clients_processed": 10,
      "is_encrypted": true,
      "improvement": -0.24900000000000005
    },
    {
      "round": 4,
      "accuracy": 0.3795,
      "f1_score": 0.5462522851919561,
      "precision": 0.37651209677419356,
      "recall": 0.9946737683089214,
      "auc": 0.5021407272289202,
      "pr_auc": 0.3765067061122804,
      "mae": 0.6205,
      "rmse": 0.7877182237323191,
      "ece": 0.6185,
      "mce": 0.6234879032258065,
      "best_accuracy": 0.6245,
      "smartwatch_training_time": 0.02805805206298828,
      "edge_encryption_time": 0.03528022766113281,
      "server_aggregation_time": 0.010937900049611926,
      "internal_he_time": 0.010627985000610352,
      "global_update_time": 0.003255199990235269,
      "evaluation_time": 0.018767899950034916,
      "total_time": 5.639857769012451,
      "clients_processed": 10,
      "is_encrypted": true,
      "improvement": 0.0040000000000000036
    },
    {
      "round": 5,
      "accuracy": 0.6245,
      "f1_score": 0.0,
      "precision": 0.0,
      "recall": 0.0,
      "auc": 0.5,
      "pr_auc": 0.3755,
      "mae": 0.3755,
      "rmse": 0.6127805479941412,
      "ece": 0,
      "mce": 0,
      "best_accuracy": 0.6245,
      "smartwatch_training_time": 0.03604292869567871,
      "edge_encryption_time": 0.07298731803894043,
      "server_aggregation_time": 0.013643399928696454,
      "internal_he_time": 0.014512777328491211,
      "global_update_time": 0.0071718000108376145,
      "evaluation_time": 0.012668400071561337,
      "total_time": 6.024669408798218,
      "clients_processed": 10,
      "is_encrypted": true,
      "improvement": 0.24500000000000005
    },
    {
      "round": 6,
      "accuracy": 0.4245,
      "f1_score": 0.42015113350125943,
      "precision": 0.3379254457050243,
      "recall": 0.5552596537949401,
      "auc": 0.4505681775780145,
      "pr_auc": 0.3546363659906726,
      "mae": 0.5755,
      "rmse": 0.7586171630012071,
      "ece": 0.40850000000000003,
      "mce": 0.6620745542949757,
      "best_accuracy": 0.6245,
      "smartwatch_training_time": 0.024981021881103516,
      "edge_encryption_time": 0.09459757804870605,
      "server_aggregation_time": 0.013089299900457263,
      "internal_he_time": 0.016181230545043945,
      "global_update_time": 0.004961900063790381,
      "evaluation_time": 0.016623300034552813,
      "total_time": 6.072341442108154,
      "clients_processed": 10,
      "is_encrypted": true,
      "improvement": -0.20000000000000007
    },
    {
      "round": 7,
      "accuracy": 0.629,
      "f1_score": 0.11031175059952038,
      "precision": 0.5542168674698795,
      "recall": 0.06125166444740346,
      "auc": 0.515813982744118,
      "pr_auc": 0.3864467055973561,
      "mae": 0.371,
      "rmse": 0.6090976933136424,
      "ece": 0.0185,
      "mce": 0.4457831325301205,
      "best_accuracy": 0.629,
      "smartwatch_training_time": 0.03286933898925781,
      "edge_encryption_time": 0.05993032455444336,
      "server_aggregation_time": 0.010774499969556928,
      "internal_he_time": 0.007519960403442383,
      "global_update_time": 0.0036718000192195177,
      "evaluation_time": 0.01742960000410676,
      "total_time": 5.98966908454895,
      "clients_processed": 10,
      "is_encrypted": true,
      "improvement": 0.20450000000000002
    },
    {
      "round": 8,
      "accuracy": 0.377,
      "f1_score": 0.5465793304221251,
      "precision": 0.3760640961442163,
      "recall": 1.0,
      "auc": 0.5012009607686149,
      "pr_auc": 0.3760640961442163,
      "mae": 0.623,
      "rmse": 0.7893034904268447,
      "ece": 0.623,
      "mce": 0.6239359038557837,
      "best_accuracy": 0.629,
      "smartwatch_training_time": 0.04922294616699219,
      "edge_encryption_time": 0.08426308631896973,