{
  "pipeline_info": {
    "type": "smartwatch_edge_cloud",
    "rounds": 10,
    "clients": 20,
    "batch_size": 4,
    "max_workers": 4,
    "timestamp": "20250918_181449",
    "total_samples": 2000,
    "one_class_clients": 1,
    "cpu_cores": 12
  },
  "final_performance": {
    "accuracy": 0.6255,
    "f1_score": 0.1239766081871345,
    "precision": 0.5096153846153846,
    "recall": 0.07057256990679095,
    "auc": 0.5148699518869423,
    "pr_auc": 0.3849648673563454,
    "mae": 0.3745,
    "rmse": 0.6119640512317697,
    "ece": 0.025500000000000002,
    "mce": 0.4903846153846154,
    "best_accuracy": 0.6255,
    "accuracy_improvement": 0.0009999999999998899
  },
  "performance_trends": {
    "initial_accuracy": 0.6245,
    "final_accuracy": 0.6255,
    "accuracy_improvement": 0.0009999999999998899,
    "best_accuracy": 0.6255,
    "final_f1": 0.1239766081871345,
    "best_f1": 0.5459832788077063
  },
  "timing_statistics": {
    "total_pipeline_time": 49.77740025520325,
    "avg_round_time": 4.977740025520324,
    "avg_smartwatch_training_time": 0.024019694328308104,
    "avg_edge_encryption_time": 0.05058698654174805,
    "avg_server_aggregation_time": 0.009676510014105588,
    "avg_internal_he_time": 0.010575962066650391,
    "avg_global_update_time": 0.004206869995687157,
    "avg_evaluation_time": 0.007219169999007136,
    "total_smartwatch_training_time": 0.24019694328308105,
    "total_edge_encryption_time": 0.5058698654174805,
    "total_server_aggregation_time": 0.09676510014105588,
    "total_internal_he_time": 0.1057596206665039,
    "total_global_update_time": 0.04206869995687157,
    "total_evaluation_time": 0.07219169999007136,
    "total_rounds": 10
  },
  "architecture_benefits": {
    "privacy_preservation": "Training happens on smartwatch (private device)",
    "security_separation": "Edge device only handles encryption/decryption",
    "scalability": "Edge devices can serve multiple smartwatches",
    "realistic_iot": "Matches real-world IoT architecture",
    "separation_of_concerns": "Training vs. encryption are separate"
  },
  "round_results": [
    {
      "round": 1,
      "accuracy": 0.6245,
      "f1_score": 0.0,
      "precision": 0.0,
      "recall": 0.0,
      "auc": 0.5,
      "pr_auc": 0.3755,
      "mae": 0.3755,
      "rmse": 0.6127805479941412,
      "ece": 0,
      "mce": 0,
      "best_accuracy": 0.6245,
      "smartwatch_training_time": 0.02671074867248535,
      "edge_encryption_time": 0.05681562423706055,
      "server_aggregation_time": 0.005592099973000586,
      "internal_he_time": 0.005150794982910156,
      "global_update_time": 0.0015471000224351883,
      "evaluation_time": 0.008003099937923253,
      "total_time": 4.639656066894531,
      "clients_processed": 10,
      "is_encrypted": true,
      "improvement": 0.0
    },
    {
      "round": 2,
      "accuracy": 0.373,
      "f1_score": 0.5420014609203798,
      "precision": 0.37342727730246605,
      "recall": 0.9880159786950732,
      "auc": 0.49560927037235647,
      "pr_auc": 0.3734521168554325,
      "mae": 0.627,
      "rmse": 0.7918333157931662,
      "ece": 0.6225,
      "mce": 0.626572722697534,
      "best_accuracy": 0.6245,
      "smartwatch_training_time": 0.020129919052124023,
      "edge_encryption_time": 0.03910541534423828,
      "server_aggregation_time": 0.00678000005427748,
      "internal_he_time": 0.0060825347900390625,
      "global_update_time": 0.0036520001012831926,
      "evaluation_time": 0.006807900033891201,
      "total_time": 5.034092426300049,
      "clients_processed": 10,
      "is_encrypted": true,
      "improvement": -0.25150000000000006
    },
    {
      "round": 3,
      "accuracy": 0.57,
      "f1_score": 0.48991696322657174,
      "precision": 0.44171122994652406,
      "recall": 0.5499334221038615,
      "auc": 0.5659995373129395,
      "pr_auc": 0.4119117682661977,
      "mae": 0.43,
      "rmse": 0.6557438524302001,
      "ece": 0.26100000000000007,
      "mce": 0.558288770053476,
      "best_accuracy": 0.6245,
      "smartwatch_training_time": 0.020323514938354492,
      "edge_encryption_time": 0.05919790267944336,
      "server_aggregation_time": 0.00573680002707988,
      "internal_he_time": 0.005082368850708008,
      "global_update_time": 0.002487999969162047,
      "evaluation_time": 0.007215199992060661,
      "total_time": 5.051699876785278,
      "clients_processed": 10,
      "is_encrypted": true,
      "improvement": 0.19699999999999995
    },
    {
      "round": 4,
      "accuracy": 0.6255,
      "f1_score": 0.10727056019070322,
      "precision": 0.5113636363636364,
      "recall": 0.05992010652463382,
      "auc": 0.5127462822455034,
      "pr_auc": 0.3836409635637332,
      "mae": 0.3745,
      "rmse": 0.6119640512317697,
      "ece": 0.0215,
      "mce": 0.48863636363636365,
      "best_accuracy": 0.6255,
      "smartwatch_training_time": 0.025126218795776367,
      "edge_encryption_time": 0.04530668258666992,
      "server_aggregation_time": 0.00777529994957149,
      "internal_he_time": 0.007823944091796875,
      "global_update_time": 0.0025514999870210886,
      "evaluation_time": 0.010784400044940412,
      "total_time": 4.979150056838989,
      "clients_processed": 10,
      "is_encrypted": true,
      "improvement": 0.055499999999999994
    },
    {
      "round": 5,
      "accuracy": 0.6245,
      "f1_score": 0.0,
      "precision": 0.0,
      "recall": 0.0,
      "auc": 0.5,
      "pr_auc": 0.3755,
      "mae": 0.3755,
      "rmse": 0.6127805479941412,
      "ece": 0,
      "mce": 0,
      "best_accuracy": 0.6255,
      "smartwatch_training_time": 0.026552915573120117,
      "edge_encryption_time": 0.034230709075927734,
      "server_aggregation_time": 0.012540100025944412,
      "internal_he_time": 0.012522220611572266,
      "global_update_time": 0.002915099961683154,
      "evaluation_time": 0.006618399987928569,
      "total_time": 5.015077352523804,
      "clients_processed": 10,
      "is_encrypted": true,
      "improvement": -0.0009999999999998899
    },
    {
      "round": 6,
      "accuracy": 0.3755,
      "f1_score": 0.5459832788077063,
      "precision": 0.3755,
      "recall": 1.0,
      "auc": 0.5,
      "pr_auc": 0.3755,
      "mae": 0.6245,
      "rmse": 0.790253124005214,
      "ece": 0.6245,
      "mce": 0.6245,
      "best_accuracy": 0.6255,
      "smartwatch_training_time": 0.020853519439697266,
      "edge_encryption_time": 0.04839468002319336,
      "server_aggregation_time": 0.012109500006772578,
      "internal_he_time": 0.0161588191986084,
      "global_update_time": 0.005221699946559966,
      "evaluation_time": 0.006340899970382452,
      "total_time": 5.0356528759002686,
      "clients_processed": 10,
      "is_encrypted": true,
      "improvement": -0.24900000000000005
    },
    {
      "round": 7,
      "accuracy": 0.6255,
      "f1_score": 0.005312084993359893,
      "precision": 1.0,
      "recall": 0.002663115845539281,
      "auc": 0.5013315579227696,
      "pr_auc": 0.3771631158455393,
      "mae": 0.3745,
      "rmse": 0.6119640512317697,
      "ece": 0.0,
      "mce": 0,
      "best_accuracy": 0.6255,
      "smartwatch_training_time": 0.024259567260742188,
      "edge_encryption_time": 0.04526233673095703,
      "server_aggregation_time": 0.006334400037303567,
      "internal_he_time": 0.012622833251953125,
      "global_update_time": 0.0087697000708431,
      "evaluation_time": 0.006757199997082353,
      "total_time": 4.9087066650390625,
      "clients_processed": 10,
      "is_encrypted": true,
      "improvement": 0.24999999999999994
    },
    {
      "round": 8,
      "accuracy": 0.6245,
      "f1_score": 0.0,
      "precision": 0.0,
      "recall": 0.0,
      "auc": 0.5,
      "pr_auc": 0.3755,
      "mae": 0.3755,
      "rmse": 0.6127805479941412,
      "ece": 0,
      "mce": 0,
      "best_accuracy": 0.6255,
      "smartwatch_training_time": 0.028194189071655273,
      "edge_encryption_time": 0.06324267387390137,