{
  "pipeline_info": {
    "type": "smartwatch_edge_cloud",
    "rounds": 20,
    "clients": 60,
    "batch_size": 4,
    "max_workers": 4,
    "timestamp": "20250918_181717",
    "total_samples": 2000,
    "one_class_clients": 1,
    "cpu_cores": 12
  },
  "final_performance": {
    "accuracy": 0.624,
    "f1_score": 0.0784313725490196,
    "precision": 0.49230769230769234,
    "recall": 0.0426098535286285,
    "auc": 0.5080943583095505,
    "pr_auc": 0.3804771586602479,
    "mae": 0.376,
    "rmse": 0.6131883886702356,
    "ece": 0.0165,
    "mce": 0.5076923076923077,
    "best_accuracy": 0.7105,
    "accuracy_improvement": -0.000500000000000056
  },
  "performance_trends": {
    "initial_accuracy": 0.6245,
    "final_accuracy": 0.624,
    "accuracy_improvement": -0.000500000000000056,
    "best_accuracy": 0.7105,
    "final_f1": 0.0784313725490196,
    "best_f1": 0.5459832788077063
  },
  "timing_statistics": {
    "total_pipeline_time": 99.97888159751892,
    "avg_round_time": 4.998944079875946,
    "avg_smartwatch_training_time": 0.029759025573730467,
    "avg_edge_encryption_time": 0.043677103519439694,
    "avg_server_aggregation_time": 0.008376895001856611,
    "avg_internal_he_time": 0.009008300304412842,
    "avg_global_update_time": 0.005387119995430112,
    "avg_evaluation_time": 0.008851345005678014,
    "total_smartwatch_training_time": 0.5951805114746094,
    "total_edge_encryption_time": 0.873542070388794,
    "total_server_aggregation_time": 0.1675379000371322,
    "total_internal_he_time": 0.18016600608825684,
    "total_global_update_time": 0.10774239990860224,
    "total_evaluation_time": 0.17702690011356026,
    "total_rounds": 20
  },
  "architecture_benefits": {
    "privacy_preservation": "Training happens on smartwatch (private device)",
    "security_separation": "Edge device only handles encryption/decryption",
    "scalability": "Edge devices can serve multiple smartwatches",
    "realistic_iot": "Matches real-world IoT architecture",
    "separation_of_concerns": "Training vs. encryption are separate"
  },
  "round_results": [
    {
      "round": 1,
      "accuracy": 0.6245,
      "f1_score": 0.0,
      "precision": 0.0,
      "recall": 0.0,
      "auc": 0.5,
      "pr_auc": 0.3755,
      "mae": 0.3755,
      "rmse": 0.6127805479941412,
      "ece": 0,
      "mce": 0,
      "best_accuracy": 0.6245,
      "smartwatch_training_time": 0.019577980041503906,
      "edge_encryption_time": 0.0526118278503418,
      "server_aggregation_time": 0.005654599983245134,
      "internal_he_time": 0.004950046539306641,
      "global_update_time": 0.0017396000912413,
      "evaluation_time": 0.006568499957211316,
      "total_time": 4.712434530258179,
      "clients_processed": 10,
      "is_encrypted": true,
      "improvement": 0.0
    },
    {
      "round": 2,
      "accuracy": 0.3755,
      "f1_score": 0.5459832788077063,
      "precision": 0.3755,
      "recall": 1.0,
      "auc": 0.5,
      "pr_auc": 0.3755,
      "mae": 0.6245,
      "rmse": 0.790253124005214,
      "ece": 0.6245,
      "mce": 0.6245,
      "best_accuracy": 0.6245,
      "smartwatch_training_time": 0.028168678283691406,
      "edge_encryption_time": 0.041683197021484375,
      "server_aggregation_time": 0.007050900021567941,
      "internal_he_time": 0.007206439971923828,
      "global_update_time": 0.005824599997140467,
      "evaluation_time": 0.01874369999859482,
      "total_time": 5.027683258056641,
      "clients_processed": 10,
      "is_encrypted": true,
      "improvement": -0.24900000000000005
    },
    {
      "round": 3,
      "accuracy": 0.3755,
      "f1_score": 0.5459832788077063,
      "precision": 0.3755,
      "recall": 1.0,
      "auc": 0.5,
      "pr_auc": 0.3755,
      "mae": 0.6245,
      "rmse": 0.790253124005214,
      "ece": 0.6245,
      "mce": 0.6245,
      "best_accuracy": 0.6245,
      "smartwatch_training_time": 0.06878972053527832,
      "edge_encryption_time": 0.03901815414428711,
      "server_aggregation_time": 0.007112199906259775,
      "internal_he_time": 0.00700831413269043,
      "global_update_time": 0.009883100050501525,
      "evaluation_time": 0.006581000052392483,
      "total_time": 4.899188756942749,
      "clients_processed": 10,
      "is_encrypted": true,
      "improvement": 0.0
    },
    {
      "round": 4,
      "accuracy": 0.6245,
      "f1_score": 0.0,
      "precision": 0.0,
      "recall": 0.0,
      "auc": 0.5,
      "pr_auc": 0.3755,
      "mae": 0.3755,
      "rmse": 0.6127805479941412,
      "ece": 0,
      "mce": 0,
      "best_accuracy": 0.6245,
      "smartwatch_training_time": 0.013895034790039062,
      "edge_encryption_time": 0.08191823959350586,
      "server_aggregation_time": 0.009097200003452599,
      "internal_he_time": 0.009716987609863281,
      "global_update_time": 0.0060403000097721815,
      "evaluation_time": 0.007338199997320771,
      "total_time": 4.983841896057129,
      "clients_processed": 10,
      "is_encrypted": true,
      "improvement": 0.24900000000000005
    },
    {
      "round": 5,
      "accuracy": 0.3755,
      "f1_score": 0.5459832788077063,
      "precision": 0.3755,
      "recall": 1.0,
      "auc": 0.5,
      "pr_auc": 0.3755,
      "mae": 0.6245,
      "rmse": 0.790253124005214,
      "ece": 0.6245,
      "mce": 0.6245,
      "best_accuracy": 0.6245,
      "smartwatch_training_time": 0.029354572296142578,
      "edge_encryption_time": 0.04208493232727051,
      "server_aggregation_time": 0.0062720999121665955,
      "internal_he_time": 0.013975143432617188,
      "global_update_time": 0.006657099933363497,
      "evaluation_time": 0.011565699940547347,
      "total_time": 5.0253918170928955,
      "clients_processed": 10,
      "is_encrypted": true,
      "improvement": -0.24900000000000005
    },
    {
      "round": 6,
      "accuracy": 0.6245,
      "f1_score": 0.0,
      "precision": 0.0,
      "recall": 0.0,
      "auc": 0.5,
      "pr_auc": 0.3755,
      "mae": 0.3755,
      "rmse": 0.6127805479941412,
      "ece": 0,
      "mce": 0,
      "best_accuracy": 0.6245,
      "smartwatch_training_time": 0.02735304832458496,
      "edge_encryption_time": 0.033843278884887695,
      "server_aggregation_time": 0.005724200047552586,
      "internal_he_time": 0.014871835708618164,
      "global_update_time": 0.0029251999221742153,
      "evaluation_time": 0.012061199988238513,
      "total_time": 4.965008974075317,
      "clients_processed": 10,
      "is_encrypted": true,
      "improvement": 0.24900000000000005
    },
    {
      "round": 7,
      "accuracy": 0.6245,
      "f1_score": 0.0,
      "precision": 0.0,
      "recall": 0.0,
      "auc": 0.5,
      "pr_auc": 0.3755,
      "mae": 0.3755,
      "rmse": 0.6127805479941412,
      "ece": 0,
      "mce": 0,
      "best_accuracy": 0.6245,
      "smartwatch_training_time": 0.04727578163146973,
      "edge_encryption_time": 0.033246755599975586,
      "server_aggregation_time": 0.005751000018790364,
      "internal_he_time": 0.005260467529296875,
      "global_update_time": 0.003378800000064075,
      "evaluation_time": 0.00616810005158186,
      "total_time": 4.9791905879974365,
      "clients_processed": 10,
      "is_encrypted": true,
      "improvement": 0.0
    },
    {
      "round": 8,
      "accuracy": 0.3755,
      "f1_score": 0.5459832788077063,
      "precision": 0.3755,
      "recall": 1.0,
      "auc": 0.5,
      "pr_auc": 0.3755,
      "mae": 0.6245,
      "rmse": 0.790253124005214,
      "ece": 0.6245,
      "mce": 0.6245,
      "best_accuracy": 0.6245,
      "smartwatch_training_time": 0.028418779373168945,
      "edge_encryption_time": 0.05206108093261719,
      "server_aggregation_time": 0.008224199991673231,
      "internal_he_time": 0.003520965576171875,
      "global_update_time": 0.0040134999435395,
      "evaluation_time": 0.007640000083483756,
      "total_time": 4.908120393753052,
      "clients_processed": 10,
      "is_encrypted": true,