{
  "pipeline_type": "edge_device_fl",
  "configuration": {
    "rounds": 20,
    "clients": 60,
    "patience": 999
  },
  "results": [
    {
      "round": 1,
      "accuracy": 0.98725,
      "f1_score": 0.9868838405486499,
      "precision": 0.9782460910944936,
      "recall": 0.9956754886697803,
      "roc_auc": 0.9996853446893513,
      "pr_auc": 0.9996929575698514,
      "mae": 0.49999999999899564,
      "rmse": 0.4999999999989956,
      "ece": 0.48724999999899443,
      "mce": 0.49591236101924063,
      "round_time": 0.43600988388061523,
      "client_training_time": 0.11149454116821289,
      "edge_encryption_wall_time": 0.26411008834838867,
      "total_pure_encryption_time": 0.24800944328308105,
      "avg_encryption_per_client": 0.004133490721384684,
      "server_aggregation_time": 0.0435941219329834,
      "internal_aggregation_time": 0.04017901420593262,
      "evaluation_time": 0.016646862030029297,
      "clients_processed": 60
    },
    {
      "round": 2,
      "accuracy": 0.9865,
      "f1_score": 0.9861230083947233,
      "precision": 0.9767520787374852,
      "recall": 0.9956754886697803,
      "roc_auc": 0.9996762631460208,
      "pr_auc": 0.9996846438379804,
      "mae": 0.49999999999899486,
      "rmse": 0.49999999999899486,
      "ece": 0.48649999999899357,
      "mce": 0.4959063369893027,
      "round_time": 0.41769886016845703,
      "client_training_time": 0.10819697380065918,
      "edge_encryption_wall_time": 0.24950504302978516,
      "total_pure_encryption_time": 0.23217058181762695,
      "avg_encryption_per_client": 0.003869509696960449,
      "server_aggregation_time": 0.03899359703063965,
      "internal_aggregation_time": 0.03789782524108887,
      "evaluation_time": 0.0199434757232666,
      "clients_processed": 60
    },
    {
      "round": 3,
      "accuracy": 0.988,
      "f1_score": 0.9876458476321208,
      "precision": 0.9797446808510638,
      "recall": 0.9956754886697803,
      "roc_auc": 0.9997084170942293,
      "pr_auc": 0.9997140114580679,
      "mae": 0.4999999999989954,
      "rmse": 0.49999999999899536,
      "ece": 0.4880833333323277,
      "mce": 0.49591903362612993,
      "round_time": 0.5181269645690918,
      "client_training_time": 0.21049880981445312,
      "edge_encryption_wall_time": 0.24665546417236328,
      "total_pure_encryption_time": 0.22289228439331055,
      "avg_encryption_per_client": 0.0037148714065551756,
      "server_aggregation_time": 0.041581153869628906,
      "internal_aggregation_time": 0.037905216217041016,
      "evaluation_time": 0.01836252212524414,
      "clients_processed": 60
    },
    {
      "round": 4,
      "accuracy": 0.9874166666666667,
      "f1_score": 0.9870530738232016,
      "precision": 0.9785787147228834,
      "recall": 0.9956754886697803,
      "roc_auc": 0.9996929659538921,
      "pr_auc": 0.9996998058937268,
      "mae": 0.49999999999899386,
      "rmse": 0.49999999999899386,
      "ece": 0.4874166666656594,
      "mce": 0.49591369728565926,
      "round_time": 0.40663957595825195,
      "client_training_time": 0.1048269271850586,
      "edge_encryption_wall_time": 0.24474477767944336,
      "total_pure_encryption_time": 0.22638392448425293,
      "avg_encryption_per_client": 0.003773065408070882,
      "server_aggregation_time": 0.038865089416503906,
      "internal_aggregation_time": 0.03681683540344238,
      "evaluation_time": 0.01719522476196289,
      "clients_processed": 60
    },
    {
      "round": 5,
      "accuracy": 0.987,
      "f1_score": 0.9866300994172095,
      "precision": 0.9777475794122643,
      "recall": 0.9956754886697803,
      "roc_auc": 0.9996838844105616,
      "pr_auc": 0.9996917934198316,
      "mae": 0.49999999999899564,
      "rmse": 0.4999999999989957,
      "ece": 0.48699999999899435,
      "mce": 0.4959103549801537,
      "round_time": 0.39470553398132324,
      "client_training_time": 0.1021878719329834,
      "edge_encryption_wall_time": 0.23939919471740723,
      "total_pure_encryption_time": 0.21874570846557617,
      "avg_encryption_per_client": 0.0036457618077596027,
      "server_aggregation_time": 0.03884100914001465,
      "internal_aggregation_time": 0.036701202392578125,
      "evaluation_time": 0.01325368881225586,
      "clients_processed": 60
    },
    {
      "round": 6,
      "accuracy": 0.9869166666666667,
      "f1_score": 0.9865455480332505,
      "precision": 0.9775815217391305,
      "recall": 0.9956754886697803,
      "roc_auc": 0.9996746220708094,
      "pr_auc": 0.9996834786771649,
      "mae": 0.4999999999989967,
      "rmse": 0.49999999999899664,
      "ece": 0.4869166666656621,
      "mce": 0.4959096858628404,
      "round_time": 0.596799373626709,
      "client_training_time": 0.26688504219055176,
      "edge_encryption_wall_time": 0.26354193687438965,
      "total_pure_encryption_time": 0.2313089370727539,
      "avg_encryption_per_client": 0.003855148951212565,
      "server_aggregation_time": 0.04344296455383301,
      "internal_aggregation_time": 0.04017949104309082,
      "evaluation_time": 0.020825862884521484,
      "clients_processed": 60
    },
    {
      "round": 7,
      "accuracy": 0.9869166666666667,
      "f1_score": 0.9865455480332505,
      "precision": 0.9775815217391305,
      "recall": 0.9956754886697803,
      "roc_auc": 0.9996849970039251,
      "pr_auc": 0.9996925656931523,
      "mae": 0.49999999999899364,
      "rmse": 0.49999999999899364,
      "ece": 0.486916666665659,
      "mce": 0.4959096858628379,
      "round_time": 0.4035770893096924,
      "client_training_time": 0.10215950012207031,
      "edge_encryption_wall_time": 0.2436234951019287,
      "total_pure_encryption_time": 0.21524620056152344,
      "avg_encryption_per_client": 0.0035874366760253905,
      "server_aggregation_time": 0.03980302810668945,
      "internal_aggregation_time": 0.036376237869262695,
      "evaluation_time": 0.017654895782470703,
      "clients_processed": 60
    },
    {
      "round": 8,
      "accuracy": 0.987,
      "f1_score": 0.9866323907455012,
      "precision": 0.9775853285787061,
      "recall": 0.9958484691229891,
      "roc_auc": 0.99968591489345,
      "pr_auc": 0.9996934929191184,
      "mae": 0.499999999998995,
      "rmse": 0.499999999998995,
      "ece": 0.48699999999899374,
      "mce": 0.496072655865435,
      "round_time": 0.47617506980895996,
      "client_training_time": 0.1037745475769043,
      "edge_encryption_wall_time": 0.3168058395385742,
      "total_pure_encryption_time": 0.2953958511352539,
      "avg_encryption_per_client": 0.004923264185587565,
      "server_aggregation_time": 0.04047107696533203,
      "internal_aggregation_time": 0.03825855255126953,
      "evaluation_time": 0.013057947158813477,
      "clients_processed": 60
    },
    {
      "round": 9,
      "accuracy": 0.9868333333333333,
      "f1_score": 0.9864633310486635,
      "precision": 0.977253437446953,
      "recall": 0.9958484691229891,
      "roc_auc": 0.9996742465705492,
      "pr_auc": 0.9996836056822067,
      "mae": 0.49999999999899575,
      "rmse": 0.4999999999989957,
      "ece": 0.48683333333232776,
      "mce": 0.4960713701086395,
      "round_time": 0.40828919410705566,
      "client_training_time": 0.11133074760437012,
      "edge_encryption_wall_time": 0.2459113597869873,
      "total_pure_encryption_time": 0.22994732856750488,
      "avg_encryption_per_client": 0.0038324554761250814,
      "server_aggregation_time": 0.037810564041137695,
      "internal_aggregation_time": 0.03571057319641113,
      "evaluation_time": 0.013236522674560547,
      "clients_processed": 60
    },
    {
      "round": 10,
      "accuracy": 0.9871666666666666,
      "f1_score": 0.9867992456711812,
      "precision": 0.9780798640611724,
      "recall": 0.9956754886697803,
      "roc_auc": 0.9996957891595523,
      "pr_auc": 0.9997027919705492,
      "mae": 0.4999999999989961,
      "rmse": 0.4999999999989961,
      "ece": 0.48716666666566155,
      "mce": 0.4959116925582477,