{
  "pipeline_type": "edge_device_fl",
  "configuration": {
    "rounds": 10,
    "clients": 60,
    "patience": 999
  },
  "results": [
    {
      "round": 1,
      "accuracy": 0.98725,
      "f1_score": 0.9868838405486499,
      "precision": 0.9782460910944936,
      "recall": 0.9956754886697803,
      "roc_auc": 0.9996853446893513,
      "pr_auc": 0.9996929575698514,
      "mae": 0.49999999999899564,
      "rmse": 0.4999999999989956,
      "ece": 0.48724999999899443,
      "mce": 0.49591236101924063,
      "round_time": 0.5690844058990479,
      "client_training_time": 0.1642618179321289,
      "edge_encryption_wall_time": 0.3321802616119385,
      "total_pure_encryption_time": 0.2977769374847412,
      "avg_encryption_per_client": 0.00496294895807902,
      "server_aggregation_time": 0.05568504333496094,
      "internal_aggregation_time": 0.053936004638671875,
      "evaluation_time": 0.01695728302001953,
      "clients_processed": 60
    },
    {
      "round": 2,
      "accuracy": 0.9865,
      "f1_score": 0.9861230083947233,
      "precision": 0.9767520787374852,
      "recall": 0.9956754886697803,
      "roc_auc": 0.9996762631460208,
      "pr_auc": 0.9996846438379803,
      "mae": 0.49999999999899486,
      "rmse": 0.49999999999899486,
      "ece": 0.48649999999899357,
      "mce": 0.4959063369893027,
      "round_time": 0.7158842086791992,
      "client_training_time": 0.271331787109375,
      "edge_encryption_wall_time": 0.3615245819091797,
      "total_pure_encryption_time": 0.30106019973754883,
      "avg_encryption_per_client": 0.005017669995625814,
      "server_aggregation_time": 0.0507504940032959,
      "internal_aggregation_time": 0.0507504940032959,
      "evaluation_time": 0.03227734565734863,
      "clients_processed": 60
    },
    {
      "round": 3,
      "accuracy": 0.988,
      "f1_score": 0.9876458476321208,
      "precision": 0.9797446808510638,
      "recall": 0.9956754886697803,
      "roc_auc": 0.9997084170942294,
      "pr_auc": 0.9997140114580679,
      "mae": 0.4999999999989954,
      "rmse": 0.49999999999899536,
      "ece": 0.4880833333323277,
      "mce": 0.49591903362612993,
      "round_time": 0.543285608291626,
      "client_training_time": 0.1556847095489502,
      "edge_encryption_wall_time": 0.3134465217590332,
      "total_pure_encryption_time": 0.2968442440032959,
      "avg_encryption_per_client": 0.004947404066721599,
      "server_aggregation_time": 0.050089120864868164,
      "internal_aggregation_time": 0.050089120864868164,
      "evaluation_time": 0.024065256118774414,
      "clients_processed": 60
    },
    {
      "round": 4,
      "accuracy": 0.9874166666666667,
      "f1_score": 0.9870530738232016,
      "precision": 0.9785787147228834,
      "recall": 0.9956754886697803,
      "roc_auc": 0.9996929659538921,
      "pr_auc": 0.9996998058937268,
      "mae": 0.49999999999899386,
      "rmse": 0.49999999999899386,
      "ece": 0.4874166666656594,
      "mce": 0.49591369728565926,
      "round_time": 0.5480551719665527,
      "client_training_time": 0.14913725852966309,
      "edge_encryption_wall_time": 0.31286096572875977,
      "total_pure_encryption_time": 0.30284929275512695,
      "avg_encryption_per_client": 0.005047488212585449,
      "server_aggregation_time": 0.05771660804748535,
      "internal_aggregation_time": 0.04129815101623535,
      "evaluation_time": 0.02834033966064453,
      "clients_processed": 60
    },
    {
      "round": 5,
      "accuracy": 0.987,
      "f1_score": 0.9866300994172095,
      "precision": 0.9777475794122643,
      "recall": 0.9956754886697803,
      "roc_auc": 0.9996838844105616,
      "pr_auc": 0.9996917934198316,
      "mae": 0.49999999999899564,
      "rmse": 0.4999999999989957,
      "ece": 0.48699999999899435,
      "mce": 0.4959103549801537,
      "round_time": 0.5313401222229004,
      "client_training_time": 0.1525101661682129,
      "edge_encryption_wall_time": 0.30440425872802734,
      "total_pure_encryption_time": 0.2824418544769287,
      "avg_encryption_per_client": 0.004707364241282145,
      "server_aggregation_time": 0.049302101135253906,
      "internal_aggregation_time": 0.049302101135253906,
      "evaluation_time": 0.02512359619140625,
      "clients_processed": 60
    },
    {
      "round": 6,
      "accuracy": 0.9869166666666667,
      "f1_score": 0.9865455480332505,
      "precision": 0.9775815217391305,
      "recall": 0.9956754886697803,
      "roc_auc": 0.9996746220708094,
      "pr_auc": 0.9996834786771649,
      "mae": 0.4999999999989967,
      "rmse": 0.49999999999899664,
      "ece": 0.4869166666656621,
      "mce": 0.4959096858628404,
      "round_time": 0.5345590114593506,
      "client_training_time": 0.14768743515014648,
      "edge_encryption_wall_time": 0.31381797790527344,
      "total_pure_encryption_time": 0.2911190986633301,
      "avg_encryption_per_client": 0.004851984977722168,
      "server_aggregation_time": 0.04867076873779297,
      "internal_aggregation_time": 0.04867076873779297,
      "evaluation_time": 0.024382829666137695,
      "clients_processed": 60
    },
    {
      "round": 7,
      "accuracy": 0.9869166666666667,
      "f1_score": 0.9865455480332505,
      "precision": 0.9775815217391305,
      "recall": 0.9956754886697803,
      "roc_auc": 0.9996849970039251,
      "pr_auc": 0.9996925656931523,
      "mae": 0.49999999999899364,
      "rmse": 0.49999999999899364,
      "ece": 0.486916666665659,
      "mce": 0.4959096858628379,
      "round_time": 0.6280930042266846,
      "client_training_time": 0.14832830429077148,
      "edge_encryption_wall_time": 0.33814048767089844,
      "total_pure_encryption_time": 0.2792942523956299,
      "avg_encryption_per_client": 0.004654904206593831,
      "server_aggregation_time": 0.10919737815856934,
      "internal_aggregation_time": 0.10919737815856934,
      "evaluation_time": 0.03242683410644531,
      "clients_processed": 60
    },
    {
      "round": 8,
      "accuracy": 0.987,
      "f1_score": 0.9866323907455012,
      "precision": 0.9775853285787061,
      "recall": 0.9958484691229891,
      "roc_auc": 0.99968591489345,
      "pr_auc": 0.9996934929191184,
      "mae": 0.499999999998995,
      "rmse": 0.499999999998995,
      "ece": 0.48699999999899374,
      "mce": 0.496072655865435,
      "round_time": 0.5269203186035156,
      "client_training_time": 0.1422126293182373,
      "edge_encryption_wall_time": 0.31058597564697266,
      "total_pure_encryption_time": 0.2767143249511719,
      "avg_encryption_per_client": 0.004611905415852865,
      "server_aggregation_time": 0.050302743911743164,
      "internal_aggregation_time": 0.050302743911743164,
      "evaluation_time": 0.0238189697265625,
      "clients_processed": 60
    },
    {
      "round": 9,
      "accuracy": 0.9868333333333333,
      "f1_score": 0.9864633310486635,
      "precision": 0.977253437446953,
      "recall": 0.9958484691229891,
      "roc_auc": 0.9996742465705493,
      "pr_auc": 0.9996836056822067,
      "mae": 0.49999999999899575,
      "rmse": 0.4999999999989957,
      "ece": 0.48683333333232776,
      "mce": 0.4960713701086395,
      "round_time": 0.547684907913208,
      "client_training_time": 0.15746331214904785,
      "edge_encryption_wall_time": 0.324343204498291,
      "total_pure_encryption_time": 0.27607202529907227,
      "avg_encryption_per_client": 0.004601200421651204,
      "server_aggregation_time": 0.04921126365661621,
      "internal_aggregation_time": 0.041126251220703125,
      "evaluation_time": 0.01666712760925293,
      "clients_processed": 60
    },
    {
      "round": 10,
      "accuracy": 0.9871666666666666,
      "f1_score": 0.9867992456711812,
      "precision": 0.9780798640611724,
      "recall": 0.9956754886697803,
      "roc_auc": 0.9996957891595523,
      "pr_auc": 0.999702791970549,
      "mae": 0.4999999999989961,
      "rmse": 0.4999999999989961,
      "ece": 0.48716666666566155,
      "mce": 0.4959116925582477,