{
  "pipeline_type": "edge_device_fl",
  "configuration": {
    "rounds": 10,
    "clients": 30,
    "patience": 999
  },
  "results": [
    {
      "round": 1,
      "accuracy": 0.9516666666666667,
      "f1_score": 0.9485633203263568,
      "precision": 0.9027683997299122,
      "recall": 0.9992526158445441,
      "roc_auc": 0.9997366505138153,
      "pr_auc": 0.9997004855382107,
      "mae": 0.4999999999990388,
      "rmse": 0.4999999999990387,
      "ece": 0.4516666666656956,
      "mce": 0.49934167215175373,
      "round_time": 0.234785795211792,
      "client_training_time": 0.06256842613220215,
      "edge_encryption_wall_time": 0.13218903541564941,
      "total_pure_encryption_time": 0.12110400199890137,
      "avg_encryption_per_client": 0.004036800066630045,
      "server_aggregation_time": 0.024194002151489258,
      "internal_aggregation_time": 0.022077083587646484,
      "evaluation_time": 0.013770103454589844,
      "clients_processed": 30
    },
    {
      "round": 2,
      "accuracy": 0.9516666666666667,
      "f1_score": 0.9485633203263568,
      "precision": 0.9027683997299122,
      "recall": 0.9992526158445441,
      "roc_auc": 0.999731816350355,
      "pr_auc": 0.9996947418218468,
      "mae": 0.499999999999039,
      "rmse": 0.49999999999903894,
      "ece": 0.45166666666569566,
      "mce": 0.49934167215175235,
      "round_time": 0.23974204063415527,
      "client_training_time": 0.05559945106506348,
      "edge_encryption_wall_time": 0.14470148086547852,
      "total_pure_encryption_time": 0.12865257263183594,
      "avg_encryption_per_client": 0.004288419087727865,
      "server_aggregation_time": 0.024319171905517578,
      "internal_aggregation_time": 0.019335269927978516,
      "evaluation_time": 0.015121936798095703,
      "clients_processed": 30
    },
    {
      "round": 3,
      "accuracy": 0.9513333333333334,
      "f1_score": 0.9482269503546099,
      "precision": 0.9021592442645074,
      "recall": 0.9992526158445441,
      "roc_auc": 0.9997348517553185,
      "pr_auc": 0.9996983998883704,
      "mae": 0.49999999999904005,
      "rmse": 0.49999999999904,
      "ece": 0.45133333333236353,
      "mce": 0.49934123847069534,
      "round_time": 0.22258782386779785,
      "client_training_time": 0.059278011322021484,
      "edge_encryption_wall_time": 0.12393903732299805,
      "total_pure_encryption_time": 0.11520171165466309,
      "avg_encryption_per_client": 0.0038400570551554362,
      "server_aggregation_time": 0.02362966537475586,
      "internal_aggregation_time": 0.019121408462524414,
      "evaluation_time": 0.014732599258422852,
      "clients_processed": 30
    },
    {
      "round": 4,
      "accuracy": 0.9506666666666667,
      "f1_score": 0.9475549255846917,
      "precision": 0.9009433962264151,
      "recall": 0.9992526158445441,
      "roc_auc": 0.9997287247341885,
      "pr_auc": 0.99969193912625,
      "mae": 0.49999999999904005,
      "rmse": 0.49999999999904,
      "ece": 0.45066666666569655,
      "mce": 0.4993403693921609,
      "round_time": 0.22516679763793945,
      "client_training_time": 0.05365180969238281,
      "edge_encryption_wall_time": 0.12194490432739258,
      "total_pure_encryption_time": 0.11558318138122559,
      "avg_encryption_per_client": 0.0038527727127075197,
      "server_aggregation_time": 0.022584915161132812,
      "internal_aggregation_time": 0.01922893524169922,
      "evaluation_time": 0.024972915649414062,
      "clients_processed": 30
    },
    {
      "round": 5,
      "accuracy": 0.952,
      "f1_score": 0.9489180560482441,
      "precision": 0.9031060094530723,
      "recall": 0.999626307922272,
      "roc_auc": 0.999742327845321,
      "pr_auc": 0.9997061183087183,
      "mae": 0.49999999999903944,
      "rmse": 0.49999999999903944,
      "ece": 0.4519999999990298,
      "mce": 0.4996708360753878,
      "round_time": 0.3318190574645996,
      "client_training_time": 0.1155247688293457,
      "edge_encryption_wall_time": 0.1734297275543213,
      "total_pure_encryption_time": 0.16584539413452148,
      "avg_encryption_per_client": 0.005528179804484049,
      "server_aggregation_time": 0.027989625930786133,
      "internal_aggregation_time": 0.026977062225341797,
      "evaluation_time": 0.013810873031616211,
      "clients_processed": 30
    },
    {
      "round": 6,
      "accuracy": 0.9513333333333334,
      "f1_score": 0.9482269503546099,
      "precision": 0.9021592442645074,
      "recall": 0.9992526158445441,
      "roc_auc": 0.999735975979379,
      "pr_auc": 0.9996998023692379,
      "mae": 0.4999999999990384,
      "rmse": 0.4999999999990383,
      "ece": 0.4513333333323616,
      "mce": 0.499341238470694,
      "round_time": 0.3574986457824707,
      "client_training_time": 0.065582275390625,
      "edge_encryption_wall_time": 0.2360363006591797,
      "total_pure_encryption_time": 0.20548129081726074,
      "avg_encryption_per_client": 0.006849376360575358,
      "server_aggregation_time": 0.020947694778442383,
      "internal_aggregation_time": 0.0159456729888916,
      "evaluation_time": 0.0328524112701416,
      "clients_processed": 30
    },
    {
      "round": 7,
      "accuracy": 0.9513333333333334,
      "f1_score": 0.9482269503546099,
      "precision": 0.9021592442645074,
      "recall": 0.9992526158445441,
      "roc_auc": 0.9997261952300522,
      "pr_auc": 0.9996887269192418,
      "mae": 0.49999999999903955,
      "rmse": 0.4999999999990395,
      "ece": 0.45133333333236286,
      "mce": 0.4993412384706939,
      "round_time": 0.2711756229400635,
      "client_training_time": 0.07133889198303223,
      "edge_encryption_wall_time": 0.165785551071167,
      "total_pure_encryption_time": 0.15404820442199707,
      "avg_encryption_per_client": 0.005134940147399902,
      "server_aggregation_time": 0.02062225341796875,
      "internal_aggregation_time": 0.0183560848236084,
      "evaluation_time": 0.013080120086669922,
      "clients_processed": 30
    },
    {
      "round": 8,
      "accuracy": 0.9511666666666667,
      "f1_score": 0.9480588548129765,
      "precision": 0.9018549747048904,
      "recall": 0.9992526158445441,
      "roc_auc": 0.9997371564146427,
      "pr_auc": 0.9997008199760175,
      "mae": 0.499999999999041,
      "rmse": 0.499999999999041,
      "ece": 0.4511666666656978,
      "mce": 0.499341021415826,
      "round_time": 0.20708680152893066,
      "client_training_time": 0.0523831844329834,
      "edge_encryption_wall_time": 0.12015414237976074,
      "total_pure_encryption_time": 0.11231303215026855,
      "avg_encryption_per_client": 0.003743767738342285,
      "server_aggregation_time": 0.02048492431640625,
      "internal_aggregation_time": 0.017885923385620117,
      "evaluation_time": 0.011757373809814453,
      "clients_processed": 30
    },
    {
      "round": 9,
      "accuracy": 0.9513333333333334,
      "f1_score": 0.9482269503546099,
      "precision": 0.9021592442645074,
      "recall": 0.9992526158445441,
      "roc_auc": 0.999735638712161,
      "pr_auc": 0.9996994792195454,
      "mae": 0.4999999999990379,
      "rmse": 0.4999999999990379,
      "ece": 0.45133333333236136,
      "mce": 0.4993412384706926,
      "round_time": 0.2097320556640625,
      "client_training_time": 0.05161404609680176,
      "edge_encryption_wall_time": 0.11855053901672363,
      "total_pure_encryption_time": 0.1090536117553711,
      "avg_encryption_per_client": 0.003635120391845703,
      "server_aggregation_time": 0.024198532104492188,
      "internal_aggregation_time": 0.022170066833496094,
      "evaluation_time": 0.014307737350463867,
      "clients_processed": 30
    },
    {
      "round": 10,
      "accuracy": 0.951,
      "f1_score": 0.9478908188585607,
      "precision": 0.9015509103169251,
      "recall": 0.9992526158445441,
      "roc_auc": 0.9997313666607307,
      "pr_auc": 0.9996947942997653,
      "mae": 0.49999999999904016,
      "rmse": 0.4999999999990401,
      "ece": 0.45099999999903023,