{
  "pipeline_type": "edge_device_fl",
  "configuration": {
    "rounds": 10,
    "clients": 20,
    "patience": 999
  },
  "results": [
    {
      "round": 1,
      "accuracy": 0.933,
      "f1_score": 0.9259668508287293,
      "precision": 0.8621399176954733,
      "recall": 1.0,
      "roc_auc": 0.9999566113071447,
      "pr_auc": 0.9999419319750213,
      "mae": 0.49999999999897,
      "rmse": 0.49999999999897005,
      "ece": 0.4329999999989569,
      "mce": 0.49999999999896955,
      "round_time": 0.15938830375671387,
      "client_training_time": 0.04066205024719238,
      "edge_encryption_wall_time": 0.08837366104125977,
      "total_pure_encryption_time": 0.0787045955657959,
      "avg_encryption_per_client": 0.003935229778289795,
      "server_aggregation_time": 0.017390012741088867,
      "internal_aggregation_time": 0.014133691787719727,
      "evaluation_time": 0.012962579727172852,
      "clients_processed": 20
    },
    {
      "round": 2,
      "accuracy": 0.9335,
      "f1_score": 0.9264787175234936,
      "precision": 0.86302780638517,
      "recall": 1.0,
      "roc_auc": 0.9999554559869207,
      "pr_auc": 0.9999401728082862,
      "mae": 0.4999999999989703,
      "rmse": 0.4999999999989703,
      "ece": 0.43349999999895744,
      "mce": 0.4999999999989703,
      "round_time": 0.15974068641662598,
      "client_training_time": 0.03959536552429199,
      "edge_encryption_wall_time": 0.09183025360107422,
      "total_pure_encryption_time": 0.08278417587280273,
      "avg_encryption_per_client": 0.004139208793640136,
      "server_aggregation_time": 0.014927387237548828,
      "internal_aggregation_time": 0.011008501052856445,
      "evaluation_time": 0.012302875518798828,
      "clients_processed": 20
    },
    {
      "round": 3,
      "accuracy": 0.93425,
      "f1_score": 0.9272475795297372,
      "precision": 0.8643630737493554,
      "recall": 1.0,
      "roc_auc": 0.9999523751329902,
      "pr_auc": 0.9999361636987463,
      "mae": 0.49999999999897216,
      "rmse": 0.4999999999989721,
      "ece": 0.43424999999895925,
      "mce": 0.49999999999897277,
      "round_time": 0.16113924980163574,
      "client_training_time": 0.040582895278930664,
      "edge_encryption_wall_time": 0.08942651748657227,
      "total_pure_encryption_time": 0.08319401741027832,
      "avg_encryption_per_client": 0.004159700870513916,
      "server_aggregation_time": 0.017919540405273438,
      "internal_aggregation_time": 0.015810012817382812,
      "evaluation_time": 0.012171506881713867,
      "clients_processed": 20
    },
    {
      "round": 4,
      "accuracy": 0.933,
      "f1_score": 0.9259668508287293,
      "precision": 0.8621399176954733,
      "recall": 1.0,
      "roc_auc": 0.9999543006666968,
      "pr_auc": 0.9999386908505324,
      "mae": 0.4999999999989714,
      "rmse": 0.4999999999989713,
      "ece": 0.4329999999989585,
      "mce": 0.4999999999989706,
      "round_time": 0.14830923080444336,
      "client_training_time": 0.035153865814208984,
      "edge_encryption_wall_time": 0.0837857723236084,
      "total_pure_encryption_time": 0.07450222969055176,
      "avg_encryption_per_client": 0.003725111484527588,
      "server_aggregation_time": 0.015507936477661133,
      "internal_aggregation_time": 0.014478206634521484,
      "evaluation_time": 0.011827945709228516,
      "clients_processed": 20
    },
    {
      "round": 5,
      "accuracy": 0.933,
      "f1_score": 0.9259668508287293,
      "precision": 0.8621399176954733,
      "recall": 1.0,
      "roc_auc": 0.9999566113071447,
      "pr_auc": 0.99994175394054,
      "mae": 0.49999999999897105,
      "rmse": 0.499999999998971,
      "ece": 0.4329999999989579,
      "mce": 0.4999999999989705,
      "round_time": 0.15524959564208984,
      "client_training_time": 0.035904645919799805,
      "edge_encryption_wall_time": 0.08945083618164062,
      "total_pure_encryption_time": 0.08843326568603516,
      "avg_encryption_per_client": 0.004421663284301758,
      "server_aggregation_time": 0.017235994338989258,
      "internal_aggregation_time": 0.013217926025390625,
      "evaluation_time": 0.009820938110351562,
      "clients_processed": 20
    },
    {
      "round": 6,
      "accuracy": 0.9325,
      "f1_score": 0.9254555494202098,
      "precision": 0.8612538540596094,
      "recall": 1.0,
      "roc_auc": 0.9999591786854202,
      "pr_auc": 0.9999451731848884,
      "mae": 0.499999999998971,
      "rmse": 0.499999999998971,
      "ece": 0.4327499999989579,
      "mce": 0.4999999999989712,
      "round_time": 0.195359468460083,
      "client_training_time": 0.03616023063659668,
      "edge_encryption_wall_time": 0.10796451568603516,
      "total_pure_encryption_time": 0.09491395950317383,
      "avg_encryption_per_client": 0.004745697975158692,
      "server_aggregation_time": 0.025423526763916016,
      "internal_aggregation_time": 0.021451711654663086,
      "evaluation_time": 0.024799108505249023,
      "clients_processed": 20
    },
    {
      "round": 7,
      "accuracy": 0.93325,
      "f1_score": 0.926222713456756,
      "precision": 0.8625836335563561,
      "recall": 1.0,
      "roc_auc": 0.9999509630749387,
      "pr_auc": 0.9999345068065144,
      "mae": 0.4999999999989718,
      "rmse": 0.4999999999989718,
      "ece": 0.4332499999989585,
      "mce": 0.49999999999897154,
      "round_time": 0.39560699462890625,
      "client_training_time": 0.05953025817871094,
      "edge_encryption_wall_time": 0.27813172340393066,
      "total_pure_encryption_time": 0.21895313262939453,
      "avg_encryption_per_client": 0.010947656631469727,
      "server_aggregation_time": 0.03848838806152344,
      "internal_aggregation_time": 0.032500267028808594,
      "evaluation_time": 0.013121843338012695,
      "clients_processed": 20
    },
    {
      "round": 8,
      "accuracy": 0.9335,
      "f1_score": 0.9264787175234936,
      "precision": 0.86302780638517,
      "recall": 1.0,
      "roc_auc": 0.9999594354232477,
      "pr_auc": 0.9999455208321543,
      "mae": 0.49999999999897193,
      "rmse": 0.49999999999897193,
      "ece": 0.43349999999895883,
      "mce": 0.49999999999897193,
      "round_time": 0.2408764362335205,
      "client_training_time": 0.07356476783752441,
      "edge_encryption_wall_time": 0.12978553771972656,
      "total_pure_encryption_time": 0.12209033966064453,
      "avg_encryption_per_client": 0.006104516983032227,
      "server_aggregation_time": 0.02007770538330078,
      "internal_aggregation_time": 0.015512466430664062,
      "evaluation_time": 0.01744842529296875,
      "clients_processed": 20
    },
    {
      "round": 9,
      "accuracy": 0.933,
      "f1_score": 0.9259668508287293,
      "precision": 0.8621399176954733,
      "recall": 1.0,
      "roc_auc": 0.9999568680449723,
      "pr_auc": 0.9999421998985664,
      "mae": 0.4999999999989708,
      "rmse": 0.4999999999989708,
      "ece": 0.4329999999989579,
      "mce": 0.49999999999897016,
      "round_time": 0.17945027351379395,
      "client_training_time": 0.04695630073547363,
      "edge_encryption_wall_time": 0.10353589057922363,
      "total_pure_encryption_time": 0.09444713592529297,
      "avg_encryption_per_client": 0.0047223567962646484,
      "server_aggregation_time": 0.016004085540771484,
      "internal_aggregation_time": 0.012445211410522461,
      "evaluation_time": 0.012953996658325195,
      "clients_processed": 20
    },
    {
      "round": 10,
      "accuracy": 0.934,
      "f1_score": 0.9269911504424779,
      "precision": 0.8639175257731959,
      "recall": 1.0,
      "roc_auc": 0.9999507063371111,
      "pr_auc": 0.9999341605091177,
      "mae": 0.4999999999989702,
      "rmse": 0.4999999999989702,
      "ece": 0.43424999999895736,
      "mce": 0.49999999999897204,
      "round_time": 0.15054631233215332,
      "client_training_time": 0.03813910484313965,
      "edge_encryption_wall_time": 0.08241653442382812,
      "total_pure_encryption_time": 0.07506656646728516,