{
  "pipeline_type": "edge_device_fl",
  "configuration": {
    "rounds": 1,
    "clients": 4,
    "patience": 999
  },
  "results": [
    {
      "round": 1,
      "accuracy": 0.885,
      "f1_score": 0.8743169398907104,
      "precision": 0.7766990291262136,
      "recall": 1.0,
      "roc_auc": 0.9999934895833333,
      "pr_auc": 0.9999902647975079,
      "mae": 0.4999999999988844,
      "rmse": 0.49999999999888434,
      "ece": 0.3849999999988351,
      "mce": 0.4999999999988615,
      "round_time": 0.05345034599304199,
      "client_training_time": 0.008498430252075195,
      "edge_encryption_wall_time": 0.024379253387451172,
      "total_pure_encryption_time": 0.024379253387451172,
      "avg_encryption_per_client": 0.006094813346862793,
      "server_aggregation_time": 0.008179426193237305,
      "internal_aggregation_time": 0.0,
      "evaluation_time": 0.01239323616027832,
      "clients_processed": 4
    }
  ],
  "final_statistics": {
    "final_accuracy": 0.885,
    "best_accuracy": 0.885,
    "total_time": 1.7793457508087158,
    "avg_round_time": 0.05345034599304199,
    "avg_client_training_time": 0.008498430252075195,
    "avg_edge_encryption_wall_time": 0.024379253387451172,
    "avg_pure_encryption_time": 0.024379253387451172,
    "avg_encryption_per_client": 0.006094813346862793,
    "avg_server_aggregation_time": 0.008179426193237305,
    "avg_internal_aggregation_time": 0.0,
    "avg_evaluation_time": 0.01239323616027832
  },
  "timing_statistics": {
    "total_client_training_time": 0.008498430252075195,
    "total_edge_encryption_wall_time": 0.024379253387451172,
    "total_pure_encryption_time": 0.024379253387451172,
    "total_server_aggregation_time": 0.008179426193237305,
    "total_internal_aggregation_time": 0.0,
    "total_evaluation_time": 0.01239323616027832,
    "total_time": 1.7793457508087158,
    "avg_round_time": 0.05345034599304199,
    "avg_client_training_time": 0.008498430252075195,
    "avg_edge_encryption_wall_time": 0.024379253387451172,
    "avg_pure_encryption_time": 0.024379253387451172,
    "avg_encryption_per_client": 0.006094813346862793,
    "avg_server_aggregation_time": 0.008179426193237305,
    "avg_internal_aggregation_time": 0.0,
    "avg_evaluation_time": 0.01239323616027832
  },
  "architecture": {
    "clients": 4,
    "edge_devices": 4,
    "cloud_servers": 1,
    "data_flow": "Client \u2192 Edge \u2192 Cloud \u2192 Edge \u2192 Client"
  }
}