{
  "pipeline_type": "edge_device_fl",
  "configuration": {
    "rounds": 10,
    "clients": 50,
    "patience": 999
  },
  "results": [
    {
      "round": 1,
      "accuracy": 0.9318,
      "f1_score": 0.9267768949967791,
      "precision": 0.8635454181672669,
      "recall": 1.0,
      "roc_auc": 0.9997510816828729,
      "pr_auc": 0.9996983324763068,
      "mae": 0.4999999999990086,
      "rmse": 0.49999999999900857,
      "ece": 0.4317999999989951,
      "mce": 0.4999999999989659,
      "round_time": 0.3715198040008545,
      "client_training_time": 0.09860873222351074,
      "edge_encryption_wall_time": 0.2145850658416748,
      "total_pure_encryption_time": 0.19691896438598633,
      "avg_encryption_per_client": 0.003938379287719726,
      "server_aggregation_time": 0.03566122055053711,
      "internal_aggregation_time": 0.03251147270202637,
      "evaluation_time": 0.022664785385131836,
      "clients_processed": 50
    },
    {
      "round": 2,
      "accuracy": 0.9316,
      "f1_score": 0.9265779304422499,
      "precision": 0.8632,
      "recall": 1.0,
      "roc_auc": 0.999751448548484,
      "pr_auc": 0.9996987793170329,
      "mae": 0.49999999999900985,
      "rmse": 0.4999999999990098,
      "ece": 0.43159999999899623,
      "mce": 0.4999999999989666,
      "round_time": 0.38079380989074707,
      "client_training_time": 0.10825777053833008,
      "edge_encryption_wall_time": 0.2195875644683838,
      "total_pure_encryption_time": 0.1989445686340332,
      "avg_encryption_per_client": 0.003978891372680664,
      "server_aggregation_time": 0.03549671173095703,
      "internal_aggregation_time": 0.03416872024536133,
      "evaluation_time": 0.017451763153076172,
      "clients_processed": 50
    },
    {
      "round": 3,
      "accuracy": 0.9315,
      "f1_score": 0.9264784801974885,
      "precision": 0.8630273945210958,
      "recall": 1.0,
      "roc_auc": 0.9997558101729714,
      "pr_auc": 0.9997037736919487,
      "mae": 0.49999999999900874,
      "rmse": 0.4999999999990087,
      "ece": 0.43149999999899513,
      "mce": 0.4999999999989655,
      "round_time": 0.44893407821655273,
      "client_training_time": 0.09129118919372559,
      "edge_encryption_wall_time": 0.2857053279876709,
      "total_pure_encryption_time": 0.2617757320404053,
      "avg_encryption_per_client": 0.0052355146408081055,
      "server_aggregation_time": 0.04874467849731445,
      "internal_aggregation_time": 0.045443058013916016,
      "evaluation_time": 0.023192882537841797,
      "clients_processed": 50
    },
    {
      "round": 4,
      "accuracy": 0.9323,
      "f1_score": 0.927274680416801,
      "precision": 0.8644101742439415,
      "recall": 1.0,
      "roc_auc": 0.9997439889477251,
      "pr_auc": 0.9996906645611553,
      "mae": 0.49999999999900857,
      "rmse": 0.4999999999990085,
      "ece": 0.43229999999899504,
      "mce": 0.49999999999896555,
      "round_time": 0.37622594833374023,
      "client_training_time": 0.10848641395568848,
      "edge_encryption_wall_time": 0.20998501777648926,
      "total_pure_encryption_time": 0.19260263442993164,
      "avg_encryption_per_client": 0.003852052688598633,
      "server_aggregation_time": 0.039556026458740234,
      "internal_aggregation_time": 0.03613471984863281,
      "evaluation_time": 0.018198490142822266,
      "clients_processed": 50
    },
    {
      "round": 5,
      "accuracy": 0.9316,
      "f1_score": 0.9265779304422499,
      "precision": 0.8632,
      "recall": 1.0,
      "roc_auc": 0.999756747718422,
      "pr_auc": 0.9997047181444753,
      "mae": 0.499999999999008,
      "rmse": 0.499999999999008,
      "ece": 0.4315999999989946,
      "mce": 0.49999999999896516,
      "round_time": 0.35994434356689453,
      "client_training_time": 0.10088419914245605,
      "edge_encryption_wall_time": 0.208207368850708,
      "total_pure_encryption_time": 0.19301605224609375,
      "avg_encryption_per_client": 0.003860321044921875,
      "server_aggregation_time": 0.0345458984375,
      "internal_aggregation_time": 0.032488107681274414,
      "evaluation_time": 0.015289068222045898,
      "clients_processed": 50
    },
    {
      "round": 6,
      "accuracy": 0.9318,
      "f1_score": 0.9267768949967791,
      "precision": 0.8635454181672669,
      "recall": 1.0,
      "roc_auc": 0.9997518765583636,
      "pr_auc": 0.9996992686582499,
      "mae": 0.4999999999990079,
      "rmse": 0.49999999999900785,
      "ece": 0.4317999999989942,
      "mce": 0.49999999999896577,
      "round_time": 0.34609508514404297,
      "client_training_time": 0.09130001068115234,
      "edge_encryption_wall_time": 0.20430445671081543,
      "total_pure_encryption_time": 0.18467283248901367,
      "avg_encryption_per_client": 0.0036934566497802733,
      "server_aggregation_time": 0.03446078300476074,
      "internal_aggregation_time": 0.032156944274902344,
      "evaluation_time": 0.014957189559936523,
      "clients_processed": 50
    },
    {
      "round": 7,
      "accuracy": 0.9313,
      "f1_score": 0.9262796437385986,
      "precision": 0.8626823905656607,
      "recall": 1.0,
      "roc_auc": 0.9997601921788816,
      "pr_auc": 0.9997085509746497,
      "mae": 0.4999999999990091,
      "rmse": 0.49999999999900907,
      "ece": 0.4312999999989957,
      "mce": 0.499999999998966,
      "round_time": 0.33335113525390625,
      "client_training_time": 0.08454298973083496,
      "edge_encryption_wall_time": 0.19867229461669922,
      "total_pure_encryption_time": 0.1754136085510254,
      "avg_encryption_per_client": 0.003508272171020508,
      "server_aggregation_time": 0.03341817855834961,
      "internal_aggregation_time": 0.032134294509887695,
      "evaluation_time": 0.01671767234802246,
      "clients_processed": 50
    },
    {
      "round": 8,
      "accuracy": 0.9322,
      "f1_score": 0.9271750805585393,
      "precision": 0.8642370845014017,
      "recall": 1.0,
      "roc_auc": 0.9997518765583636,
      "pr_auc": 0.9996993108042281,
      "mae": 0.49999999999900985,
      "rmse": 0.4999999999990098,
      "ece": 0.4321999999989966,
      "mce": 0.4999999999989675,
      "round_time": 0.33532190322875977,
      "client_training_time": 0.09177279472351074,
      "edge_encryption_wall_time": 0.196760892868042,
      "total_pure_encryption_time": 0.17836856842041016,
      "avg_encryption_per_client": 0.003567371368408203,
      "server_aggregation_time": 0.03383922576904297,
      "internal_aggregation_time": 0.03165602684020996,
      "evaluation_time": 0.011952400207519531,
      "clients_processed": 50
    },
    {
      "round": 9,
      "accuracy": 0.9318,
      "f1_score": 0.9267768949967791,
      "precision": 0.8635454181672669,
      "recall": 1.0,
      "roc_auc": 0.9997485340050181,
      "pr_auc": 0.9996954087204708,
      "mae": 0.49999999999900757,
      "rmse": 0.49999999999900757,
      "ece": 0.431799999998994,
      "mce": 0.49999999999896466,
      "round_time": 0.4799842834472656,
      "client_training_time": 0.09503340721130371,
      "edge_encryption_wall_time": 0.29033708572387695,
      "total_pure_encryption_time": 0.26634669303894043,
      "avg_encryption_per_client": 0.005326933860778808,
      "server_aggregation_time": 0.06685090065002441,
      "internal_aggregation_time": 0.06481409072875977,
      "evaluation_time": 0.026743650436401367,
      "clients_processed": 50
    },
    {
      "round": 10,
      "accuracy": 0.9321,
      "f1_score": 0.9270755020942971,
      "precision": 0.8640640640640641,
      "recall": 1.0,
      "roc_auc": 0.999750184900268,
      "pr_auc": 0.9996974432300841,
      "mae": 0.4999999999990092,
      "rmse": 0.4999999999990092,
      "ece": 0.43209999999899573,
      "mce": 0.49999999999896677,
      "round_time": 0.37847352027893066,
      "client_training_time": 0.10365152359008789,
      "edge_encryption_wall_time": 0.2266852855682373,
      "total_pure_encryption_time": 0.20166993141174316,