{
  "pipeline_type": "edge_device_fl",
  "configuration": {
    "rounds": 3,
    "clients": 5,
    "patience": 999
  },
  "results": [
    {
      "round": 1,
      "accuracy": 0.851,
      "f1_score": 0.8121059268600253,
      "precision": 0.6836518046709129,
      "recall": 1.0,
      "roc_auc": 0.9999725169021052,
      "pr_auc": 0.999943190425693,
      "mae": 0.49999999999899203,
      "rmse": 0.49999999999899203,
      "ece": 0.3509999999988946,
      "mce": 0.4999999999989581,
      "round_time": 0.06748843193054199,
      "client_training_time": 0.014914274215698242,
      "edge_encryption_wall_time": 0.03046441078186035,
      "total_pure_encryption_time": 0.027922630310058594,
      "avg_encryption_per_client": 0.005584526062011719,
      "server_aggregation_time": 0.009943723678588867,
      "internal_aggregation_time": 0.005318880081176758,
      "evaluation_time": 0.012166023254394531,
      "clients_processed": 5
    },
    {
      "round": 2,
      "accuracy": 0.852,
      "f1_score": 0.8131313131313131,
      "precision": 0.6851063829787234,
      "recall": 1.0,
      "roc_auc": 0.9999748071602631,
      "pr_auc": 0.9999431904256932,
      "mae": 0.4999999999989979,
      "rmse": 0.4999999999989979,
      "ece": 0.35199999999890075,
      "mce": 0.49999999999896727,
      "round_time": 0.06361198425292969,
      "client_training_time": 0.01562047004699707,
      "edge_encryption_wall_time": 0.026931047439575195,
      "total_pure_encryption_time": 0.026517391204833984,
      "avg_encryption_per_client": 0.005303478240966797,
      "server_aggregation_time": 0.009089946746826172,
      "internal_aggregation_time": 0.002256631851196289,
      "evaluation_time": 0.00994420051574707,
      "clients_processed": 5
    },
    {
      "round": 3,
      "accuracy": 0.847,
      "f1_score": 0.8080301129234629,
      "precision": 0.6778947368421052,
      "recall": 1.0,
      "roc_auc": 0.9999725169021052,
      "pr_auc": 0.999943190425693,
      "mae": 0.499999999998995,
      "rmse": 0.499999999998995,
      "ece": 0.3469999999988964,
      "mce": 0.4999999999989557,
      "round_time": 0.06720876693725586,
      "client_training_time": 0.013221263885498047,
      "edge_encryption_wall_time": 0.03131985664367676,
      "total_pure_encryption_time": 0.025421142578125,
      "avg_encryption_per_client": 0.005084228515625,
      "server_aggregation_time": 0.011557817459106445,
      "internal_aggregation_time": 0.00736689567565918,
      "evaluation_time": 0.01110982894897461,
      "clients_processed": 5
    }
  ],
  "final_statistics": {
    "final_accuracy": 0.847,
    "best_accuracy": 0.852,
    "total_time": 1.9554822444915771,
    "avg_round_time": 0.06610306104024251,
    "avg_client_training_time": 0.014585336049397787,
    "avg_edge_encryption_wall_time": 0.0295717716217041,
    "avg_pure_encryption_time": 0.02662038803100586,
    "avg_encryption_per_client": 0.005324077606201173,
    "avg_server_aggregation_time": 0.010197162628173828,
    "avg_internal_aggregation_time": 0.004980802536010742,
    "avg_evaluation_time": 0.01107335090637207
  },
  "timing_statistics": {
    "total_client_training_time": 0.04375600814819336,
    "total_edge_encryption_wall_time": 0.0887153148651123,
    "total_pure_encryption_time": 0.07986116409301758,
    "total_server_aggregation_time": 0.030591487884521484,
    "total_internal_aggregation_time": 0.014942407608032227,
    "total_evaluation_time": 0.03322005271911621,
    "total_time": 1.9554822444915771,
    "avg_round_time": 0.06610306104024251,
    "avg_client_training_time": 0.014585336049397787,
    "avg_edge_encryption_wall_time": 0.0295717716217041,
    "avg_pure_encryption_time": 0.02662038803100586,
    "avg_encryption_per_client": 0.005324077606201173,
    "avg_server_aggregation_time": 0.010197162628173828,
    "avg_internal_aggregation_time": 0.004980802536010742,
    "avg_evaluation_time": 0.01107335090637207
  },
  "architecture": {
    "clients": 5,
    "edge_devices": 5,
    "cloud_servers": 1,
    "data_flow": "Client \u2192 Edge \u2192 Cloud \u2192 Edge \u2192 Client"
  }
}