{
  "pipeline_type": "edge_device_fl",
  "configuration": {
    "rounds": 10,
    "clients": 60,
    "patience": 999
  },
  "results": [
    {
      "round": 1,
      "accuracy": 0.98725,
      "f1_score": 0.9868838405486499,
      "precision": 0.9782460910944936,
      "recall": 0.9956754886697803,
      "roc_auc": 0.9996853446893513,
      "pr_auc": 0.9996929575698514,
      "mae": 0.49999999999899564,
      "rmse": 0.4999999999989956,
      "ece": 0.48724999999899443,
      "mce": 0.49591236101924063,
      "round_time": 0.4475231170654297,
      "client_training_time": 0.12331724166870117,
      "edge_encryption_wall_time": 0.25919604301452637,
      "total_pure_encryption_time": 0.23877191543579102,
      "avg_encryption_per_client": 0.00397953192392985,
      "server_aggregation_time": 0.04207444190979004,
      "internal_aggregation_time": 0.03903937339782715,
      "evaluation_time": 0.020846128463745117,
      "clients_processed": 60
    },
    {
      "round": 2,
      "accuracy": 0.9865,
      "f1_score": 0.9861230083947233,
      "precision": 0.9767520787374852,
      "recall": 0.9956754886697803,
      "roc_auc": 0.9996762631460208,
      "pr_auc": 0.9996846438379803,
      "mae": 0.49999999999899486,
      "rmse": 0.49999999999899486,
      "ece": 0.48649999999899357,
      "mce": 0.4959063369893027,
      "round_time": 0.430682897567749,
      "client_training_time": 0.12572240829467773,
      "edge_encryption_wall_time": 0.2486257553100586,
      "total_pure_encryption_time": 0.21825957298278809,
      "avg_encryption_per_client": 0.003637659549713135,
      "server_aggregation_time": 0.04018521308898926,
      "internal_aggregation_time": 0.036229848861694336,
      "evaluation_time": 0.016149520874023438,
      "clients_processed": 60
    },
    {
      "round": 3,
      "accuracy": 0.988,
      "f1_score": 0.9876458476321208,
      "precision": 0.9797446808510638,
      "recall": 0.9956754886697803,
      "roc_auc": 0.9997084170942293,
      "pr_auc": 0.9997140114580679,
      "mae": 0.4999999999989954,
      "rmse": 0.49999999999899536,
      "ece": 0.4880833333323277,
      "mce": 0.49591903362612993,
      "round_time": 0.5845401287078857,
      "client_training_time": 0.2034907341003418,
      "edge_encryption_wall_time": 0.3230717182159424,
      "total_pure_encryption_time": 0.295595645904541,
      "avg_encryption_per_client": 0.004926594098409017,
      "server_aggregation_time": 0.03904223442077637,
      "internal_aggregation_time": 0.03667116165161133,
      "evaluation_time": 0.018935441970825195,
      "clients_processed": 60
    },
    {
      "round": 4,
      "accuracy": 0.9874166666666667,
      "f1_score": 0.9870530738232016,
      "precision": 0.9785787147228834,
      "recall": 0.9956754886697803,
      "roc_auc": 0.9996929659538921,
      "pr_auc": 0.9996998058937268,
      "mae": 0.49999999999899386,
      "rmse": 0.49999999999899386,
      "ece": 0.4874166666656594,
      "mce": 0.49591369728565926,
      "round_time": 0.4055311679840088,
      "client_training_time": 0.10270118713378906,
      "edge_encryption_wall_time": 0.24670910835266113,
      "total_pure_encryption_time": 0.22432494163513184,
      "avg_encryption_per_client": 0.0037387490272521974,
      "server_aggregation_time": 0.04078960418701172,
      "internal_aggregation_time": 0.038756370544433594,
      "evaluation_time": 0.015331268310546875,
      "clients_processed": 60
    },
    {
      "round": 5,
      "accuracy": 0.987,
      "f1_score": 0.9866300994172095,
      "precision": 0.9777475794122643,
      "recall": 0.9956754886697803,
      "roc_auc": 0.9996838844105616,
      "pr_auc": 0.9996917934198316,
      "mae": 0.49999999999899564,
      "rmse": 0.4999999999989957,
      "ece": 0.48699999999899435,
      "mce": 0.4959103549801537,
      "round_time": 0.4596283435821533,
      "client_training_time": 0.11312460899353027,
      "edge_encryption_wall_time": 0.28771281242370605,
      "total_pure_encryption_time": 0.24704527854919434,
      "avg_encryption_per_client": 0.004117421309153239,
      "server_aggregation_time": 0.04011893272399902,
      "internal_aggregation_time": 0.03801703453063965,
      "evaluation_time": 0.01867198944091797,
      "clients_processed": 60
    },
    {
      "round": 6,
      "accuracy": 0.9869166666666667,
      "f1_score": 0.9865455480332505,
      "precision": 0.9775815217391305,
      "recall": 0.9956754886697803,
      "roc_auc": 0.9996746220708094,
      "pr_auc": 0.9996834786771649,
      "mae": 0.4999999999989967,
      "rmse": 0.49999999999899664,
      "ece": 0.4869166666656621,
      "mce": 0.4959096858628404,
      "round_time": 0.4415137767791748,
      "client_training_time": 0.13046526908874512,
      "edge_encryption_wall_time": 0.25110769271850586,
      "total_pure_encryption_time": 0.21830987930297852,
      "avg_encryption_per_client": 0.0036384979883829754,
      "server_aggregation_time": 0.037206411361694336,
      "internal_aggregation_time": 0.03594803810119629,
      "evaluation_time": 0.020348787307739258,
      "clients_processed": 60
    },
    {
      "round": 7,
      "accuracy": 0.9869166666666667,
      "f1_score": 0.9865455480332505,
      "precision": 0.9775815217391305,
      "recall": 0.9956754886697803,
      "roc_auc": 0.9996849970039251,
      "pr_auc": 0.9996925656931523,
      "mae": 0.49999999999899364,
      "rmse": 0.49999999999899364,
      "ece": 0.486916666665659,
      "mce": 0.4959096858628379,
      "round_time": 0.4059104919433594,
      "client_training_time": 0.10605669021606445,
      "edge_encryption_wall_time": 0.2442951202392578,
      "total_pure_encryption_time": 0.22066998481750488,
      "avg_encryption_per_client": 0.0036778330802917482,
      "server_aggregation_time": 0.03909635543823242,
      "internal_aggregation_time": 0.03707289695739746,
      "evaluation_time": 0.016462326049804688,
      "clients_processed": 60
    },
    {
      "round": 8,
      "accuracy": 0.987,
      "f1_score": 0.9866323907455012,
      "precision": 0.9775853285787061,
      "recall": 0.9958484691229891,
      "roc_auc": 0.99968591489345,
      "pr_auc": 0.9996934929191184,
      "mae": 0.499999999998995,
      "rmse": 0.499999999998995,
      "ece": 0.48699999999899374,
      "mce": 0.496072655865435,
      "round_time": 0.41370701789855957,
      "client_training_time": 0.11286258697509766,
      "edge_encryption_wall_time": 0.240081787109375,
      "total_pure_encryption_time": 0.22060918807983398,
      "avg_encryption_per_client": 0.0036768198013305666,
      "server_aggregation_time": 0.04139876365661621,
      "internal_aggregation_time": 0.03814816474914551,
      "evaluation_time": 0.019363880157470703,
      "clients_processed": 60
    },
    {
      "round": 9,
      "accuracy": 0.9868333333333333,
      "f1_score": 0.9864633310486635,
      "precision": 0.977253437446953,
      "recall": 0.9958484691229891,
      "roc_auc": 0.9996742465705493,
      "pr_auc": 0.9996836056822067,
      "mae": 0.49999999999899575,
      "rmse": 0.4999999999989957,
      "ece": 0.48683333333232776,
      "mce": 0.4960713701086395,
      "round_time": 0.40038394927978516,
      "client_training_time": 0.10010957717895508,
      "edge_encryption_wall_time": 0.23845696449279785,
      "total_pure_encryption_time": 0.2132878303527832,
      "avg_encryption_per_client": 0.0035547971725463866,
      "server_aggregation_time": 0.04014277458190918,
      "internal_aggregation_time": 0.03698897361755371,
      "evaluation_time": 0.0206606388092041,
      "clients_processed": 60
    },
    {
      "round": 10,
      "accuracy": 0.9871666666666666,
      "f1_score": 0.9867992456711812,
      "precision": 0.9780798640611724,
      "recall": 0.9956754886697803,
      "roc_auc": 0.9996957891595522,
      "pr_auc": 0.9997027919705492,
      "mae": 0.4999999999989961,
      "rmse": 0.4999999999989961,
      "ece": 0.48716666666566155,
      "mce": 0.4959116925582477,