{
  "pipeline_type": "edge_device_fl",
  "configuration": {
    "rounds": 20,
    "clients": 20,
    "patience": 999
  },
  "results": [
    {
      "round": 1,
      "accuracy": 0.933,
      "f1_score": 0.9259668508287293,
      "precision": 0.8621399176954733,
      "recall": 1.0,
      "roc_auc": 0.9999566113071447,
      "pr_auc": 0.9999419319750213,
      "mae": 0.49999999999897,
      "rmse": 0.49999999999897005,
      "ece": 0.4329999999989569,
      "mce": 0.49999999999896955,
      "round_time": 0.1714932918548584,
      "client_training_time": 0.04128384590148926,
      "edge_encryption_wall_time": 0.09771227836608887,
      "total_pure_encryption_time": 0.08812522888183594,
      "avg_encryption_per_client": 0.004406261444091797,
      "server_aggregation_time": 0.017620325088500977,
      "internal_aggregation_time": 0.015421152114868164,
      "evaluation_time": 0.01209568977355957,
      "clients_processed": 20
    },
    {
      "round": 2,
      "accuracy": 0.9335,
      "f1_score": 0.9264787175234936,
      "precision": 0.86302780638517,
      "recall": 1.0,
      "roc_auc": 0.9999554559869207,
      "pr_auc": 0.9999401728082862,
      "mae": 0.4999999999989703,
      "rmse": 0.4999999999989703,
      "ece": 0.43349999999895744,
      "mce": 0.4999999999989703,
      "round_time": 0.15357446670532227,
      "client_training_time": 0.034055233001708984,
      "edge_encryption_wall_time": 0.08994293212890625,
      "total_pure_encryption_time": 0.0752403736114502,
      "avg_encryption_per_client": 0.0037620186805725096,
      "server_aggregation_time": 0.015510082244873047,
      "internal_aggregation_time": 0.012551307678222656,
      "evaluation_time": 0.01300668716430664,
      "clients_processed": 20
    },
    {
      "round": 3,
      "accuracy": 0.93425,
      "f1_score": 0.9272475795297372,
      "precision": 0.8643630737493554,
      "recall": 1.0,
      "roc_auc": 0.9999523751329902,
      "pr_auc": 0.9999361636987463,
      "mae": 0.49999999999897216,
      "rmse": 0.4999999999989721,
      "ece": 0.43424999999895925,
      "mce": 0.49999999999897277,
      "round_time": 0.1484384536743164,
      "client_training_time": 0.036048173904418945,
      "edge_encryption_wall_time": 0.0883491039276123,
      "total_pure_encryption_time": 0.07962226867675781,
      "avg_encryption_per_client": 0.003981113433837891,
      "server_aggregation_time": 0.01582646369934082,
      "internal_aggregation_time": 0.013671875,
      "evaluation_time": 0.007903337478637695,
      "clients_processed": 20
    },
    {
      "round": 4,
      "accuracy": 0.933,
      "f1_score": 0.9259668508287293,
      "precision": 0.8621399176954733,
      "recall": 1.0,
      "roc_auc": 0.9999543006666968,
      "pr_auc": 0.9999386908505324,
      "mae": 0.4999999999989714,
      "rmse": 0.4999999999989713,
      "ece": 0.4329999999989585,
      "mce": 0.4999999999989706,
      "round_time": 0.14943528175354004,
      "client_training_time": 0.036971330642700195,
      "edge_encryption_wall_time": 0.08250260353088379,
      "total_pure_encryption_time": 0.0735023021697998,
      "avg_encryption_per_client": 0.00367511510848999,
      "server_aggregation_time": 0.01500558853149414,
      "internal_aggregation_time": 0.01030421257019043,
      "evaluation_time": 0.013949155807495117,
      "clients_processed": 20
    },
    {
      "round": 5,
      "accuracy": 0.933,
      "f1_score": 0.9259668508287293,
      "precision": 0.8621399176954733,
      "recall": 1.0,
      "roc_auc": 0.9999566113071447,
      "pr_auc": 0.99994175394054,
      "mae": 0.49999999999897105,
      "rmse": 0.499999999998971,
      "ece": 0.4329999999989579,
      "mce": 0.4999999999989705,
      "round_time": 0.14459848403930664,
      "client_training_time": 0.03438115119934082,
      "edge_encryption_wall_time": 0.08004522323608398,
      "total_pure_encryption_time": 0.07085156440734863,
      "avg_encryption_per_client": 0.0035425782203674316,
      "server_aggregation_time": 0.018610000610351562,
      "internal_aggregation_time": 0.014584064483642578,
      "evaluation_time": 0.011562108993530273,
      "clients_processed": 20
    },
    {
      "round": 6,
      "accuracy": 0.9325,
      "f1_score": 0.9254555494202098,
      "precision": 0.8612538540596094,
      "recall": 1.0,
      "roc_auc": 0.9999591786854202,
      "pr_auc": 0.9999451731848884,
      "mae": 0.499999999998971,
      "rmse": 0.499999999998971,
      "ece": 0.4327499999989579,
      "mce": 0.4999999999989712,
      "round_time": 0.13730144500732422,
      "client_training_time": 0.030155658721923828,
      "edge_encryption_wall_time": 0.07998490333557129,
      "total_pure_encryption_time": 0.07486796379089355,
      "avg_encryption_per_client": 0.003743398189544678,
      "server_aggregation_time": 0.014739990234375,
      "internal_aggregation_time": 0.01150822639465332,
      "evaluation_time": 0.010345220565795898,
      "clients_processed": 20
    },
    {
      "round": 7,
      "accuracy": 0.93325,
      "f1_score": 0.926222713456756,
      "precision": 0.8625836335563561,
      "recall": 1.0,
      "roc_auc": 0.9999509630749387,
      "pr_auc": 0.9999345068065144,
      "mae": 0.4999999999989718,
      "rmse": 0.4999999999989718,
      "ece": 0.4332499999989585,
      "mce": 0.49999999999897154,
      "round_time": 0.23770689964294434,
      "client_training_time": 0.09728312492370605,
      "edge_encryption_wall_time": 0.10943078994750977,
      "total_pure_encryption_time": 0.10244035720825195,
      "avg_encryption_per_client": 0.0051220178604125975,
      "server_aggregation_time": 0.016232013702392578,
      "internal_aggregation_time": 0.012048721313476562,
      "evaluation_time": 0.013365507125854492,
      "clients_processed": 20
    },
    {
      "round": 8,
      "accuracy": 0.9335,
      "f1_score": 0.9264787175234936,
      "precision": 0.86302780638517,
      "recall": 1.0,
      "roc_auc": 0.9999594354232477,
      "pr_auc": 0.9999455208321543,
      "mae": 0.49999999999897193,
      "rmse": 0.49999999999897193,
      "ece": 0.43349999999895883,
      "mce": 0.49999999999897193,
      "round_time": 0.15771198272705078,
      "client_training_time": 0.04204273223876953,
      "edge_encryption_wall_time": 0.08346128463745117,
      "total_pure_encryption_time": 0.07706403732299805,
      "avg_encryption_per_client": 0.0038532018661499023,
      "server_aggregation_time": 0.019348859786987305,
      "internal_aggregation_time": 0.014490604400634766,
      "evaluation_time": 0.011734247207641602,
      "clients_processed": 20
    },
    {
      "round": 9,
      "accuracy": 0.933,
      "f1_score": 0.9259668508287293,
      "precision": 0.8621399176954733,
      "recall": 1.0,
      "roc_auc": 0.9999568680449723,
      "pr_auc": 0.9999421998985664,
      "mae": 0.4999999999989708,
      "rmse": 0.4999999999989708,
      "ece": 0.4329999999989579,
      "mce": 0.49999999999897016,
      "round_time": 0.15305638313293457,
      "client_training_time": 0.03585624694824219,
      "edge_encryption_wall_time": 0.09134697914123535,
      "total_pure_encryption_time": 0.07941722869873047,
      "avg_encryption_per_client": 0.0039708614349365234,
      "server_aggregation_time": 0.01598501205444336,
      "internal_aggregation_time": 0.012466192245483398,
      "evaluation_time": 0.008861541748046875,
      "clients_processed": 20
    },
    {
      "round": 10,
      "accuracy": 0.934,
      "f1_score": 0.9269911504424779,
      "precision": 0.8639175257731959,
      "recall": 1.0,
      "roc_auc": 0.9999507063371111,
      "pr_auc": 0.9999341605091177,
      "mae": 0.4999999999989702,
      "rmse": 0.4999999999989702,
      "ece": 0.43424999999895736,
      "mce": 0.49999999999897204,
      "round_time": 0.1455976963043213,
      "client_training_time": 0.03655695915222168,
      "edge_encryption_wall_time": 0.07988500595092773,
      "total_pure_encryption_time": 0.07025575637817383,