{
  "pipeline_type": "edge_device_fl",
  "configuration": {
    "rounds": 10,
    "clients": 10,
    "patience": 999
  },
  "results": [
    {
      "round": 1,
      "accuracy": 0.917,
      "f1_score": 0.9004796163069544,
      "precision": 0.8189749182115594,
      "recall": 1.0,
      "roc_auc": 0.9999936034046946,
      "pr_auc": 0.99998942035348,
      "mae": 0.49999999999896033,
      "rmse": 0.4999999999989603,
      "ece": 0.4169999999989378,
      "mce": 0.4999999999989847,
      "round_time": 0.0789492130279541,
      "client_training_time": 0.013060808181762695,
      "edge_encryption_wall_time": 0.042737722396850586,
      "total_pure_encryption_time": 0.040711402893066406,
      "avg_encryption_per_client": 0.00407114028930664,
      "server_aggregation_time": 0.009137630462646484,
      "internal_aggregation_time": 0.006810665130615234,
      "evaluation_time": 0.011154890060424805,
      "clients_processed": 10
    },
    {
      "round": 2,
      "accuracy": 0.916,
      "f1_score": 0.8994011976047904,
      "precision": 0.8171926006528836,
      "recall": 1.0,
      "roc_auc": 0.9999957356031297,
      "pr_auc": 0.9999929289776783,
      "mae": 0.4999999999989641,
      "rmse": 0.4999999999989641,
      "ece": 0.41599999999894144,
      "mce": 0.4999999999989866,
      "round_time": 0.09468221664428711,
      "client_training_time": 0.028018712997436523,
      "edge_encryption_wall_time": 0.045822858810424805,
      "total_pure_encryption_time": 0.042821407318115234,
      "avg_encryption_per_client": 0.004282140731811523,
      "server_aggregation_time": 0.01078486442565918,
      "internal_aggregation_time": 0.008737564086914062,
      "evaluation_time": 0.010055780410766602,
      "clients_processed": 10
    },
    {
      "round": 3,
      "accuracy": 0.917,
      "f1_score": 0.9004796163069544,
      "precision": 0.8189749182115594,
      "recall": 1.0,
      "roc_auc": 0.9999946695039121,
      "pr_auc": 0.999991172341987,
      "mae": 0.4999999999989607,
      "rmse": 0.4999999999989607,
      "ece": 0.41699999999893816,
      "mce": 0.4999999999989866,
      "round_time": 0.08723640441894531,
      "client_training_time": 0.021488189697265625,
      "edge_encryption_wall_time": 0.04515266418457031,
      "total_pure_encryption_time": 0.041745662689208984,
      "avg_encryption_per_client": 0.004174566268920899,
      "server_aggregation_time": 0.011003971099853516,
      "internal_aggregation_time": 0.006584882736206055,
      "evaluation_time": 0.008598804473876953,
      "clients_processed": 10
    },
    {
      "round": 4,
      "accuracy": 0.919,
      "f1_score": 0.9026442307692307,
      "precision": 0.8225629791894852,
      "recall": 1.0,
      "roc_auc": 0.999994669503912,
      "pr_auc": 0.999991172341987,
      "mae": 0.49999999999895955,
      "rmse": 0.4999999999989595,
      "ece": 0.4189999999989372,
      "mce": 0.4999999999989882,
      "round_time": 0.08617186546325684,
      "client_training_time": 0.020644664764404297,
      "edge_encryption_wall_time": 0.04585862159729004,
      "total_pure_encryption_time": 0.038971900939941406,
      "avg_encryption_per_client": 0.0038971900939941406,
      "server_aggregation_time": 0.008638381958007812,
      "internal_aggregation_time": 0.006264686584472656,
      "evaluation_time": 0.010014772415161133,
      "clients_processed": 10
    },
    {
      "round": 5,
      "accuracy": 0.915,
      "f1_score": 0.8983253588516746,
      "precision": 0.8154180238870793,
      "recall": 1.0,
      "roc_auc": 0.9999914712062592,
      "pr_auc": 0.9999859302444489,
      "mae": 0.4999999999989583,
      "rmse": 0.4999999999989582,
      "ece": 0.41499999999893566,
      "mce": 0.49999999999897954,
      "round_time": 0.09068083763122559,
      "client_training_time": 0.0246121883392334,
      "edge_encryption_wall_time": 0.04510664939880371,
      "total_pure_encryption_time": 0.041666507720947266,
      "avg_encryption_per_client": 0.004166650772094727,
      "server_aggregation_time": 0.010884523391723633,
      "internal_aggregation_time": 0.008711576461791992,
      "evaluation_time": 0.008720636367797852,
      "clients_processed": 10
    },
    {
      "round": 6,
      "accuracy": 0.916,
      "f1_score": 0.8994011976047904,
      "precision": 0.8171926006528836,
      "recall": 1.0,
      "roc_auc": 0.9999925373054769,
      "pr_auc": 0.9999876729937407,
      "mae": 0.4999999999989596,
      "rmse": 0.49999999999895955,
      "ece": 0.4159999999989364,
      "mce": 0.49999999999898237,
      "round_time": 0.08295893669128418,
      "client_training_time": 0.019835710525512695,
      "edge_encryption_wall_time": 0.04358816146850586,
      "total_pure_encryption_time": 0.03820657730102539,
      "avg_encryption_per_client": 0.003820657730102539,
      "server_aggregation_time": 0.010782480239868164,
      "internal_aggregation_time": 0.007207632064819336,
      "evaluation_time": 0.008752584457397461,
      "clients_processed": 10
    },
    {
      "round": 7,
      "accuracy": 0.9145,
      "f1_score": 0.8977884040645547,
      "precision": 0.8145336225596529,
      "recall": 1.0,
      "roc_auc": 0.9999914712062593,
      "pr_auc": 0.9999859302444492,
      "mae": 0.49999999999896205,
      "rmse": 0.49999999999896205,
      "ece": 0.41449999999893916,
      "mce": 0.4999999999989823,
      "round_time": 0.07830119132995605,
      "client_training_time": 0.018441200256347656,
      "edge_encryption_wall_time": 0.041333913803100586,
      "total_pure_encryption_time": 0.0382695198059082,
      "avg_encryption_per_client": 0.0038269519805908202,
      "server_aggregation_time": 0.010729551315307617,
      "internal_aggregation_time": 0.006201505661010742,
      "evaluation_time": 0.007796525955200195,
      "clients_processed": 10
    },
    {
      "round": 8,
      "accuracy": 0.917,
      "f1_score": 0.9004796163069544,
      "precision": 0.8189749182115594,
      "recall": 1.0,
      "roc_auc": 0.9999936034046946,
      "pr_auc": 0.99998942035348,
      "mae": 0.4999999999989567,
      "rmse": 0.49999999999895667,
      "ece": 0.41699999999893383,
      "mce": 0.49999999999898237,
      "round_time": 0.08307623863220215,
      "client_training_time": 0.01963949203491211,
      "edge_encryption_wall_time": 0.04238629341125488,
      "total_pure_encryption_time": 0.037899017333984375,
      "avg_encryption_per_client": 0.0037899017333984375,
      "server_aggregation_time": 0.01112985610961914,
      "internal_aggregation_time": 0.0078008174896240234,
      "evaluation_time": 0.007261037826538086,
      "clients_processed": 10
    },
    {
      "round": 9,
      "accuracy": 0.9155,
      "f1_score": 0.8988629563135847,
      "precision": 0.816304347826087,
      "recall": 1.0,
      "roc_auc": 0.9999904051070416,
      "pr_auc": 0.9999841920873822,
      "mae": 0.4999999999989609,
      "rmse": 0.49999999999896083,
      "ece": 0.41549999999893816,
      "mce": 0.4999999999989826,
      "round_time": 0.0908668041229248,
      "client_training_time": 0.02004384994506836,
      "edge_encryption_wall_time": 0.04314780235290527,
      "total_pure_encryption_time": 0.04167604446411133,
      "avg_encryption_per_client": 0.004167604446411133,
      "server_aggregation_time": 0.010923624038696289,
      "internal_aggregation_time": 0.006048917770385742,
      "evaluation_time": 0.01311492919921875,
      "clients_processed": 10
    },
    {
      "round": 10,
      "accuracy": 0.9145,
      "f1_score": 0.8977884040645547,
      "precision": 0.8145336225596529,
      "recall": 1.0,
      "roc_auc": 0.9999914712062593,
      "pr_auc": 0.9999859302444489,
      "mae": 0.49999999999895933,
      "rmse": 0.4999999999989593,
      "ece": 0.41449999999893605,
      "mce": 0.49999999999897915,
      "round_time": 0.10936498641967773,
      "client_training_time": 0.04644179344177246,
      "edge_encryption_wall_time": 0.04199385643005371,