{
  "pipeline_type": "edge_device_fl",
  "configuration": {
    "rounds": 20,
    "clients": 40,
    "patience": 999
  },
  "results": [
    {
      "round": 1,
      "accuracy": 0.942125,
      "f1_score": 0.937760451673612,
      "precision": 0.8832615852114459,
      "recall": 0.9994269340974212,
      "roc_auc": 0.9997059066448961,
      "pr_auc": 0.9996544824376435,
      "mae": 0.49999999999902855,
      "rmse": 0.49999999999902855,
      "ece": 0.44212499999901667,
      "mce": 0.49950629474103614,
      "round_time": 0.3037538528442383,
      "client_training_time": 0.08189988136291504,
      "edge_encryption_wall_time": 0.17300009727478027,
      "total_pure_encryption_time": 0.15753579139709473,
      "avg_encryption_per_client": 0.003938394784927368,
      "server_aggregation_time": 0.0323634147644043,
      "internal_aggregation_time": 0.030091285705566406,
      "evaluation_time": 0.016490459442138672,
      "clients_processed": 40
    },
    {
      "round": 2,
      "accuracy": 0.942375,
      "f1_score": 0.9380126395051768,
      "precision": 0.8837091461869775,
      "recall": 0.9994269340974212,
      "roc_auc": 0.9997026347054301,
      "pr_auc": 0.999650610836355,
      "mae": 0.4999999999990267,
      "rmse": 0.49999999999902667,
      "ece": 0.44237499999901475,
      "mce": 0.49950653836563735,
      "round_time": 0.3135066032409668,
      "client_training_time": 0.08890986442565918,
      "edge_encryption_wall_time": 0.17942309379577637,
      "total_pure_encryption_time": 0.16258716583251953,
      "avg_encryption_per_client": 0.004064679145812988,
      "server_aggregation_time": 0.026009321212768555,
      "internal_aggregation_time": 0.023853302001953125,
      "evaluation_time": 0.01768183708190918,
      "clients_processed": 40
    },
    {
      "round": 3,
      "accuracy": 0.941875,
      "f1_score": 0.9375083994086816,
      "precision": 0.882814477347507,
      "recall": 0.9994269340974212,
      "roc_auc": 0.9997080349938692,
      "pr_auc": 0.9996565981235155,
      "mae": 0.4999999999990278,
      "rmse": 0.4999999999990277,
      "ece": 0.44187499999901586,
      "mce": 0.49950605087575645,
      "round_time": 0.2993645668029785,
      "client_training_time": 0.0706624984741211,
      "edge_encryption_wall_time": 0.1680614948272705,
      "total_pure_encryption_time": 0.14820456504821777,
      "avg_encryption_per_client": 0.0037051141262054443,
      "server_aggregation_time": 0.03111886978149414,
      "internal_aggregation_time": 0.02765345573425293,
      "evaluation_time": 0.029521703720092773,
      "clients_processed": 40
    },
    {
      "round": 4,
      "accuracy": 0.94225,
      "f1_score": 0.9378865286367303,
      "precision": 0.8834853090172239,
      "recall": 0.9994269340974212,
      "roc_auc": 0.9997113704661402,
      "pr_auc": 0.9996604406090003,
      "mae": 0.499999999999029,
      "rmse": 0.499999999999029,
      "ece": 0.4422499999990173,
      "mce": 0.49950641658340056,
      "round_time": 0.3747076988220215,
      "client_training_time": 0.13931655883789062,
      "edge_encryption_wall_time": 0.1909770965576172,
      "total_pure_encryption_time": 0.16986298561096191,
      "avg_encryption_per_client": 0.004246574640274048,
      "server_aggregation_time": 0.027636051177978516,
      "internal_aggregation_time": 0.025609731674194336,
      "evaluation_time": 0.016777992248535156,
      "clients_processed": 40
    },
    {
      "round": 5,
      "accuracy": 0.94225,
      "f1_score": 0.9378865286367303,
      "precision": 0.8834853090172239,
      "recall": 0.9994269340974212,
      "roc_auc": 0.9997079396946613,
      "pr_auc": 0.9996565899279982,
      "mae": 0.4999999999990275,
      "rmse": 0.4999999999990275,
      "ece": 0.4422499999990156,
      "mce": 0.49950641658339945,
      "round_time": 0.2807142734527588,
      "client_training_time": 0.07108545303344727,
      "edge_encryption_wall_time": 0.1632530689239502,
      "total_pure_encryption_time": 0.15328073501586914,
      "avg_encryption_per_client": 0.0038320183753967284,
      "server_aggregation_time": 0.027467012405395508,
      "internal_aggregation_time": 0.02621316909790039,
      "evaluation_time": 0.015819787979125977,
      "clients_processed": 40
    },
    {
      "round": 6,
      "accuracy": 0.941625,
      "f1_score": 0.9372564826011017,
      "precision": 0.8823678219074121,
      "recall": 0.9994269340974212,
      "roc_auc": 0.9997019993773786,
      "pr_auc": 0.9996504358498262,
      "mae": 0.4999999999990289,
      "rmse": 0.49999999999902883,
      "ece": 0.44162499999901694,
      "mce": 0.499505806769443,
      "round_time": 0.27644991874694824,
      "client_training_time": 0.06901717185974121,
      "edge_encryption_wall_time": 0.16385459899902344,
      "total_pure_encryption_time": 0.15013670921325684,
      "avg_encryption_per_client": 0.003753417730331421,
      "server_aggregation_time": 0.02906179428100586,
      "internal_aggregation_time": 0.02508258819580078,
      "evaluation_time": 0.014516353607177734,
      "clients_processed": 40
    },
    {
      "round": 7,
      "accuracy": 0.942375,
      "f1_score": 0.9380126395051768,
      "precision": 0.8837091461869775,
      "recall": 0.9994269340974212,
      "roc_auc": 0.9997046042223903,
      "pr_auc": 0.9996528768445311,
      "mae": 0.49999999999902867,
      "rmse": 0.49999999999902867,
      "ece": 0.44237499999901675,
      "mce": 0.4995065383656397,
      "round_time": 0.2839522361755371,
      "client_training_time": 0.08906435966491699,
      "edge_encryption_wall_time": 0.1556534767150879,
      "total_pure_encryption_time": 0.13938236236572266,
      "avg_encryption_per_client": 0.0034845590591430662,
      "server_aggregation_time": 0.02640986442565918,
      "internal_aggregation_time": 0.025398731231689453,
      "evaluation_time": 0.010766983032226562,
      "clients_processed": 40
    },
    {
      "round": 8,
      "accuracy": 0.941875,
      "f1_score": 0.9375083994086816,
      "precision": 0.882814477347507,
      "recall": 0.9994269340974212,
      "roc_auc": 0.9996997757291978,
      "pr_auc": 0.9996474942238579,
      "mae": 0.499999999999029,
      "rmse": 0.499999999999029,
      "ece": 0.44187499999901697,
      "mce": 0.49950605087575656,
      "round_time": 0.27532386779785156,
      "client_training_time": 0.06942200660705566,
      "edge_encryption_wall_time": 0.15771102905273438,
      "total_pure_encryption_time": 0.14112496376037598,
      "avg_encryption_per_client": 0.0035281240940093993,
      "server_aggregation_time": 0.029656648635864258,
      "internal_aggregation_time": 0.027593612670898438,
      "evaluation_time": 0.01706719398498535,
      "clients_processed": 40
    },
    {
      "round": 9,
      "accuracy": 0.943,
      "f1_score": 0.9386437029063509,
      "precision": 0.884830035514967,
      "recall": 0.9994269340974212,
      "roc_auc": 0.9997222981086283,
      "pr_auc": 0.9996726617987608,
      "mae": 0.49999999999903266,
      "rmse": 0.49999999999903266,
      "ece": 0.44312499999902133,
      "mce": 0.49950726779895455,
      "round_time": 0.2735002040863037,
      "client_training_time": 0.06815290451049805,
      "edge_encryption_wall_time": 0.16083598136901855,
      "total_pure_encryption_time": 0.1411294937133789,
      "avg_encryption_per_client": 0.0035282373428344727,
      "server_aggregation_time": 0.02915811538696289,
      "internal_aggregation_time": 0.027091503143310547,
      "evaluation_time": 0.015353202819824219,
      "clients_processed": 40
    },
    {
      "round": 10,
      "accuracy": 0.943,
      "f1_score": 0.9386437029063509,
      "precision": 0.884830035514967,
      "recall": 0.9994269340974212,
      "roc_auc": 0.9997022535085991,
      "pr_auc": 0.9996503424174239,
      "mae": 0.4999999999990289,
      "rmse": 0.49999999999902883,
      "ece": 0.4429999999990169,
      "mce": 0.4995071463765248,
      "round_time": 0.26983642578125,