{
  "pipeline_type": "edge_device_fl",
  "configuration": {
    "rounds": 10,
    "clients": 60,
    "patience": 999
  },
  "results": [
    {
      "round": 1,
      "accuracy": 0.98725,
      "f1_score": 0.9868838405486499,
      "precision": 0.9782460910944936,
      "recall": 0.9956754886697803,
      "roc_auc": 0.9996853446893513,
      "pr_auc": 0.9996929575698514,
      "mae": 0.49999999999899564,
      "rmse": 0.4999999999989956,
      "ece": 0.48724999999899443,
      "mce": 0.49591236101924063,
      "round_time": 0.5257582664489746,
      "client_training_time": 0.14484333992004395,
      "edge_encryption_wall_time": 0.31638073921203613,
      "total_pure_encryption_time": 0.27971649169921875,
      "avg_encryption_per_client": 0.004661941528320312,
      "server_aggregation_time": 0.04806399345397949,
      "internal_aggregation_time": 0.04806399345397949,
      "evaluation_time": 0.015761375427246094,
      "clients_processed": 60
    },
    {
      "round": 2,
      "accuracy": 0.9865,
      "f1_score": 0.9861230083947233,
      "precision": 0.9767520787374852,
      "recall": 0.9956754886697803,
      "roc_auc": 0.9996762631460208,
      "pr_auc": 0.9996846438379804,
      "mae": 0.49999999999899486,
      "rmse": 0.49999999999899486,
      "ece": 0.48649999999899357,
      "mce": 0.4959063369893027,
      "round_time": 0.6094255447387695,
      "client_training_time": 0.15394258499145508,
      "edge_encryption_wall_time": 0.38808655738830566,
      "total_pure_encryption_time": 0.33869433403015137,
      "avg_encryption_per_client": 0.00564490556716919,
      "server_aggregation_time": 0.05272173881530762,
      "internal_aggregation_time": 0.05052304267883301,
      "evaluation_time": 0.013607025146484375,
      "clients_processed": 60
    },
    {
      "round": 3,
      "accuracy": 0.988,
      "f1_score": 0.9876458476321208,
      "precision": 0.9797446808510638,
      "recall": 0.9956754886697803,
      "roc_auc": 0.9997084170942293,
      "pr_auc": 0.9997140114580679,
      "mae": 0.4999999999989954,
      "rmse": 0.49999999999899536,
      "ece": 0.4880833333323277,
      "mce": 0.49591903362612993,
      "round_time": 0.5012197494506836,
      "client_training_time": 0.1306922435760498,
      "edge_encryption_wall_time": 0.29846620559692383,
      "total_pure_encryption_time": 0.2728273868560791,
      "avg_encryption_per_client": 0.004547123114267985,
      "server_aggregation_time": 0.04199862480163574,
      "internal_aggregation_time": 0.04199862480163574,
      "evaluation_time": 0.024408817291259766,
      "clients_processed": 60
    },
    {
      "round": 4,
      "accuracy": 0.9874166666666667,
      "f1_score": 0.9870530738232016,
      "precision": 0.9785787147228834,
      "recall": 0.9956754886697803,
      "roc_auc": 0.9996929659538921,
      "pr_auc": 0.9996998058937268,
      "mae": 0.49999999999899386,
      "rmse": 0.49999999999899386,
      "ece": 0.4874166666656594,
      "mce": 0.49591369728565926,
      "round_time": 0.4980745315551758,
      "client_training_time": 0.14332365989685059,
      "edge_encryption_wall_time": 0.28983068466186523,
      "total_pure_encryption_time": 0.24616003036499023,
      "avg_encryption_per_client": 0.004102667172749837,
      "server_aggregation_time": 0.04261207580566406,
      "internal_aggregation_time": 0.04261207580566406,
      "evaluation_time": 0.0223081111907959,
      "clients_processed": 60
    },
    {
      "round": 5,
      "accuracy": 0.987,
      "f1_score": 0.9866300994172095,
      "precision": 0.9777475794122643,
      "recall": 0.9956754886697803,
      "roc_auc": 0.9996838844105616,
      "pr_auc": 0.9996917934198316,
      "mae": 0.49999999999899564,
      "rmse": 0.4999999999989957,
      "ece": 0.48699999999899435,
      "mce": 0.4959103549801537,
      "round_time": 0.5330328941345215,
      "client_training_time": 0.1424257755279541,
      "edge_encryption_wall_time": 0.3287944793701172,
      "total_pure_encryption_time": 0.2914392948150635,
      "avg_encryption_per_client": 0.004857321580251058,
      "server_aggregation_time": 0.04709291458129883,
      "internal_aggregation_time": 0.03732872009277344,
      "evaluation_time": 0.014719724655151367,
      "clients_processed": 60
    },
    {
      "round": 6,
      "accuracy": 0.9869166666666667,
      "f1_score": 0.9865455480332505,
      "precision": 0.9775815217391305,
      "recall": 0.9956754886697803,
      "roc_auc": 0.9996746220708094,
      "pr_auc": 0.9996834786771649,
      "mae": 0.4999999999989967,
      "rmse": 0.49999999999899664,
      "ece": 0.4869166666656621,
      "mce": 0.4959096858628404,
      "round_time": 0.5134029388427734,
      "client_training_time": 0.14450478553771973,
      "edge_encryption_wall_time": 0.30452537536621094,
      "total_pure_encryption_time": 0.2634389400482178,
      "avg_encryption_per_client": 0.00439064900080363,
      "server_aggregation_time": 0.048124074935913086,
      "internal_aggregation_time": 0.040541887283325195,
      "evaluation_time": 0.016248703002929688,
      "clients_processed": 60
    },
    {
      "round": 7,
      "accuracy": 0.9869166666666667,
      "f1_score": 0.9865455480332505,
      "precision": 0.9775815217391305,
      "recall": 0.9956754886697803,
      "roc_auc": 0.9996849970039251,
      "pr_auc": 0.9996925656931523,
      "mae": 0.49999999999899364,
      "rmse": 0.49999999999899364,
      "ece": 0.486916666665659,
      "mce": 0.4959096858628379,
      "round_time": 0.5240116119384766,
      "client_training_time": 0.15497207641601562,
      "edge_encryption_wall_time": 0.30753016471862793,
      "total_pure_encryption_time": 0.270953893661499,
      "avg_encryption_per_client": 0.00451589822769165,
      "server_aggregation_time": 0.0433199405670166,
      "internal_aggregation_time": 0.0433199405670166,
      "evaluation_time": 0.018189430236816406,
      "clients_processed": 60
    },
    {
      "round": 8,
      "accuracy": 0.987,
      "f1_score": 0.9866323907455012,
      "precision": 0.9775853285787061,
      "recall": 0.9958484691229891,
      "roc_auc": 0.99968591489345,
      "pr_auc": 0.9996934929191184,
      "mae": 0.499999999998995,
      "rmse": 0.499999999998995,
      "ece": 0.48699999999899374,
      "mce": 0.496072655865435,
      "round_time": 0.5560886859893799,
      "client_training_time": 0.15716838836669922,
      "edge_encryption_wall_time": 0.33664441108703613,
      "total_pure_encryption_time": 0.2982192039489746,
      "avg_encryption_per_client": 0.004970320065816243,
      "server_aggregation_time": 0.04562854766845703,
      "internal_aggregation_time": 0.04562854766845703,
      "evaluation_time": 0.0166473388671875,
      "clients_processed": 60
    },
    {
      "round": 9,
      "accuracy": 0.9868333333333333,
      "f1_score": 0.9864633310486635,
      "precision": 0.977253437446953,
      "recall": 0.9958484691229891,
      "roc_auc": 0.9996742465705492,
      "pr_auc": 0.9996836056822067,
      "mae": 0.49999999999899575,
      "rmse": 0.4999999999989957,
      "ece": 0.48683333333232776,
      "mce": 0.4960713701086395,
      "round_time": 0.5100390911102295,
      "client_training_time": 0.1506192684173584,
      "edge_encryption_wall_time": 0.2928898334503174,
      "total_pure_encryption_time": 0.2887721061706543,
      "avg_encryption_per_client": 0.004812868436177572,
      "server_aggregation_time": 0.050020694732666016,
      "internal_aggregation_time": 0.04874444007873535,
      "evaluation_time": 0.016509294509887695,
      "clients_processed": 60
    },
    {
      "round": 10,
      "accuracy": 0.9871666666666666,
      "f1_score": 0.9867992456711812,
      "precision": 0.9780798640611724,
      "recall": 0.9956754886697803,
      "roc_auc": 0.9996957891595523,
      "pr_auc": 0.999702791970549,
      "mae": 0.4999999999989961,
      "rmse": 0.4999999999989961,
      "ece": 0.48716666666566155,
      "mce": 0.4959116925582477,