{
  "pipeline_type": "edge_device_fl",
  "configuration": {
    "rounds": 3,
    "clients": 60,
    "patience": 999
  },
  "results": [
    {
      "round": 1,
      "accuracy": 0.98725,
      "f1_score": 0.9868838405486499,
      "precision": 0.9782460910944936,
      "recall": 0.9956754886697803,
      "roc_auc": 0.9996853446893513,
      "pr_auc": 0.9996929575698514,
      "mae": 0.49999999999899564,
      "rmse": 0.4999999999989956,
      "ece": 0.48724999999899443,
      "mce": 0.49591236101924063,
      "round_time": 0.5985379219055176,
      "client_training_time": 0.19911932945251465,
      "edge_encryption_wall_time": 0.33438611030578613,
      "total_pure_encryption_time": 0.29341769218444824,
      "avg_encryption_per_client": 0.0048902948697408044,
      "server_aggregation_time": 0.04020237922668457,
      "internal_aggregation_time": 0.04020237922668457,
      "evaluation_time": 0.024830102920532227,
      "clients_processed": 60
    },
    {
      "round": 2,
      "accuracy": 0.9865,
      "f1_score": 0.9861230083947233,
      "precision": 0.9767520787374852,
      "recall": 0.9956754886697803,
      "roc_auc": 0.9996762631460208,
      "pr_auc": 0.9996846438379804,
      "mae": 0.49999999999899486,
      "rmse": 0.49999999999899486,
      "ece": 0.48649999999899357,
      "mce": 0.4959063369893027,
      "round_time": 0.5747036933898926,
      "client_training_time": 0.1494452953338623,
      "edge_encryption_wall_time": 0.3494422435760498,
      "total_pure_encryption_time": 0.3101210594177246,
      "avg_encryption_per_client": 0.005168684323628743,
      "server_aggregation_time": 0.050550222396850586,
      "internal_aggregation_time": 0.04200315475463867,
      "evaluation_time": 0.025265932083129883,
      "clients_processed": 60
    },
    {
      "round": 3,
      "accuracy": 0.988,
      "f1_score": 0.9876458476321208,
      "precision": 0.9797446808510638,
      "recall": 0.9956754886697803,
      "roc_auc": 0.9997084170942294,
      "pr_auc": 0.9997140114580679,
      "mae": 0.4999999999989954,
      "rmse": 0.49999999999899536,
      "ece": 0.4880833333323277,
      "mce": 0.49591903362612993,
      "round_time": 0.48804450035095215,
      "client_training_time": 0.1315927505493164,
      "edge_encryption_wall_time": 0.2897307872772217,
      "total_pure_encryption_time": 0.260540246963501,
      "avg_encryption_per_client": 0.004342337449391683,
      "server_aggregation_time": 0.05008435249328613,
      "internal_aggregation_time": 0.042310237884521484,
      "evaluation_time": 0.01663661003112793,
      "clients_processed": 60
    }
  ],
  "final_statistics": {
    "final_accuracy": 0.988,
    "best_accuracy": 0.988,
    "total_time": 4.428502559661865,
    "avg_round_time": 0.5537620385487875,
    "avg_client_training_time": 0.1600524584452311,
    "avg_edge_encryption_wall_time": 0.32451971371968585,
    "avg_pure_encryption_time": 0.2880263328552246,
    "avg_encryption_per_client": 0.00480043888092041,
    "avg_server_aggregation_time": 0.046945651372273765,
    "avg_internal_aggregation_time": 0.04150525728861491,
    "avg_evaluation_time": 0.02224421501159668
  },
  "timing_statistics": {
    "total_client_training_time": 0.48015737533569336,
    "total_edge_encryption_wall_time": 0.9735591411590576,
    "total_pure_encryption_time": 0.8640789985656738,
    "total_server_aggregation_time": 0.1408369541168213,
    "total_internal_aggregation_time": 0.12451577186584473,
    "total_evaluation_time": 0.06673264503479004,
    "total_time": 4.428502559661865,
    "avg_round_time": 0.5537620385487875,
    "avg_client_training_time": 0.1600524584452311,
    "avg_edge_encryption_wall_time": 0.32451971371968585,
    "avg_pure_encryption_time": 0.2880263328552246,
    "avg_encryption_per_client": 0.00480043888092041,
    "avg_server_aggregation_time": 0.046945651372273765,
    "avg_internal_aggregation_time": 0.04150525728861491,
    "avg_evaluation_time": 0.02224421501159668
  },
  "architecture": {
    "clients": 60,
    "edge_devices": 60,
    "cloud_servers": 1,
    "data_flow": "Client \u2192 Edge \u2192 Cloud \u2192 Edge \u2192 Client"
  }
}