{
  "pipeline_type": "edge_device_fl",
  "configuration": {
    "rounds": 20,
    "clients": 10,
    "patience": 999
  },
  "results": [
    {
      "round": 1,
      "accuracy": 0.917,
      "f1_score": 0.9004796163069544,
      "precision": 0.8189749182115594,
      "recall": 1.0,
      "roc_auc": 0.9999936034046946,
      "pr_auc": 0.99998942035348,
      "mae": 0.49999999999896033,
      "rmse": 0.4999999999989603,
      "ece": 0.4169999999989378,
      "mce": 0.4999999999989847,
      "round_time": 0.0901029109954834,
      "client_training_time": 0.017356157302856445,
      "edge_encryption_wall_time": 0.04936861991882324,
      "total_pure_encryption_time": 0.04401659965515137,
      "avg_encryption_per_client": 0.004401659965515137,
      "server_aggregation_time": 0.008623838424682617,
      "internal_aggregation_time": 0.005979776382446289,
      "evaluation_time": 0.012533426284790039,
      "clients_processed": 10
    },
    {
      "round": 2,
      "accuracy": 0.916,
      "f1_score": 0.8994011976047904,
      "precision": 0.8171926006528836,
      "recall": 1.0,
      "roc_auc": 0.9999957356031297,
      "pr_auc": 0.9999929289776783,
      "mae": 0.4999999999989641,
      "rmse": 0.4999999999989641,
      "ece": 0.41599999999894144,
      "mce": 0.4999999999989866,
      "round_time": 0.08905482292175293,
      "client_training_time": 0.022074460983276367,
      "edge_encryption_wall_time": 0.04312920570373535,
      "total_pure_encryption_time": 0.03866457939147949,
      "avg_encryption_per_client": 0.0038664579391479493,
      "server_aggregation_time": 0.011543035507202148,
      "internal_aggregation_time": 0.01014399528503418,
      "evaluation_time": 0.010165691375732422,
      "clients_processed": 10
    },
    {
      "round": 3,
      "accuracy": 0.917,
      "f1_score": 0.9004796163069544,
      "precision": 0.8189749182115594,
      "recall": 1.0,
      "roc_auc": 0.9999946695039121,
      "pr_auc": 0.999991172341987,
      "mae": 0.4999999999989607,
      "rmse": 0.4999999999989607,
      "ece": 0.41699999999893816,
      "mce": 0.4999999999989866,
      "round_time": 0.07729792594909668,
      "client_training_time": 0.014322042465209961,
      "edge_encryption_wall_time": 0.04417753219604492,
      "total_pure_encryption_time": 0.04107499122619629,
      "avg_encryption_per_client": 0.0041074991226196286,
      "server_aggregation_time": 0.011995792388916016,
      "internal_aggregation_time": 0.009632587432861328,
      "evaluation_time": 0.006802558898925781,
      "clients_processed": 10
    },
    {
      "round": 4,
      "accuracy": 0.919,
      "f1_score": 0.9026442307692307,
      "precision": 0.8225629791894852,
      "recall": 1.0,
      "roc_auc": 0.9999946695039121,
      "pr_auc": 0.999991172341987,
      "mae": 0.49999999999895955,
      "rmse": 0.4999999999989595,
      "ece": 0.4189999999989372,
      "mce": 0.4999999999989882,
      "round_time": 0.08017158508300781,
      "client_training_time": 0.017528295516967773,
      "edge_encryption_wall_time": 0.042793989181518555,
      "total_pure_encryption_time": 0.04065895080566406,
      "avg_encryption_per_client": 0.004065895080566406,
      "server_aggregation_time": 0.01153254508972168,
      "internal_aggregation_time": 0.008376359939575195,
      "evaluation_time": 0.007268190383911133,
      "clients_processed": 10
    },
    {
      "round": 5,
      "accuracy": 0.915,
      "f1_score": 0.8983253588516746,
      "precision": 0.8154180238870793,
      "recall": 1.0,
      "roc_auc": 0.9999914712062592,
      "pr_auc": 0.9999859302444489,
      "mae": 0.4999999999989583,
      "rmse": 0.4999999999989582,
      "ece": 0.41499999999893566,
      "mce": 0.49999999999897954,
      "round_time": 0.08577299118041992,
      "client_training_time": 0.019203901290893555,
      "edge_encryption_wall_time": 0.04629111289978027,
      "total_pure_encryption_time": 0.03883790969848633,
      "avg_encryption_per_client": 0.0038837909698486326,
      "server_aggregation_time": 0.010804176330566406,
      "internal_aggregation_time": 0.0062673091888427734,
      "evaluation_time": 0.009473800659179688,
      "clients_processed": 10
    },
    {
      "round": 6,
      "accuracy": 0.916,
      "f1_score": 0.8994011976047904,
      "precision": 0.8171926006528836,
      "recall": 1.0,
      "roc_auc": 0.9999925373054769,
      "pr_auc": 0.9999876729937407,
      "mae": 0.4999999999989596,
      "rmse": 0.49999999999895955,
      "ece": 0.4159999999989364,
      "mce": 0.49999999999898237,
      "round_time": 0.08434867858886719,
      "client_training_time": 0.01727771759033203,
      "edge_encryption_wall_time": 0.045752525329589844,
      "total_pure_encryption_time": 0.03733491897583008,
      "avg_encryption_per_client": 0.0037334918975830077,
      "server_aggregation_time": 0.012429475784301758,
      "internal_aggregation_time": 0.01021718978881836,
      "evaluation_time": 0.008705377578735352,
      "clients_processed": 10
    },
    {
      "round": 7,
      "accuracy": 0.9145,
      "f1_score": 0.8977884040645547,
      "precision": 0.8145336225596529,
      "recall": 1.0,
      "roc_auc": 0.9999914712062593,
      "pr_auc": 0.9999859302444492,
      "mae": 0.49999999999896205,
      "rmse": 0.49999999999896205,
      "ece": 0.41449999999893916,
      "mce": 0.4999999999989823,
      "round_time": 0.09692811965942383,
      "client_training_time": 0.0198974609375,
      "edge_encryption_wall_time": 0.05892229080200195,
      "total_pure_encryption_time": 0.054306983947753906,
      "avg_encryption_per_client": 0.005430698394775391,
      "server_aggregation_time": 0.010732650756835938,
      "internal_aggregation_time": 0.006356716156005859,
      "evaluation_time": 0.0073757171630859375,
      "clients_processed": 10
    },
    {
      "round": 8,
      "accuracy": 0.917,
      "f1_score": 0.9004796163069544,
      "precision": 0.8189749182115594,
      "recall": 1.0,
      "roc_auc": 0.9999936034046946,
      "pr_auc": 0.99998942035348,
      "mae": 0.4999999999989567,
      "rmse": 0.49999999999895667,
      "ece": 0.41699999999893383,
      "mce": 0.49999999999898237,
      "round_time": 0.08127331733703613,
      "client_training_time": 0.017976999282836914,
      "edge_encryption_wall_time": 0.04368138313293457,
      "total_pure_encryption_time": 0.03752899169921875,
      "avg_encryption_per_client": 0.003752899169921875,
      "server_aggregation_time": 0.008065223693847656,
      "internal_aggregation_time": 0.005712270736694336,
      "evaluation_time": 0.010477781295776367,
      "clients_processed": 10
    },
    {
      "round": 9,
      "accuracy": 0.9155,
      "f1_score": 0.8988629563135847,
      "precision": 0.816304347826087,
      "recall": 1.0,
      "roc_auc": 0.9999904051070416,
      "pr_auc": 0.9999841920873822,
      "mae": 0.4999999999989609,
      "rmse": 0.49999999999896083,
      "ece": 0.41549999999893816,
      "mce": 0.4999999999989826,
      "round_time": 0.07879948616027832,
      "client_training_time": 0.017627954483032227,
      "edge_encryption_wall_time": 0.04237556457519531,
      "total_pure_encryption_time": 0.03819870948791504,
      "avg_encryption_per_client": 0.003819870948791504,
      "server_aggregation_time": 0.007791996002197266,
      "internal_aggregation_time": 0.005751371383666992,
      "evaluation_time": 0.009909391403198242,
      "clients_processed": 10
    },
    {
      "round": 10,
      "accuracy": 0.9145,
      "f1_score": 0.8977884040645547,
      "precision": 0.8145336225596529,
      "recall": 1.0,
      "roc_auc": 0.9999914712062593,
      "pr_auc": 0.9999859302444489,
      "mae": 0.49999999999895933,
      "rmse": 0.4999999999989593,
      "ece": 0.41449999999893605,
      "mce": 0.49999999999897915,
      "round_time": 0.08574056625366211,
      "client_training_time": 0.017684221267700195,
      "edge_encryption_wall_time": 0.04037904739379883,