{
  "pipeline_type": "edge_device_fl",
  "configuration": {
    "rounds": 10,
    "clients": 40,
    "patience": 999
  },
  "results": [
    {
      "round": 1,
      "accuracy": 0.942125,
      "f1_score": 0.937760451673612,
      "precision": 0.8832615852114459,
      "recall": 0.9994269340974212,
      "roc_auc": 0.9997059066448961,
      "pr_auc": 0.9996544824376435,
      "mae": 0.49999999999902855,
      "rmse": 0.49999999999902855,
      "ece": 0.44212499999901667,
      "mce": 0.49950629474103614,
      "round_time": 0.31047654151916504,
      "client_training_time": 0.08171367645263672,
      "edge_encryption_wall_time": 0.17999029159545898,
      "total_pure_encryption_time": 0.158217191696167,
      "avg_encryption_per_client": 0.003955429792404175,
      "server_aggregation_time": 0.03119683265686035,
      "internal_aggregation_time": 0.02915787696838379,
      "evaluation_time": 0.01549673080444336,
      "clients_processed": 40
    },
    {
      "round": 2,
      "accuracy": 0.942375,
      "f1_score": 0.9380126395051768,
      "precision": 0.8837091461869775,
      "recall": 0.9994269340974212,
      "roc_auc": 0.9997026347054301,
      "pr_auc": 0.999650610836355,
      "mae": 0.4999999999990267,
      "rmse": 0.49999999999902667,
      "ece": 0.44237499999901475,
      "mce": 0.49950653836563735,
      "round_time": 0.2931687831878662,
      "client_training_time": 0.07062482833862305,
      "edge_encryption_wall_time": 0.16974687576293945,
      "total_pure_encryption_time": 0.15076375007629395,
      "avg_encryption_per_client": 0.0037690937519073487,
      "server_aggregation_time": 0.029894113540649414,
      "internal_aggregation_time": 0.025443077087402344,
      "evaluation_time": 0.021898746490478516,
      "clients_processed": 40
    },
    {
      "round": 3,
      "accuracy": 0.941875,
      "f1_score": 0.9375083994086816,
      "precision": 0.882814477347507,
      "recall": 0.9994269340974212,
      "roc_auc": 0.9997080349938692,
      "pr_auc": 0.9996565981235155,
      "mae": 0.4999999999990278,
      "rmse": 0.4999999999990277,
      "ece": 0.44187499999901586,
      "mce": 0.49950605087575645,
      "round_time": 0.28502774238586426,
      "client_training_time": 0.06997561454772949,
      "edge_encryption_wall_time": 0.16730809211730957,
      "total_pure_encryption_time": 0.15262460708618164,
      "avg_encryption_per_client": 0.003815615177154541,
      "server_aggregation_time": 0.03278398513793945,
      "internal_aggregation_time": 0.03165435791015625,
      "evaluation_time": 0.012556076049804688,
      "clients_processed": 40
    },
    {
      "round": 4,
      "accuracy": 0.94225,
      "f1_score": 0.9378865286367303,
      "precision": 0.8834853090172239,
      "recall": 0.9994269340974212,
      "roc_auc": 0.9997113704661402,
      "pr_auc": 0.9996604406090003,
      "mae": 0.499999999999029,
      "rmse": 0.499999999999029,
      "ece": 0.4422499999990173,
      "mce": 0.49950641658340056,
      "round_time": 0.32735490798950195,
      "client_training_time": 0.09053158760070801,
      "edge_encryption_wall_time": 0.1888878345489502,
      "total_pure_encryption_time": 0.17087149620056152,
      "avg_encryption_per_client": 0.004271787405014038,
      "server_aggregation_time": 0.03081035614013672,
      "internal_aggregation_time": 0.02774190902709961,
      "evaluation_time": 0.014833211898803711,
      "clients_processed": 40
    },
    {
      "round": 5,
      "accuracy": 0.94225,
      "f1_score": 0.9378865286367303,
      "precision": 0.8834853090172239,
      "recall": 0.9994269340974212,
      "roc_auc": 0.9997079396946613,
      "pr_auc": 0.9996565899279982,
      "mae": 0.4999999999990275,
      "rmse": 0.4999999999990275,
      "ece": 0.4422499999990156,
      "mce": 0.49950641658339945,
      "round_time": 0.4129984378814697,
      "client_training_time": 0.11023950576782227,
      "edge_encryption_wall_time": 0.23008275032043457,
      "total_pure_encryption_time": 0.20905709266662598,
      "avg_encryption_per_client": 0.005226427316665649,
      "server_aggregation_time": 0.043359994888305664,
      "internal_aggregation_time": 0.03879117965698242,
      "evaluation_time": 0.02689838409423828,
      "clients_processed": 40
    },
    {
      "round": 6,
      "accuracy": 0.941625,
      "f1_score": 0.9372564826011017,
      "precision": 0.8823678219074121,
      "recall": 0.9994269340974212,
      "roc_auc": 0.9997019993773786,
      "pr_auc": 0.9996504358498262,
      "mae": 0.4999999999990289,
      "rmse": 0.49999999999902883,
      "ece": 0.44162499999901694,
      "mce": 0.499505806769443,
      "round_time": 0.45594358444213867,
      "client_training_time": 0.1269545555114746,
      "edge_encryption_wall_time": 0.2535400390625,
      "total_pure_encryption_time": 0.23300623893737793,
      "avg_encryption_per_client": 0.005825155973434448,
      "server_aggregation_time": 0.04945945739746094,
      "internal_aggregation_time": 0.04539203643798828,
      "evaluation_time": 0.022576332092285156,
      "clients_processed": 40
    },
    {
      "round": 7,
      "accuracy": 0.942375,
      "f1_score": 0.9380126395051768,
      "precision": 0.8837091461869775,
      "recall": 0.9994269340974212,
      "roc_auc": 0.9997046042223903,
      "pr_auc": 0.9996528768445311,
      "mae": 0.49999999999902867,
      "rmse": 0.49999999999902867,
      "ece": 0.44237499999901675,
      "mce": 0.4995065383656397,
      "round_time": 0.4096207618713379,
      "client_training_time": 0.09394264221191406,
      "edge_encryption_wall_time": 0.24514365196228027,
      "total_pure_encryption_time": 0.2256622314453125,
      "avg_encryption_per_client": 0.005641555786132813,
      "server_aggregation_time": 0.053429365158081055,
      "internal_aggregation_time": 0.051045894622802734,
      "evaluation_time": 0.016103506088256836,
      "clients_processed": 40
    },
    {
      "round": 8,
      "accuracy": 0.941875,
      "f1_score": 0.9375083994086816,
      "precision": 0.882814477347507,
      "recall": 0.9994269340974212,
      "roc_auc": 0.9996997757291978,
      "pr_auc": 0.9996474942238579,
      "mae": 0.499999999999029,
      "rmse": 0.499999999999029,
      "ece": 0.44187499999901697,
      "mce": 0.49950605087575656,
      "round_time": 0.4023587703704834,
      "client_training_time": 0.08348941802978516,
      "edge_encryption_wall_time": 0.25353550910949707,
      "total_pure_encryption_time": 0.2338240146636963,
      "avg_encryption_per_client": 0.005845600366592407,
      "server_aggregation_time": 0.04091596603393555,
      "internal_aggregation_time": 0.03523993492126465,
      "evaluation_time": 0.0223696231842041,
      "clients_processed": 40
    },
    {
      "round": 9,
      "accuracy": 0.943,
      "f1_score": 0.9386437029063509,
      "precision": 0.884830035514967,
      "recall": 0.9994269340974212,
      "roc_auc": 0.9997222981086283,
      "pr_auc": 0.9996726617987608,
      "mae": 0.49999999999903266,
      "rmse": 0.49999999999903266,
      "ece": 0.44312499999902133,
      "mce": 0.49950726779895455,
      "round_time": 0.4941422939300537,
      "client_training_time": 0.1616983413696289,
      "edge_encryption_wall_time": 0.2669947147369385,
      "total_pure_encryption_time": 0.2512195110321045,
      "avg_encryption_per_client": 0.006280487775802613,
      "server_aggregation_time": 0.046967267990112305,
      "internal_aggregation_time": 0.04264688491821289,
      "evaluation_time": 0.0159451961517334,
      "clients_processed": 40
    },
    {
      "round": 10,
      "accuracy": 0.943,
      "f1_score": 0.9386437029063509,
      "precision": 0.884830035514967,
      "recall": 0.9994269340974212,
      "roc_auc": 0.9997022535085991,
      "pr_auc": 0.9996503424174239,
      "mae": 0.4999999999990289,
      "rmse": 0.49999999999902883,
      "ece": 0.4429999999990169,
      "mce": 0.4995071463765248,
      "round_time": 0.4505336284637451,