{
  "pipeline_type": "edge_device_fl",
  "configuration": {
    "rounds": 3,
    "clients": 4,
    "patience": 999
  },
  "results": [
    {
      "round": 1,
      "accuracy": 0.885,
      "f1_score": 0.8743169398907104,
      "precision": 0.7766990291262136,
      "recall": 1.0,
      "roc_auc": 0.9999934895833333,
      "pr_auc": 0.9999902647975079,
      "mae": 0.4999999999988844,
      "rmse": 0.49999999999888434,
      "ece": 0.3849999999988351,
      "mce": 0.4999999999988615,
      "round_time": 0.049532175064086914,
      "client_training_time": 0.008093595504760742,
      "edge_encryption_wall_time": 0.01646256446838379,
      "total_pure_encryption_time": 0.01646256446838379,
      "avg_encryption_per_client": 0.004115641117095947,
      "server_aggregation_time": 0.016816377639770508,
      "internal_aggregation_time": 0.012630939483642578,
      "evaluation_time": 0.008159637451171875,
      "clients_processed": 4
    },
    {
      "round": 2,
      "accuracy": 0.885,
      "f1_score": 0.8743169398907104,
      "precision": 0.7766990291262136,
      "recall": 1.0,
      "roc_auc": 0.9999739583333332,
      "pr_auc": 0.9999614197530863,
      "mae": 0.49999999999888944,
      "rmse": 0.4999999999988895,
      "ece": 0.38499999999883994,
      "mce": 0.4999999999988688,
      "round_time": 0.04097247123718262,
      "client_training_time": 0.008087873458862305,
      "edge_encryption_wall_time": 0.016788244247436523,
      "total_pure_encryption_time": 0.01599264144897461,
      "avg_encryption_per_client": 0.003998160362243652,
      "server_aggregation_time": 0.012306928634643555,
      "internal_aggregation_time": 0.002243518829345703,
      "evaluation_time": 0.0037894248962402344,
      "clients_processed": 4
    },
    {
      "round": 3,
      "accuracy": 0.885,
      "f1_score": 0.8743169398907104,
      "precision": 0.7766990291262136,
      "recall": 1.0,
      "roc_auc": 0.9999869791666667,
      "pr_auc": 0.9999805900621118,
      "mae": 0.4999999999988847,
      "rmse": 0.49999999999888467,
      "ece": 0.3849999999988343,
      "mce": 0.49999999999886535,
      "round_time": 0.05012917518615723,
      "client_training_time": 0.016571044921875,
      "edge_encryption_wall_time": 0.0165560245513916,
      "total_pure_encryption_time": 0.008191108703613281,
      "avg_encryption_per_client": 0.0020477771759033203,
      "server_aggregation_time": 0.008246898651123047,
      "internal_aggregation_time": 0.0,
      "evaluation_time": 0.008755207061767578,
      "clients_processed": 4
    }
  ],
  "final_statistics": {
    "final_accuracy": 0.885,
    "best_accuracy": 0.885,
    "total_time": 1.9654452800750732,
    "avg_round_time": 0.04687794049580892,
    "avg_client_training_time": 0.01091750462849935,
    "avg_edge_encryption_wall_time": 0.016602277755737305,
    "avg_pure_encryption_time": 0.013548771540323893,
    "avg_encryption_per_client": 0.003387192885080973,
    "avg_server_aggregation_time": 0.012456734975179037,
    "avg_internal_aggregation_time": 0.004958152770996094,
    "avg_evaluation_time": 0.0069014231363932295
  },
  "timing_statistics": {
    "total_client_training_time": 0.03275251388549805,
    "total_edge_encryption_wall_time": 0.049806833267211914,
    "total_pure_encryption_time": 0.04064631462097168,
    "total_server_aggregation_time": 0.03737020492553711,
    "total_internal_aggregation_time": 0.014874458312988281,
    "total_evaluation_time": 0.020704269409179688,
    "total_time": 1.9654452800750732,
    "avg_round_time": 0.04687794049580892,
    "avg_client_training_time": 0.01091750462849935,
    "avg_edge_encryption_wall_time": 0.016602277755737305,
    "avg_pure_encryption_time": 0.013548771540323893,
    "avg_encryption_per_client": 0.003387192885080973,
    "avg_server_aggregation_time": 0.012456734975179037,
    "avg_internal_aggregation_time": 0.004958152770996094,
    "avg_evaluation_time": 0.0069014231363932295
  },
  "architecture": {
    "clients": 4,
    "edge_devices": 4,
    "cloud_servers": 1,
    "data_flow": "Client \u2192 Edge \u2192 Cloud \u2192 Edge \u2192 Client"
  }
}