{
  "pipeline_type": "edge_device_fl",
  "configuration": {
    "rounds": 20,
    "clients": 50,
    "patience": 999
  },
  "results": [
    {
      "round": 1,
      "accuracy": 0.9318,
      "f1_score": 0.9267768949967791,
      "precision": 0.8635454181672669,
      "recall": 1.0,
      "roc_auc": 0.9997510816828729,
      "pr_auc": 0.9996983324763068,
      "mae": 0.4999999999990086,
      "rmse": 0.49999999999900857,
      "ece": 0.4317999999989951,
      "mce": 0.4999999999989659,
      "round_time": 0.3724524974822998,
      "client_training_time": 0.08743095397949219,
      "edge_encryption_wall_time": 0.2260880470275879,
      "total_pure_encryption_time": 0.2074599266052246,
      "avg_encryption_per_client": 0.004149198532104492,
      "server_aggregation_time": 0.03989076614379883,
      "internal_aggregation_time": 0.03742814064025879,
      "evaluation_time": 0.01700282096862793,
      "clients_processed": 50
    },
    {
      "round": 2,
      "accuracy": 0.9316,
      "f1_score": 0.9265779304422499,
      "precision": 0.8632,
      "recall": 1.0,
      "roc_auc": 0.999751448548484,
      "pr_auc": 0.9996987793170329,
      "mae": 0.49999999999900985,
      "rmse": 0.4999999999990098,
      "ece": 0.43159999999899623,
      "mce": 0.4999999999989666,
      "round_time": 0.369781494140625,
      "client_training_time": 0.09226632118225098,
      "edge_encryption_wall_time": 0.22130250930786133,
      "total_pure_encryption_time": 0.2021174430847168,
      "avg_encryption_per_client": 0.004042348861694336,
      "server_aggregation_time": 0.03597140312194824,
      "internal_aggregation_time": 0.03236865997314453,
      "evaluation_time": 0.01894092559814453,
      "clients_processed": 50
    },
    {
      "round": 3,
      "accuracy": 0.9315,
      "f1_score": 0.9264784801974885,
      "precision": 0.8630273945210958,
      "recall": 1.0,
      "roc_auc": 0.9997558101729714,
      "pr_auc": 0.9997037736919487,
      "mae": 0.49999999999900874,
      "rmse": 0.4999999999990087,
      "ece": 0.43149999999899513,
      "mce": 0.4999999999989655,
      "round_time": 0.46009397506713867,
      "client_training_time": 0.0966024398803711,
      "edge_encryption_wall_time": 0.29804420471191406,
      "total_pure_encryption_time": 0.27845239639282227,
      "avg_encryption_per_client": 0.005569047927856445,
      "server_aggregation_time": 0.04852724075317383,
      "internal_aggregation_time": 0.045244693756103516,
      "evaluation_time": 0.015901803970336914,
      "clients_processed": 50
    },
    {
      "round": 4,
      "accuracy": 0.9323,
      "f1_score": 0.927274680416801,
      "precision": 0.8644101742439415,
      "recall": 1.0,
      "roc_auc": 0.9997439889477251,
      "pr_auc": 0.9996906645611553,
      "mae": 0.49999999999900857,
      "rmse": 0.4999999999990085,
      "ece": 0.43229999999899504,
      "mce": 0.49999999999896555,
      "round_time": 0.34027719497680664,
      "client_training_time": 0.08189058303833008,
      "edge_encryption_wall_time": 0.20358586311340332,
      "total_pure_encryption_time": 0.17922425270080566,
      "avg_encryption_per_client": 0.0035844850540161133,
      "server_aggregation_time": 0.03427886962890625,
      "internal_aggregation_time": 0.032613515853881836,
      "evaluation_time": 0.019265174865722656,
      "clients_processed": 50
    },
    {
      "round": 5,
      "accuracy": 0.9316,
      "f1_score": 0.9265779304422499,
      "precision": 0.8632,
      "recall": 1.0,
      "roc_auc": 0.9997567477184219,
      "pr_auc": 0.9997047181444753,
      "mae": 0.499999999999008,
      "rmse": 0.499999999999008,
      "ece": 0.4315999999989946,
      "mce": 0.49999999999896516,
      "round_time": 0.4777514934539795,
      "client_training_time": 0.18251776695251465,
      "edge_encryption_wall_time": 0.23831796646118164,
      "total_pure_encryption_time": 0.21294641494750977,
      "avg_encryption_per_client": 0.004258928298950196,
      "server_aggregation_time": 0.0346684455871582,
      "internal_aggregation_time": 0.030422687530517578,
      "evaluation_time": 0.02000570297241211,
      "clients_processed": 50
    },
    {
      "round": 6,
      "accuracy": 0.9318,
      "f1_score": 0.9267768949967791,
      "precision": 0.8635454181672669,
      "recall": 1.0,
      "roc_auc": 0.9997518765583636,
      "pr_auc": 0.9996992686582499,
      "mae": 0.4999999999990079,
      "rmse": 0.49999999999900785,
      "ece": 0.4317999999989942,
      "mce": 0.49999999999896577,
      "round_time": 0.3626267910003662,
      "client_training_time": 0.09374785423278809,
      "edge_encryption_wall_time": 0.21452617645263672,
      "total_pure_encryption_time": 0.19426774978637695,
      "avg_encryption_per_client": 0.003885354995727539,
      "server_aggregation_time": 0.03448224067687988,
      "internal_aggregation_time": 0.032421112060546875,
      "evaluation_time": 0.019870519638061523,
      "clients_processed": 50
    },
    {
      "round": 7,
      "accuracy": 0.9313,
      "f1_score": 0.9262796437385986,
      "precision": 0.8626823905656607,
      "recall": 1.0,
      "roc_auc": 0.9997601921788817,
      "pr_auc": 0.9997085509746497,
      "mae": 0.4999999999990091,
      "rmse": 0.49999999999900907,
      "ece": 0.4312999999989957,
      "mce": 0.499999999998966,
      "round_time": 0.3397350311279297,
      "client_training_time": 0.08631396293640137,
      "edge_encryption_wall_time": 0.20038342475891113,
      "total_pure_encryption_time": 0.18460607528686523,
      "avg_encryption_per_client": 0.0036921215057373045,
      "server_aggregation_time": 0.03448987007141113,
      "internal_aggregation_time": 0.032145023345947266,
      "evaluation_time": 0.018547773361206055,
      "clients_processed": 50
    },
    {
      "round": 8,
      "accuracy": 0.9322,
      "f1_score": 0.9271750805585393,
      "precision": 0.8642370845014017,
      "recall": 1.0,
      "roc_auc": 0.9997518765583637,
      "pr_auc": 0.9996993108042281,
      "mae": 0.49999999999900985,
      "rmse": 0.4999999999990098,
      "ece": 0.4321999999989966,
      "mce": 0.4999999999989675,
      "round_time": 0.34520459175109863,
      "client_training_time": 0.09231829643249512,
      "edge_encryption_wall_time": 0.2040245532989502,
      "total_pure_encryption_time": 0.18092894554138184,
      "avg_encryption_per_client": 0.0036185789108276367,
      "server_aggregation_time": 0.03589820861816406,
      "internal_aggregation_time": 0.0343317985534668,
      "evaluation_time": 0.011896610260009766,
      "clients_processed": 50
    },
    {
      "round": 9,
      "accuracy": 0.9318,
      "f1_score": 0.9267768949967791,
      "precision": 0.8635454181672669,
      "recall": 1.0,
      "roc_auc": 0.9997485340050181,
      "pr_auc": 0.9996954087204708,
      "mae": 0.49999999999900757,
      "rmse": 0.49999999999900757,
      "ece": 0.431799999998994,
      "mce": 0.49999999999896466,
      "round_time": 0.34148240089416504,
      "client_training_time": 0.08828186988830566,
      "edge_encryption_wall_time": 0.20144057273864746,
      "total_pure_encryption_time": 0.18035387992858887,
      "avg_encryption_per_client": 0.0036070775985717774,
      "server_aggregation_time": 0.03360462188720703,
      "internal_aggregation_time": 0.032582759857177734,
      "evaluation_time": 0.017143726348876953,
      "clients_processed": 50
    },
    {
      "round": 10,
      "accuracy": 0.9321,
      "f1_score": 0.9270755020942971,
      "precision": 0.8640640640640641,
      "recall": 1.0,
      "roc_auc": 0.999750184900268,
      "pr_auc": 0.9996974432300841,
      "mae": 0.4999999999990092,
      "rmse": 0.4999999999990092,
      "ece": 0.43209999999899573,
      "mce": 0.49999999999896677,
      "round_time": 0.3626065254211426,
      "client_training_time": 0.08867549896240234,
      "edge_encryption_wall_time": 0.21720051765441895,
      "total_pure_encryption_time": 0.1970369815826416,