{
  "pipeline_type": "edge_device_fl",
  "configuration": {
    "rounds": 20,
    "clients": 30,
    "patience": 999
  },
  "results": [
    {
      "round": 1,
      "accuracy": 0.9516666666666667,
      "f1_score": 0.9485633203263568,
      "precision": 0.9027683997299122,
      "recall": 0.9992526158445441,
      "roc_auc": 0.9997366505138153,
      "pr_auc": 0.9997004855382107,
      "mae": 0.4999999999990388,
      "rmse": 0.4999999999990387,
      "ece": 0.4516666666656956,
      "mce": 0.49934167215175373,
      "round_time": 0.21919512748718262,
      "client_training_time": 0.05312061309814453,
      "edge_encryption_wall_time": 0.13219785690307617,
      "total_pure_encryption_time": 0.11731696128845215,
      "avg_encryption_per_client": 0.003910565376281738,
      "server_aggregation_time": 0.022073030471801758,
      "internal_aggregation_time": 0.019889116287231445,
      "evaluation_time": 0.011803627014160156,
      "clients_processed": 30
    },
    {
      "round": 2,
      "accuracy": 0.9516666666666667,
      "f1_score": 0.9485633203263568,
      "precision": 0.9027683997299122,
      "recall": 0.9992526158445441,
      "roc_auc": 0.999731816350355,
      "pr_auc": 0.9996947418218468,
      "mae": 0.499999999999039,
      "rmse": 0.49999999999903894,
      "ece": 0.45166666666569566,
      "mce": 0.49934167215175235,
      "round_time": 0.22603487968444824,
      "client_training_time": 0.05383586883544922,
      "edge_encryption_wall_time": 0.13493013381958008,
      "total_pure_encryption_time": 0.12511777877807617,
      "avg_encryption_per_client": 0.0041705926259358725,
      "server_aggregation_time": 0.022642850875854492,
      "internal_aggregation_time": 0.0196225643157959,
      "evaluation_time": 0.013618230819702148,
      "clients_processed": 30
    },
    {
      "round": 3,
      "accuracy": 0.9513333333333334,
      "f1_score": 0.9482269503546099,
      "precision": 0.9021592442645074,
      "recall": 0.9992526158445441,
      "roc_auc": 0.9997348517553185,
      "pr_auc": 0.9996983998883704,
      "mae": 0.49999999999904005,
      "rmse": 0.49999999999904,
      "ece": 0.45133333333236353,
      "mce": 0.49934123847069534,
      "round_time": 0.22126078605651855,
      "client_training_time": 0.05889010429382324,
      "edge_encryption_wall_time": 0.12635087966918945,
      "total_pure_encryption_time": 0.10978317260742188,
      "avg_encryption_per_client": 0.0036594390869140623,
      "server_aggregation_time": 0.02495741844177246,
      "internal_aggregation_time": 0.02291131019592285,
      "evaluation_time": 0.011062383651733398,
      "clients_processed": 30
    },
    {
      "round": 4,
      "accuracy": 0.9506666666666667,
      "f1_score": 0.9475549255846917,
      "precision": 0.9009433962264151,
      "recall": 0.9992526158445441,
      "roc_auc": 0.9997287247341885,
      "pr_auc": 0.99969193912625,
      "mae": 0.49999999999904005,
      "rmse": 0.49999999999904,
      "ece": 0.45066666666569655,
      "mce": 0.4993403693921609,
      "round_time": 0.22308349609375,
      "client_training_time": 0.05729985237121582,
      "edge_encryption_wall_time": 0.12670421600341797,
      "total_pure_encryption_time": 0.11369037628173828,
      "avg_encryption_per_client": 0.0037896792093912762,
      "server_aggregation_time": 0.02231574058532715,
      "internal_aggregation_time": 0.021306276321411133,
      "evaluation_time": 0.015757322311401367,
      "clients_processed": 30
    },
    {
      "round": 5,
      "accuracy": 0.952,
      "f1_score": 0.9489180560482441,
      "precision": 0.9031060094530723,
      "recall": 0.999626307922272,
      "roc_auc": 0.999742327845321,
      "pr_auc": 0.9997061183087183,
      "mae": 0.49999999999903944,
      "rmse": 0.49999999999903944,
      "ece": 0.4519999999990298,
      "mce": 0.4996708360753878,
      "round_time": 0.3148386478424072,
      "client_training_time": 0.12865042686462402,
      "edge_encryption_wall_time": 0.14841914176940918,
      "total_pure_encryption_time": 0.1326282024383545,
      "avg_encryption_per_client": 0.004420940081278483,
      "server_aggregation_time": 0.022394657135009766,
      "internal_aggregation_time": 0.020218849182128906,
      "evaluation_time": 0.014075279235839844,
      "clients_processed": 30
    },
    {
      "round": 6,
      "accuracy": 0.9513333333333334,
      "f1_score": 0.9482269503546099,
      "precision": 0.9021592442645074,
      "recall": 0.9992526158445441,
      "roc_auc": 0.999735975979379,
      "pr_auc": 0.9996998023692379,
      "mae": 0.4999999999990384,
      "rmse": 0.4999999999990383,
      "ece": 0.4513333333323616,
      "mce": 0.499341238470694,
      "round_time": 0.2097761631011963,
      "client_training_time": 0.054047346115112305,
      "edge_encryption_wall_time": 0.12091636657714844,
      "total_pure_encryption_time": 0.11193466186523438,
      "avg_encryption_per_client": 0.0037311553955078126,
      "server_aggregation_time": 0.022230148315429688,
      "internal_aggregation_time": 0.019015073776245117,
      "evaluation_time": 0.010519027709960938,
      "clients_processed": 30
    },
    {
      "round": 7,
      "accuracy": 0.9513333333333334,
      "f1_score": 0.9482269503546099,
      "precision": 0.9021592442645074,
      "recall": 0.9992526158445441,
      "roc_auc": 0.9997261952300522,
      "pr_auc": 0.9996887269192418,
      "mae": 0.49999999999903955,
      "rmse": 0.4999999999990395,
      "ece": 0.45133333333236286,
      "mce": 0.4993412384706939,
      "round_time": 0.20899391174316406,
      "client_training_time": 0.05046844482421875,
      "edge_encryption_wall_time": 0.12271595001220703,
      "total_pure_encryption_time": 0.1135554313659668,
      "avg_encryption_per_client": 0.0037851810455322267,
      "server_aggregation_time": 0.0215299129486084,
      "internal_aggregation_time": 0.01759195327758789,
      "evaluation_time": 0.013123512268066406,
      "clients_processed": 30
    },
    {
      "round": 8,
      "accuracy": 0.9511666666666667,
      "f1_score": 0.9480588548129765,
      "precision": 0.9018549747048904,
      "recall": 0.9992526158445441,
      "roc_auc": 0.9997371564146427,
      "pr_auc": 0.9997008199760175,
      "mae": 0.499999999999041,
      "rmse": 0.499999999999041,
      "ece": 0.4511666666656978,
      "mce": 0.499341021415826,
      "round_time": 0.23312020301818848,
      "client_training_time": 0.05416250228881836,
      "edge_encryption_wall_time": 0.14054012298583984,
      "total_pure_encryption_time": 0.1272904872894287,
      "avg_encryption_per_client": 0.004243016242980957,
      "server_aggregation_time": 0.02675652503967285,
      "internal_aggregation_time": 0.023602962493896484,
      "evaluation_time": 0.010533809661865234,
      "clients_processed": 30
    },
    {
      "round": 9,
      "accuracy": 0.9513333333333334,
      "f1_score": 0.9482269503546099,
      "precision": 0.9021592442645074,
      "recall": 0.9992526158445441,
      "roc_auc": 0.999735638712161,
      "pr_auc": 0.9996994792195454,
      "mae": 0.4999999999990379,
      "rmse": 0.4999999999990379,
      "ece": 0.45133333333236136,
      "mce": 0.4993412384706926,
      "round_time": 0.21269440650939941,
      "client_training_time": 0.05373835563659668,
      "edge_encryption_wall_time": 0.12404346466064453,
      "total_pure_encryption_time": 0.10985636711120605,
      "avg_encryption_per_client": 0.0036618789037068684,
      "server_aggregation_time": 0.020885705947875977,
      "internal_aggregation_time": 0.018298864364624023,
      "evaluation_time": 0.011463403701782227,
      "clients_processed": 30
    },
    {
      "round": 10,
      "accuracy": 0.951,
      "f1_score": 0.9478908188585607,
      "precision": 0.9015509103169251,
      "recall": 0.9992526158445441,
      "roc_auc": 0.9997313666607307,
      "pr_auc": 0.9996947942997653,
      "mae": 0.49999999999904016,
      "rmse": 0.4999999999990401,
      "ece": 0.45099999999903023,