{
  "client_id": null,
  "round_id": 0,
  "num_samples": 0,
  "weight_delta": [
    1121.5411342479674,
    2666.330930201107,
    -3081.6992803302646,
    -13338.165554043593
  ],
  "bias_delta": -16546.896340753097,
  "ctx_ref": "v1",
  "created_at": 1756409417
}