{
  "round_id": 0,
  "num_clients": 3,
  "aggregation_time_seconds": 0.006837368011474609,
  "total_time_seconds": 0.17766928672790527,
  "timestamp": 1757028783
}