{
  "round_id": 1,
  "num_clients": 3,
  "aggregation_time_seconds": 0.004026651382446289,
  "total_time_seconds": 0.15741348266601562,
  "timestamp": 1757028784
}