{
  "pipeline_info": {
    "type": "plaintext",
    "rounds": 20,
    "clients": 60,
    "timestamp": "2025-09-16 12:16:48",
    "total_samples": 12000,
    "one_class_clients": 17,
    "one_class_percentage": 28.333333333333332
  },
  "final_performance": {
    "accuracy": 0.9878333333333333,
    "f1_score": 0.9874721125793718,
    "precision": 0.9797377830750894,
    "recall": 0.9953295277633627,
    "auc": 0.9997109760589658,
    "pr_auc": 0.999715294084862,
    "mae": 0.0880285315442026,
    "rmse": 0.15448268377690733,
    "ece": 0.08447882691357851,
    "mce": 0.49318973645700603
  },
  "performance_trends": {
    "initial_accuracy": 0.9878333333333333,
    "final_accuracy": 0.9878333333333333,
    "accuracy_improvement": 0.0,
    "best_accuracy": 0.9878333333333333,
    "final_f1": 0.9874721125793718,
    "best_f1": 0.9874721125793718
  },
  "timing_statistics": {
    "total_encryption_time": 0.0,
    "total_aggregation_time": 0.004279136657714844,
    "total_evaluation_time": 0.38271641731262207,
    "total_time": 1.9576835632324219,
    "avg_round_time": 0.0978841781616211,
    "avg_encryption_time": 0.0,
    "avg_aggregation_time": 0.00021395683288574218
  },
  "round_details": [
    {
      "round": 1,
      "accuracy": 0.9878333333333333,
      "f1_score": 0.9874721125793718,
      "precision": 0.9797377830750894,
      "recall": 0.9953295277633627,
      "auc": 0.9997109760589658,
      "pr_auc": 0.999715294084862,
      "ece": 0.08447882691357851,
      "mce": 0.49318973645700603,
      "mae": 0.0880285315442026,
      "rmse": 0.15448268377690733,
      "encryption_time": 0.0,
      "aggregation_time": 0.0,
      "evaluation_time": 0.018492460250854492,
      "total_time": 0.09669280052185059
    },
    {
      "round": 2,
      "accuracy": 0.9878333333333333,
      "f1_score": 0.9874721125793718,
      "precision": 0.9797377830750894,
      "recall": 0.9953295277633627,
      "auc": 0.9997109760589658,
      "pr_auc": 0.999715294084862,
      "ece": 0.08447882691357851,
      "mce": 0.49318973645700603,
      "mae": 0.0880285315442026,
      "rmse": 0.15448268377690733,
      "encryption_time": 0.0,
      "aggregation_time": 0.0,
      "evaluation_time": 0.019454002380371094,
      "total_time": 0.09971165657043457
    },
    {
      "round": 3,
      "accuracy": 0.9878333333333333,
      "f1_score": 0.9874721125793718,
      "precision": 0.9797377830750894,
      "recall": 0.9953295277633627,
      "auc": 0.9997109760589658,
      "pr_auc": 0.999715294084862,
      "ece": 0.08447882691357851,
      "mce": 0.49318973645700603,
      "mae": 0.0880285315442026,
      "rmse": 0.15448268377690733,
      "encryption_time": 0.0,
      "aggregation_time": 0.0,
      "evaluation_time": 0.015246868133544922,
      "total_time": 0.08605217933654785
    },
    {
      "round": 4,
      "accuracy": 0.9878333333333333,
      "f1_score": 0.9874721125793718,
      "precision": 0.9797377830750894,
      "recall": 0.9953295277633627,
      "auc": 0.9997109760589658,
      "pr_auc": 0.999715294084862,
      "ece": 0.08447882691357851,
      "mce": 0.49318973645700603,
      "mae": 0.0880285315442026,
      "rmse": 0.15448268377690733,
      "encryption_time": 0.0,
      "aggregation_time": 0.0,
      "evaluation_time": 0.0193331241607666,
      "total_time": 0.08599853515625
    },
    {
      "round": 5,
      "accuracy": 0.9878333333333333,
      "f1_score": 0.9874721125793718,
      "precision": 0.9797377830750894,
      "recall": 0.9953295277633627,
      "auc": 0.9997109760589658,
      "pr_auc": 0.999715294084862,
      "ece": 0.08447882691357851,
      "mce": 0.49318973645700603,
      "mae": 0.0880285315442026,
      "rmse": 0.15448268377690733,
      "encryption_time": 0.0,
      "aggregation_time": 0.0,
      "evaluation_time": 0.01742100715637207,
      "total_time": 0.10079813003540039
    },
    {
      "round": 6,
      "accuracy": 0.9878333333333333,
      "f1_score": 0.9874721125793718,
      "precision": 0.9797377830750894,
      "recall": 0.9953295277633627,
      "auc": 0.9997109760589658,
      "pr_auc": 0.999715294084862,
      "ece": 0.08447882691357851,
      "mce": 0.49318973645700603,
      "mae": 0.0880285315442026,
      "rmse": 0.15448268377690733,
      "encryption_time": 0.0,
      "aggregation_time": 0.00109100341796875,
      "evaluation_time": 0.016268253326416016,
      "total_time": 0.08659839630126953
    },
    {
      "round": 7,
      "accuracy": 0.9878333333333333,
      "f1_score": 0.9874721125793718,
      "precision": 0.9797377830750894,
      "recall": 0.9953295277633627,
      "auc": 0.9997109760589658,
      "pr_auc": 0.999715294084862,
      "ece": 0.08447882691357851,
      "mce": 0.49318973645700603,
      "mae": 0.0880285315442026,
      "rmse": 0.15448268377690733,
      "encryption_time": 0.0,
      "aggregation_time": 0.0009961128234863281,
      "evaluation_time": 0.022546768188476562,
      "total_time": 0.10118317604064941
    },
    {
      "round": 8,
      "accuracy": 0.9878333333333333,
      "f1_score": 0.9874721125793718,
      "precision": 0.9797377830750894,
      "recall": 0.9953295277633627,
      "auc": 0.9997109760589658,
      "pr_auc": 0.999715294084862,
      "ece": 0.08447882691357851,
      "mce": 0.49318973645700603,
      "mae": 0.0880285315442026,
      "rmse": 0.15448268377690733,
      "encryption_time": 0.0,
      "aggregation_time": 0.0,
      "evaluation_time": 0.021014690399169922,
      "total_time": 0.1000051498413086
    },
    {
      "round": 9,
      "accuracy": 0.9878333333333333,
      "f1_score": 0.9874721125793718,
      "precision": 0.9797377830750894,
      "recall": 0.9953295277633627,
      "auc": 0.9997109760589658,
      "pr_auc": 0.999715294084862,
      "ece": 0.08447882691357851,
      "mce": 0.49318973645700603,
      "mae": 0.0880285315442026,
      "rmse": 0.15448268377690733,
      "encryption_time": 0.0,
      "aggregation_time": 0.0,
      "evaluation_time": 0.024620532989501953,
      "total_time": 0.10464882850646973
    },
    {
      "round": 10,
      "accuracy": 0.9878333333333333,
      "f1_score": 0.9874721125793718,
      "precision": 0.9797377830750894,
      "recall": 0.9953295277633627,
      "auc": 0.9997109760589658,
      "pr_auc": 0.999715294084862,
      "ece": 0.08447882691357851,
      "mce": 0.49318973645700603,
      "mae": 0.0880285315442026,
      "rmse": 0.15448268377690733,
      "encryption_time": 0.0,
      "aggregation_time": 0.0,
      "evaluation_time": 0.018088102340698242,
      "total_time": 0.10463953018188477
    },
    {
      "round": 11,
      "accuracy": 0.9878333333333333,
      "f1_score": 0.9874721125793718,
      "precision": 0.9797377830750894,
      "recall": 0.9953295277633627,
      "auc": 0.9997109760589658,
      "pr_auc": 0.999715294084862,
      "ece": 0.08447882691357851,
      "mce": 0.49318973645700603,
      "mae": 0.0880285315442026,
      "rmse": 0.15448268377690733,
      "encryption_time": 0.0,
      "aggregation_time": 0.0,
      "evaluation_time": 0.01940155029296875,
      "total_time": 0.10150265693664551
    },
    {
      "round": 12,
      "accuracy": 0.9878333333333333,
      "f1_score": 0.9874721125793718,
      "precision": 0.9797377830750894,
      "recall": 0.9953295277633627,
      "auc": 0.9997109760589658,
      "pr_auc": 0.999715294084862,
      "ece": 0.08447882691357851,
      "mce": 0.49318973645700603,
      "mae": 0.0880285315442026,
      "rmse": 0.15448268377690733,
      "encryption_time": 0.0,
      "aggregation_time": 0.0,
      "evaluation_time": 0.02678704261779785,
      "total_time": 0.11250686645507812
    },
    {
      "round": 13,
      "accuracy": 0.9878333333333333,
      "f1_score": 0.9874721125793718,
      "precision": 0.9797377830750894,
      "recall": 0.9953295277633627,
      "auc": 0.9997109760589658,
      "pr_auc": 0.999715294084862,
      "ece": 0.08447882691357851,
      "mce": 0.49318973645700603,
      "mae": 0.0880285315442026,