{
  "pipeline_info": {
    "type": "plaintext",
    "rounds": 10,
    "clients": 50,
    "timestamp": "2025-09-16 11:58:49",
    "total_samples": 10000,
    "one_class_clients": 13,
    "one_class_percentage": 26.0
  },
  "final_performance": {
    "accuracy": 0.9496,
    "f1_score": 0.9448215458725641,
    "precision": 0.8955998339559983,
    "recall": 0.9997683039851715,
    "auc": 0.9997419304240184,
    "pr_auc": 0.999687073811418,
    "mae": 0.1064769065768488,
    "rmse": 0.19871176863183657,
    "ece": 0.103242958961371,
    "mce": 0.6361073818423433
  },
  "performance_trends": {
    "initial_accuracy": 0.9496,
    "final_accuracy": 0.9496,
    "accuracy_improvement": 0.0,
    "best_accuracy": 0.9496,
    "final_f1": 0.9448215458725641,
    "best_f1": 0.9448215458725641
  },
  "timing_statistics": {
    "total_encryption_time": 0.0,
    "total_aggregation_time": 0.0,
    "total_evaluation_time": 0.1834423542022705,
    "total_time": 0.7919881343841553,
    "avg_round_time": 0.07919881343841553,
    "avg_encryption_time": 0.0,
    "avg_aggregation_time": 0.0
  },
  "round_details": [
    {
      "round": 1,
      "accuracy": 0.9496,
      "f1_score": 0.9448215458725641,
      "precision": 0.8955998339559983,
      "recall": 0.9997683039851715,
      "auc": 0.9997419304240184,
      "pr_auc": 0.999687073811418,
      "ece": 0.103242958961371,
      "mce": 0.6361073818423433,
      "mae": 0.1064769065768488,
      "rmse": 0.19871176863183657,
      "encryption_time": 0.0,
      "aggregation_time": 0.0,
      "evaluation_time": 0.015021324157714844,
      "total_time": 0.08881139755249023
    },
    {
      "round": 2,
      "accuracy": 0.9496,
      "f1_score": 0.9448215458725641,
      "precision": 0.8955998339559983,
      "recall": 0.9997683039851715,
      "auc": 0.9997419304240184,
      "pr_auc": 0.999687073811418,
      "ece": 0.103242958961371,
      "mce": 0.6361073818423433,
      "mae": 0.1064769065768488,
      "rmse": 0.19871176863183657,
      "encryption_time": 0.0,
      "aggregation_time": 0.0,
      "evaluation_time": 0.020790576934814453,
      "total_time": 0.07857465744018555
    },
    {
      "round": 3,
      "accuracy": 0.9496,
      "f1_score": 0.9448215458725641,
      "precision": 0.8955998339559983,
      "recall": 0.9997683039851715,
      "auc": 0.9997419304240184,
      "pr_auc": 0.999687073811418,
      "ece": 0.103242958961371,
      "mce": 0.6361073818423433,
      "mae": 0.1064769065768488,
      "rmse": 0.19871176863183657,
      "encryption_time": 0.0,
      "aggregation_time": 0.0,
      "evaluation_time": 0.026581287384033203,
      "total_time": 0.0880422592163086
    },
    {
      "round": 4,
      "accuracy": 0.9496,
      "f1_score": 0.9448215458725641,
      "precision": 0.8955998339559983,
      "recall": 0.9997683039851715,
      "auc": 0.9997419304240184,
      "pr_auc": 0.999687073811418,
      "ece": 0.103242958961371,
      "mce": 0.6361073818423433,
      "mae": 0.1064769065768488,
      "rmse": 0.19871176863183657,
      "encryption_time": 0.0,
      "aggregation_time": 0.0,
      "evaluation_time": 0.015621423721313477,
      "total_time": 0.0730447769165039
    },
    {
      "round": 5,
      "accuracy": 0.9496,
      "f1_score": 0.9448215458725641,
      "precision": 0.8955998339559983,
      "recall": 0.9997683039851715,
      "auc": 0.9997419304240184,
      "pr_auc": 0.999687073811418,
      "ece": 0.103242958961371,
      "mce": 0.6361073818423433,
      "mae": 0.1064769065768488,
      "rmse": 0.19871176863183657,
      "encryption_time": 0.0,
      "aggregation_time": 0.0,
      "evaluation_time": 0.014615535736083984,
      "total_time": 0.07342338562011719
    },
    {
      "round": 6,
      "accuracy": 0.9496,
      "f1_score": 0.9448215458725641,
      "precision": 0.8955998339559983,
      "recall": 0.9997683039851715,
      "auc": 0.9997419304240184,
      "pr_auc": 0.999687073811418,
      "ece": 0.103242958961371,
      "mce": 0.6361073818423433,
      "mae": 0.1064769065768488,
      "rmse": 0.19871176863183657,
      "encryption_time": 0.0,
      "aggregation_time": 0.0,
      "evaluation_time": 0.019985198974609375,
      "total_time": 0.0821542739868164
    },
    {
      "round": 7,
      "accuracy": 0.9496,
      "f1_score": 0.9448215458725641,
      "precision": 0.8955998339559983,
      "recall": 0.9997683039851715,
      "auc": 0.9997419304240184,
      "pr_auc": 0.999687073811418,
      "ece": 0.103242958961371,
      "mce": 0.6361073818423433,
      "mae": 0.1064769065768488,
      "rmse": 0.19871176863183657,
      "encryption_time": 0.0,
      "aggregation_time": 0.0,
      "evaluation_time": 0.019023656845092773,
      "total_time": 0.0743098258972168
    },
    {
      "round": 8,
      "accuracy": 0.9496,
      "f1_score": 0.9448215458725641,
      "precision": 0.8955998339559983,
      "recall": 0.9997683039851715,
      "auc": 0.9997419304240184,
      "pr_auc": 0.999687073811418,
      "ece": 0.103242958961371,
      "mce": 0.6361073818423433,
      "mae": 0.1064769065768488,
      "rmse": 0.19871176863183657,
      "encryption_time": 0.0,
      "aggregation_time": 0.0,
      "evaluation_time": 0.014440298080444336,
      "total_time": 0.07992720603942871
    },
    {
      "round": 9,
      "accuracy": 0.9496,
      "f1_score": 0.9448215458725641,
      "precision": 0.8955998339559983,
      "recall": 0.9997683039851715,
      "auc": 0.9997419304240184,
      "pr_auc": 0.999687073811418,
      "ece": 0.103242958961371,
      "mce": 0.6361073818423433,
      "mae": 0.1064769065768488,
      "rmse": 0.19871176863183657,
      "encryption_time": 0.0,
      "aggregation_time": 0.0,
      "evaluation_time": 0.020473003387451172,
      "total_time": 0.07902932167053223
    },
    {
      "round": 10,
      "accuracy": 0.9496,
      "f1_score": 0.9448215458725641,
      "precision": 0.8955998339559983,
      "recall": 0.9997683039851715,
      "auc": 0.9997419304240184,
      "pr_auc": 0.999687073811418,
      "ece": 0.103242958961371,
      "mce": 0.6361073818423433,
      "mae": 0.1064769065768488,
      "rmse": 0.19871176863183657,
      "encryption_time": 0.0,
      "aggregation_time": 0.0,
      "evaluation_time": 0.01689004898071289,
      "total_time": 0.07467103004455566
    }
  ]
}