{
  "pipeline_info": {
    "type": "plaintext",
    "rounds": 20,
    "clients": 50,
    "timestamp": "2025-09-16 11:59:03",
    "total_samples": 10000,
    "one_class_clients": 13,
    "one_class_percentage": 26.0
  },
  "final_performance": {
    "accuracy": 0.9496,
    "f1_score": 0.9448215458725641,
    "precision": 0.8955998339559983,
    "recall": 0.9997683039851715,
    "auc": 0.9997419304240184,
    "pr_auc": 0.999687073811418,
    "mae": 0.1064769065768488,
    "rmse": 0.19871176863183657,
    "ece": 0.103242958961371,
    "mce": 0.6361073818423433
  },
  "performance_trends": {
    "initial_accuracy": 0.9496,
    "final_accuracy": 0.9496,
    "accuracy_improvement": 0.0,
    "best_accuracy": 0.9496,
    "final_f1": 0.9448215458725641,
    "best_f1": 0.9448215458725641
  },
  "timing_statistics": {
    "total_encryption_time": 0.0,
    "total_aggregation_time": 0.0032758712768554688,
    "total_evaluation_time": 0.36537837982177734,
    "total_time": 1.587538719177246,
    "avg_round_time": 0.0793769359588623,
    "avg_encryption_time": 0.0,
    "avg_aggregation_time": 0.00016379356384277344
  },
  "round_details": [
    {
      "round": 1,
      "accuracy": 0.9496,
      "f1_score": 0.9448215458725641,
      "precision": 0.8955998339559983,
      "recall": 0.9997683039851715,
      "auc": 0.9997419304240184,
      "pr_auc": 0.999687073811418,
      "ece": 0.103242958961371,
      "mce": 0.6361073818423433,
      "mae": 0.1064769065768488,
      "rmse": 0.19871176863183657,
      "encryption_time": 0.0,
      "aggregation_time": 0.0011348724365234375,
      "evaluation_time": 0.015499114990234375,
      "total_time": 0.07987165451049805
    },
    {
      "round": 2,
      "accuracy": 0.9496,
      "f1_score": 0.9448215458725641,
      "precision": 0.8955998339559983,
      "recall": 0.9997683039851715,
      "auc": 0.9997419304240184,
      "pr_auc": 0.999687073811418,
      "ece": 0.103242958961371,
      "mce": 0.6361073818423433,
      "mae": 0.1064769065768488,
      "rmse": 0.19871176863183657,
      "encryption_time": 0.0,
      "aggregation_time": 0.0011248588562011719,
      "evaluation_time": 0.015636682510375977,
      "total_time": 0.07558679580688477
    },
    {
      "round": 3,
      "accuracy": 0.9496,
      "f1_score": 0.9448215458725641,
      "precision": 0.8955998339559983,
      "recall": 0.9997683039851715,
      "auc": 0.9997419304240184,
      "pr_auc": 0.999687073811418,
      "ece": 0.103242958961371,
      "mce": 0.6361073818423433,
      "mae": 0.1064769065768488,
      "rmse": 0.19871176863183657,
      "encryption_time": 0.0,
      "aggregation_time": 0.0,
      "evaluation_time": 0.020511627197265625,
      "total_time": 0.07618379592895508
    },
    {
      "round": 4,
      "accuracy": 0.9496,
      "f1_score": 0.9448215458725641,
      "precision": 0.8955998339559983,
      "recall": 0.9997683039851715,
      "auc": 0.9997419304240184,
      "pr_auc": 0.999687073811418,
      "ece": 0.103242958961371,
      "mce": 0.6361073818423433,
      "mae": 0.1064769065768488,
      "rmse": 0.19871176863183657,
      "encryption_time": 0.0,
      "aggregation_time": 0.0,
      "evaluation_time": 0.01358342170715332,
      "total_time": 0.07506322860717773
    },
    {
      "round": 5,
      "accuracy": 0.9496,
      "f1_score": 0.9448215458725641,
      "precision": 0.8955998339559983,
      "recall": 0.9997683039851715,
      "auc": 0.9997419304240184,
      "pr_auc": 0.999687073811418,
      "ece": 0.103242958961371,
      "mce": 0.6361073818423433,
      "mae": 0.1064769065768488,
      "rmse": 0.19871176863183657,
      "encryption_time": 0.0,
      "aggregation_time": 0.0,
      "evaluation_time": 0.019062042236328125,
      "total_time": 0.07596898078918457
    },
    {
      "round": 6,
      "accuracy": 0.9496,
      "f1_score": 0.9448215458725641,
      "precision": 0.8955998339559983,
      "recall": 0.9997683039851715,
      "auc": 0.9997419304240184,
      "pr_auc": 0.999687073811418,
      "ece": 0.103242958961371,
      "mce": 0.6361073818423433,
      "mae": 0.1064769065768488,
      "rmse": 0.19871176863183657,
      "encryption_time": 0.0,
      "aggregation_time": 0.0,
      "evaluation_time": 0.015758275985717773,
      "total_time": 0.09019756317138672
    },
    {
      "round": 7,
      "accuracy": 0.9496,
      "f1_score": 0.9448215458725641,
      "precision": 0.8955998339559983,
      "recall": 0.9997683039851715,
      "auc": 0.9997419304240184,
      "pr_auc": 0.999687073811418,
      "ece": 0.103242958961371,
      "mce": 0.6361073818423433,
      "mae": 0.1064769065768488,
      "rmse": 0.19871176863183657,
      "encryption_time": 0.0,
      "aggregation_time": 0.0010161399841308594,
      "evaluation_time": 0.015157699584960938,
      "total_time": 0.07974100112915039
    },
    {
      "round": 8,
      "accuracy": 0.9496,
      "f1_score": 0.9448215458725641,
      "precision": 0.8955998339559983,
      "recall": 0.9997683039851715,
      "auc": 0.9997419304240184,
      "pr_auc": 0.999687073811418,
      "ece": 0.103242958961371,
      "mce": 0.6361073818423433,
      "mae": 0.1064769065768488,
      "rmse": 0.19871176863183657,
      "encryption_time": 0.0,
      "aggregation_time": 0.0,
      "evaluation_time": 0.02076435089111328,
      "total_time": 0.07850193977355957
    },
    {
      "round": 9,
      "accuracy": 0.9496,
      "f1_score": 0.9448215458725641,
      "precision": 0.8955998339559983,
      "recall": 0.9997683039851715,
      "auc": 0.9997419304240184,
      "pr_auc": 0.999687073811418,
      "ece": 0.103242958961371,
      "mce": 0.6361073818423433,
      "mae": 0.1064769065768488,
      "rmse": 0.19871176863183657,
      "encryption_time": 0.0,
      "aggregation_time": 0.0,
      "evaluation_time": 0.014490365982055664,
      "total_time": 0.07292866706848145
    },
    {
      "round": 10,
      "accuracy": 0.9496,
      "f1_score": 0.9448215458725641,
      "precision": 0.8955998339559983,
      "recall": 0.9997683039851715,
      "auc": 0.9997419304240184,
      "pr_auc": 0.999687073811418,
      "ece": 0.103242958961371,
      "mce": 0.6361073818423433,
      "mae": 0.1064769065768488,
      "rmse": 0.19871176863183657,
      "encryption_time": 0.0,
      "aggregation_time": 0.0,
      "evaluation_time": 0.01900005340576172,
      "total_time": 0.07596421241760254
    },
    {
      "round": 11,
      "accuracy": 0.9496,
      "f1_score": 0.9448215458725641,
      "precision": 0.8955998339559983,
      "recall": 0.9997683039851715,
      "auc": 0.9997419304240184,
      "pr_auc": 0.999687073811418,
      "ece": 0.103242958961371,
      "mce": 0.6361073818423433,
      "mae": 0.1064769065768488,
      "rmse": 0.19871176863183657,
      "encryption_time": 0.0,
      "aggregation_time": 0.0,
      "evaluation_time": 0.019003629684448242,
      "total_time": 0.08079290390014648
    },
    {
      "round": 12,
      "accuracy": 0.9496,
      "f1_score": 0.9448215458725641,
      "precision": 0.8955998339559983,
      "recall": 0.9997683039851715,
      "auc": 0.9997419304240184,
      "pr_auc": 0.999687073811418,
      "ece": 0.103242958961371,
      "mce": 0.6361073818423433,
      "mae": 0.1064769065768488,
      "rmse": 0.19871176863183657,
      "encryption_time": 0.0,
      "aggregation_time": 0.0,
      "evaluation_time": 0.019876718521118164,
      "total_time": 0.07269597053527832
    },
    {
      "round": 13,
      "accuracy": 0.9496,
      "f1_score": 0.9448215458725641,
      "precision": 0.8955998339559983,
      "recall": 0.9997683039851715,
      "auc": 0.9997419304240184,
      "pr_auc": 0.999687073811418,
      "ece": 0.103242958961371,
      "mce": 0.6361073818423433,
      "mae": 0.1064769065768488,
      "rmse": 0.19871176863183657,
      "encryption_time": 0.0,
      "aggregation_time": 0.0,
      "evaluation_time": 0.01632976531982422,
      "total_time": 0.07829999923706055
    },
    {
      "round": 14,
      "accuracy": 0.9496,