{
  "pipeline_info": {
    "type": "plaintext",
    "rounds": 30,
    "clients": 40,
    "timestamp": "2025-09-16 11:57:33",
    "total_samples": 8000,
    "one_class_clients": 10,
    "one_class_percentage": 25.0
  },
  "final_performance": {
    "accuracy": 0.956,
    "f1_score": 0.9519388312397596,
    "precision": 0.9092331768388107,
    "recall": 0.9988538681948425,
    "auc": 0.9997003792908469,
    "pr_auc": 0.9996438073452995,
    "mae": 0.103517023041498,
    "rmse": 0.1920816164982005,
    "ece": 0.10026646712028468,
    "mce": 0.6051725899883845
  },
  "performance_trends": {
    "initial_accuracy": 0.956,
    "final_accuracy": 0.956,
    "accuracy_improvement": 0.0,
    "best_accuracy": 0.956,
    "final_f1": 0.9519388312397596,
    "best_f1": 0.9519388312397596
  },
  "timing_statistics": {
    "total_encryption_time": 0.0,
    "total_aggregation_time": 0.005570888519287109,
    "total_evaluation_time": 0.6266131401062012,
    "total_time": 2.989048719406128,
    "avg_round_time": 0.0996349573135376,
    "avg_encryption_time": 0.0,
    "avg_aggregation_time": 0.00018569628397623698
  },
  "round_details": [
    {
      "round": 1,
      "accuracy": 0.956,
      "f1_score": 0.9519388312397596,
      "precision": 0.9092331768388107,
      "recall": 0.9988538681948425,
      "auc": 0.9997003792908469,
      "pr_auc": 0.9996438073452995,
      "ece": 0.10026646712028468,
      "mce": 0.6051725899883845,
      "mae": 0.103517023041498,
      "rmse": 0.1920816164982005,
      "encryption_time": 0.0,
      "aggregation_time": 0.0,
      "evaluation_time": 0.015280485153198242,
      "total_time": 0.08864474296569824
    },
    {
      "round": 2,
      "accuracy": 0.956,
      "f1_score": 0.9519388312397596,
      "precision": 0.9092331768388107,
      "recall": 0.9988538681948425,
      "auc": 0.9997003792908469,
      "pr_auc": 0.9996438073452995,
      "ece": 0.10026646712028468,
      "mce": 0.6051725899883845,
      "mae": 0.103517023041498,
      "rmse": 0.1920816164982005,
      "encryption_time": 0.0,
      "aggregation_time": 0.0,
      "evaluation_time": 0.027522802352905273,
      "total_time": 0.09563231468200684
    },
    {
      "round": 3,
      "accuracy": 0.956,
      "f1_score": 0.9519388312397596,
      "precision": 0.9092331768388107,
      "recall": 0.9988538681948425,
      "auc": 0.9997003792908469,
      "pr_auc": 0.9996438073452995,
      "ece": 0.10026646712028468,
      "mce": 0.6051725899883845,
      "mae": 0.103517023041498,
      "rmse": 0.1920816164982005,
      "encryption_time": 0.0,
      "aggregation_time": 0.0,
      "evaluation_time": 0.03821420669555664,
      "total_time": 0.15392208099365234
    },
    {
      "round": 4,
      "accuracy": 0.956,
      "f1_score": 0.9519388312397596,
      "precision": 0.9092331768388107,
      "recall": 0.9988538681948425,
      "auc": 0.9997003792908469,
      "pr_auc": 0.9996438073452995,
      "ece": 0.10026646712028468,
      "mce": 0.6051725899883845,
      "mae": 0.103517023041498,
      "rmse": 0.1920816164982005,
      "encryption_time": 0.0,
      "aggregation_time": 0.0010061264038085938,
      "evaluation_time": 0.01414036750793457,
      "total_time": 0.2218327522277832
    },
    {
      "round": 5,
      "accuracy": 0.956,
      "f1_score": 0.9519388312397596,
      "precision": 0.9092331768388107,
      "recall": 0.9988538681948425,
      "auc": 0.9997003792908469,
      "pr_auc": 0.9996438073452995,
      "ece": 0.10026646712028468,
      "mce": 0.6051725899883845,
      "mae": 0.103517023041498,
      "rmse": 0.1920816164982005,
      "encryption_time": 0.0,
      "aggregation_time": 0.0,
      "evaluation_time": 0.01890087127685547,
      "total_time": 0.0748910903930664
    },
    {
      "round": 6,
      "accuracy": 0.956,
      "f1_score": 0.9519388312397596,
      "precision": 0.9092331768388107,
      "recall": 0.9988538681948425,
      "auc": 0.9997003792908469,
      "pr_auc": 0.9996438073452995,
      "ece": 0.10026646712028468,
      "mce": 0.6051725899883845,
      "mae": 0.103517023041498,
      "rmse": 0.1920816164982005,
      "encryption_time": 0.0,
      "aggregation_time": 0.0,
      "evaluation_time": 0.01988506317138672,
      "total_time": 0.07378077507019043
    },
    {
      "round": 7,
      "accuracy": 0.956,
      "f1_score": 0.9519388312397596,
      "precision": 0.9092331768388107,
      "recall": 0.9988538681948425,
      "auc": 0.9997003792908469,
      "pr_auc": 0.9996438073452995,
      "ece": 0.10026646712028468,
      "mce": 0.6051725899883845,
      "mae": 0.103517023041498,
      "rmse": 0.1920816164982005,
      "encryption_time": 0.0,
      "aggregation_time": 0.001588582992553711,
      "evaluation_time": 0.02432394027709961,
      "total_time": 0.08618855476379395
    },
    {
      "round": 8,
      "accuracy": 0.956,
      "f1_score": 0.9519388312397596,
      "precision": 0.9092331768388107,
      "recall": 0.9988538681948425,
      "auc": 0.9997003792908469,
      "pr_auc": 0.9996438073452995,
      "ece": 0.10026646712028468,
      "mce": 0.6051725899883845,
      "mae": 0.103517023041498,
      "rmse": 0.1920816164982005,
      "encryption_time": 0.0,
      "aggregation_time": 0.0009806156158447266,
      "evaluation_time": 0.0260012149810791,
      "total_time": 0.0860595703125
    },
    {
      "round": 9,
      "accuracy": 0.956,
      "f1_score": 0.9519388312397596,
      "precision": 0.9092331768388107,
      "recall": 0.9988538681948425,
      "auc": 0.9997003792908469,
      "pr_auc": 0.9996438073452995,
      "ece": 0.10026646712028468,
      "mce": 0.6051725899883845,
      "mae": 0.103517023041498,
      "rmse": 0.1920816164982005,
      "encryption_time": 0.0,
      "aggregation_time": 0.0,
      "evaluation_time": 0.013298273086547852,
      "total_time": 0.0685431957244873
    },
    {
      "round": 10,
      "accuracy": 0.956,
      "f1_score": 0.9519388312397596,
      "precision": 0.9092331768388107,
      "recall": 0.9988538681948425,
      "auc": 0.9997003792908469,
      "pr_auc": 0.9996438073452995,
      "ece": 0.10026646712028468,
      "mce": 0.6051725899883845,
      "mae": 0.103517023041498,
      "rmse": 0.1920816164982005,
      "encryption_time": 0.0,
      "aggregation_time": 0.0,
      "evaluation_time": 0.01705622673034668,
      "total_time": 0.06120944023132324
    },
    {
      "round": 11,
      "accuracy": 0.956,
      "f1_score": 0.9519388312397596,
      "precision": 0.9092331768388107,
      "recall": 0.9988538681948425,
      "auc": 0.9997003792908469,
      "pr_auc": 0.9996438073452995,
      "ece": 0.10026646712028468,
      "mce": 0.6051725899883845,
      "mae": 0.103517023041498,
      "rmse": 0.1920816164982005,
      "encryption_time": 0.0,
      "aggregation_time": 0.0,
      "evaluation_time": 0.014432907104492188,
      "total_time": 0.07732963562011719
    },
    {
      "round": 12,
      "accuracy": 0.956,
      "f1_score": 0.9519388312397596,
      "precision": 0.9092331768388107,
      "recall": 0.9988538681948425,
      "auc": 0.9997003792908469,
      "pr_auc": 0.9996438073452995,
      "ece": 0.10026646712028468,
      "mce": 0.6051725899883845,
      "mae": 0.103517023041498,
      "rmse": 0.1920816164982005,
      "encryption_time": 0.0,
      "aggregation_time": 0.0009992122650146484,
      "evaluation_time": 0.017350196838378906,
      "total_time": 0.0803678035736084
    },
    {
      "round": 13,
      "accuracy": 0.956,
      "f1_score": 0.9519388312397596,
      "precision": 0.9092331768388107,
      "recall": 0.9988538681948425,
      "auc": 0.9997003792908469,
      "pr_auc": 0.9996438073452995,
      "ece": 0.10026646712028468,
      "mce": 0.6051725899883845,
      "mae": 0.103517023041498,
      "rmse": 0.1920816164982005,
      "encryption_time": 0.0,
      "aggregation_time": 0.0,
      "evaluation_time": 0.015677213668823242,
      "total_time": 0.07033967971801758
    },
    {
      "round": 14,
      "accuracy": 0.956,