{
  "pipeline_info": {
    "type": "plaintext",
    "rounds": 30,
    "clients": 50,
    "timestamp": "2025-09-16 11:59:14",
    "total_samples": 10000,
    "one_class_clients": 13,
    "one_class_percentage": 26.0
  },
  "final_performance": {
    "accuracy": 0.9496,
    "f1_score": 0.9448215458725641,
    "precision": 0.8955998339559983,
    "recall": 0.9997683039851715,
    "auc": 0.9997419304240184,
    "pr_auc": 0.999687073811418,
    "mae": 0.1064769065768488,
    "rmse": 0.19871176863183657,
    "ece": 0.103242958961371,
    "mce": 0.6361073818423433
  },
  "performance_trends": {
    "initial_accuracy": 0.9496,
    "final_accuracy": 0.9496,
    "accuracy_improvement": 0.0,
    "best_accuracy": 0.9496,
    "final_f1": 0.9448215458725641,
    "best_f1": 0.9448215458725641
  },
  "timing_statistics": {
    "total_encryption_time": 0.0,
    "total_aggregation_time": 0.0020797252655029297,
    "total_evaluation_time": 0.5313916206359863,
    "total_time": 2.472264051437378,
    "avg_round_time": 0.08240880171457926,
    "avg_encryption_time": 0.0,
    "avg_aggregation_time": 6.932417551676432e-05
  },
  "round_details": [
    {
      "round": 1,
      "accuracy": 0.9496,
      "f1_score": 0.9448215458725641,
      "precision": 0.8955998339559983,
      "recall": 0.9997683039851715,
      "auc": 0.9997419304240184,
      "pr_auc": 0.999687073811418,
      "ece": 0.103242958961371,
      "mce": 0.6361073818423433,
      "mae": 0.1064769065768488,
      "rmse": 0.19871176863183657,
      "encryption_time": 0.0,
      "aggregation_time": 0.0,
      "evaluation_time": 0.02712106704711914,
      "total_time": 0.09057879447937012
    },
    {
      "round": 2,
      "accuracy": 0.9496,
      "f1_score": 0.9448215458725641,
      "precision": 0.8955998339559983,
      "recall": 0.9997683039851715,
      "auc": 0.9997419304240184,
      "pr_auc": 0.999687073811418,
      "ece": 0.103242958961371,
      "mce": 0.6361073818423433,
      "mae": 0.1064769065768488,
      "rmse": 0.19871176863183657,
      "encryption_time": 0.0,
      "aggregation_time": 0.0,
      "evaluation_time": 0.018830060958862305,
      "total_time": 0.07628035545349121
    },
    {
      "round": 3,
      "accuracy": 0.9496,
      "f1_score": 0.9448215458725641,
      "precision": 0.8955998339559983,
      "recall": 0.9997683039851715,
      "auc": 0.9997419304240184,
      "pr_auc": 0.999687073811418,
      "ece": 0.103242958961371,
      "mce": 0.6361073818423433,
      "mae": 0.1064769065768488,
      "rmse": 0.19871176863183657,
      "encryption_time": 0.0,
      "aggregation_time": 0.0011022090911865234,
      "evaluation_time": 0.014506101608276367,
      "total_time": 0.07613134384155273
    },
    {
      "round": 4,
      "accuracy": 0.9496,
      "f1_score": 0.9448215458725641,
      "precision": 0.8955998339559983,
      "recall": 0.9997683039851715,
      "auc": 0.9997419304240184,
      "pr_auc": 0.999687073811418,
      "ece": 0.103242958961371,
      "mce": 0.6361073818423433,
      "mae": 0.1064769065768488,
      "rmse": 0.19871176863183657,
      "encryption_time": 0.0,
      "aggregation_time": 0.0009775161743164062,
      "evaluation_time": 0.015254497528076172,
      "total_time": 0.07974672317504883
    },
    {
      "round": 5,
      "accuracy": 0.9496,
      "f1_score": 0.9448215458725641,
      "precision": 0.8955998339559983,
      "recall": 0.9997683039851715,
      "auc": 0.9997419304240184,
      "pr_auc": 0.999687073811418,
      "ece": 0.103242958961371,
      "mce": 0.6361073818423433,
      "mae": 0.1064769065768488,
      "rmse": 0.19871176863183657,
      "encryption_time": 0.0,
      "aggregation_time": 0.0,
      "evaluation_time": 0.017307043075561523,
      "total_time": 0.07306075096130371
    },
    {
      "round": 6,
      "accuracy": 0.9496,
      "f1_score": 0.9448215458725641,
      "precision": 0.8955998339559983,
      "recall": 0.9997683039851715,
      "auc": 0.9997419304240184,
      "pr_auc": 0.999687073811418,
      "ece": 0.103242958961371,
      "mce": 0.6361073818423433,
      "mae": 0.1064769065768488,
      "rmse": 0.19871176863183657,
      "encryption_time": 0.0,
      "aggregation_time": 0.0,
      "evaluation_time": 0.015878915786743164,
      "total_time": 0.0753941535949707
    },
    {
      "round": 7,
      "accuracy": 0.9496,
      "f1_score": 0.9448215458725641,
      "precision": 0.8955998339559983,
      "recall": 0.9997683039851715,
      "auc": 0.9997419304240184,
      "pr_auc": 0.999687073811418,
      "ece": 0.103242958961371,
      "mce": 0.6361073818423433,
      "mae": 0.1064769065768488,
      "rmse": 0.19871176863183657,
      "encryption_time": 0.0,
      "aggregation_time": 0.0,
      "evaluation_time": 0.019663333892822266,
      "total_time": 0.07935953140258789
    },
    {
      "round": 8,
      "accuracy": 0.9496,
      "f1_score": 0.9448215458725641,
      "precision": 0.8955998339559983,
      "recall": 0.9997683039851715,
      "auc": 0.9997419304240184,
      "pr_auc": 0.999687073811418,
      "ece": 0.103242958961371,
      "mce": 0.6361073818423433,
      "mae": 0.1064769065768488,
      "rmse": 0.19871176863183657,
      "encryption_time": 0.0,
      "aggregation_time": 0.0,
      "evaluation_time": 0.01692342758178711,
      "total_time": 0.07745075225830078
    },
    {
      "round": 9,
      "accuracy": 0.9496,
      "f1_score": 0.9448215458725641,
      "precision": 0.8955998339559983,
      "recall": 0.9997683039851715,
      "auc": 0.9997419304240184,
      "pr_auc": 0.999687073811418,
      "ece": 0.103242958961371,
      "mce": 0.6361073818423433,
      "mae": 0.1064769065768488,
      "rmse": 0.19871176863183657,
      "encryption_time": 0.0,
      "aggregation_time": 0.0,
      "evaluation_time": 0.019446611404418945,
      "total_time": 0.07848310470581055
    },
    {
      "round": 10,
      "accuracy": 0.9496,
      "f1_score": 0.9448215458725641,
      "precision": 0.8955998339559983,
      "recall": 0.9997683039851715,
      "auc": 0.9997419304240184,
      "pr_auc": 0.999687073811418,
      "ece": 0.103242958961371,
      "mce": 0.6361073818423433,
      "mae": 0.1064769065768488,
      "rmse": 0.19871176863183657,
      "encryption_time": 0.0,
      "aggregation_time": 0.0,
      "evaluation_time": 0.017121315002441406,
      "total_time": 0.07599353790283203
    },
    {
      "round": 11,
      "accuracy": 0.9496,
      "f1_score": 0.9448215458725641,
      "precision": 0.8955998339559983,
      "recall": 0.9997683039851715,
      "auc": 0.9997419304240184,
      "pr_auc": 0.999687073811418,
      "ece": 0.103242958961371,
      "mce": 0.6361073818423433,
      "mae": 0.1064769065768488,
      "rmse": 0.19871176863183657,
      "encryption_time": 0.0,
      "aggregation_time": 0.0,
      "evaluation_time": 0.02065753936767578,
      "total_time": 0.08183860778808594
    },
    {
      "round": 12,
      "accuracy": 0.9496,
      "f1_score": 0.9448215458725641,
      "precision": 0.8955998339559983,
      "recall": 0.9997683039851715,
      "auc": 0.9997419304240184,
      "pr_auc": 0.999687073811418,
      "ece": 0.103242958961371,
      "mce": 0.6361073818423433,
      "mae": 0.1064769065768488,
      "rmse": 0.19871176863183657,
      "encryption_time": 0.0,
      "aggregation_time": 0.0,
      "evaluation_time": 0.019598007202148438,
      "total_time": 0.08204197883605957
    },
    {
      "round": 13,
      "accuracy": 0.9496,
      "f1_score": 0.9448215458725641,
      "precision": 0.8955998339559983,
      "recall": 0.9997683039851715,
      "auc": 0.9997419304240184,
      "pr_auc": 0.999687073811418,
      "ece": 0.103242958961371,
      "mce": 0.6361073818423433,
      "mae": 0.1064769065768488,
      "rmse": 0.19871176863183657,
      "encryption_time": 0.0,
      "aggregation_time": 0.0,
      "evaluation_time": 0.013573884963989258,
      "total_time": 0.07187461853027344
    },
    {
      "round": 14,
      "accuracy": 0.9496,