{
  "pipeline_info": {
    "type": "plaintext",
    "rounds": 10,
    "clients": 40,
    "timestamp": "2025-09-16 11:57:07",
    "total_samples": 8000,
    "one_class_clients": 10,
    "one_class_percentage": 25.0
  },
  "final_performance": {
    "accuracy": 0.956,
    "f1_score": 0.9519388312397596,
    "precision": 0.9092331768388107,
    "recall": 0.9988538681948425,
    "auc": 0.9997003792908469,
    "pr_auc": 0.9996438073452995,
    "mae": 0.103517023041498,
    "rmse": 0.1920816164982005,
    "ece": 0.10026646712028468,
    "mce": 0.6051725899883845
  },
  "performance_trends": {
    "initial_accuracy": 0.956,
    "final_accuracy": 0.956,
    "accuracy_improvement": 0.0,
    "best_accuracy": 0.956,
    "final_f1": 0.9519388312397596,
    "best_f1": 0.9519388312397596
  },
  "timing_statistics": {
    "total_encryption_time": 0.0,
    "total_aggregation_time": 0.0010166168212890625,
    "total_evaluation_time": 0.18739771842956543,
    "total_time": 0.7622318267822266,
    "avg_round_time": 0.07622318267822266,
    "avg_encryption_time": 0.0,
    "avg_aggregation_time": 0.00010166168212890624
  },
  "round_details": [
    {
      "round": 1,
      "accuracy": 0.956,
      "f1_score": 0.9519388312397596,
      "precision": 0.9092331768388107,
      "recall": 0.9988538681948425,
      "auc": 0.9997003792908469,
      "pr_auc": 0.9996438073452995,
      "ece": 0.10026646712028468,
      "mce": 0.6051725899883845,
      "mae": 0.103517023041498,
      "rmse": 0.1920816164982005,
      "encryption_time": 0.0,
      "aggregation_time": 0.0,
      "evaluation_time": 0.014303922653198242,
      "total_time": 0.1059572696685791
    },
    {
      "round": 2,
      "accuracy": 0.956,
      "f1_score": 0.9519388312397596,
      "precision": 0.9092331768388107,
      "recall": 0.9988538681948425,
      "auc": 0.9997003792908469,
      "pr_auc": 0.9996438073452995,
      "ece": 0.10026646712028468,
      "mce": 0.6051725899883845,
      "mae": 0.103517023041498,
      "rmse": 0.1920816164982005,
      "encryption_time": 0.0,
      "aggregation_time": 0.0,
      "evaluation_time": 0.02454352378845215,
      "total_time": 0.08360886573791504
    },
    {
      "round": 3,
      "accuracy": 0.956,
      "f1_score": 0.9519388312397596,
      "precision": 0.9092331768388107,
      "recall": 0.9988538681948425,
      "auc": 0.9997003792908469,
      "pr_auc": 0.9996438073452995,
      "ece": 0.10026646712028468,
      "mce": 0.6051725899883845,
      "mae": 0.103517023041498,
      "rmse": 0.1920816164982005,
      "encryption_time": 0.0,
      "aggregation_time": 0.0,
      "evaluation_time": 0.024497509002685547,
      "total_time": 0.08028435707092285
    },
    {
      "round": 4,
      "accuracy": 0.956,
      "f1_score": 0.9519388312397596,
      "precision": 0.9092331768388107,
      "recall": 0.9988538681948425,
      "auc": 0.9997003792908469,
      "pr_auc": 0.9996438073452995,
      "ece": 0.10026646712028468,
      "mce": 0.6051725899883845,
      "mae": 0.103517023041498,
      "rmse": 0.1920816164982005,
      "encryption_time": 0.0,
      "aggregation_time": 0.0010166168212890625,
      "evaluation_time": 0.012922525405883789,
      "total_time": 0.060439348220825195
    },
    {
      "round": 5,
      "accuracy": 0.956,
      "f1_score": 0.9519388312397596,
      "precision": 0.9092331768388107,
      "recall": 0.9988538681948425,
      "auc": 0.9997003792908469,
      "pr_auc": 0.9996438073452995,
      "ece": 0.10026646712028468,
      "mce": 0.6051725899883845,
      "mae": 0.103517023041498,
      "rmse": 0.1920816164982005,
      "encryption_time": 0.0,
      "aggregation_time": 0.0,
      "evaluation_time": 0.02424311637878418,
      "total_time": 0.06742215156555176
    },
    {
      "round": 6,
      "accuracy": 0.956,
      "f1_score": 0.9519388312397596,
      "precision": 0.9092331768388107,
      "recall": 0.9988538681948425,
      "auc": 0.9997003792908469,
      "pr_auc": 0.9996438073452995,
      "ece": 0.10026646712028468,
      "mce": 0.6051725899883845,
      "mae": 0.103517023041498,
      "rmse": 0.1920816164982005,
      "encryption_time": 0.0,
      "aggregation_time": 0.0,
      "evaluation_time": 0.024820327758789062,
      "total_time": 0.07919740676879883
    },
    {
      "round": 7,
      "accuracy": 0.956,
      "f1_score": 0.9519388312397596,
      "precision": 0.9092331768388107,
      "recall": 0.9988538681948425,
      "auc": 0.9997003792908469,
      "pr_auc": 0.9996438073452995,
      "ece": 0.10026646712028468,
      "mce": 0.6051725899883845,
      "mae": 0.103517023041498,
      "rmse": 0.1920816164982005,
      "encryption_time": 0.0,
      "aggregation_time": 0.0,
      "evaluation_time": 0.015411853790283203,
      "total_time": 0.059076786041259766
    },
    {
      "round": 8,
      "accuracy": 0.956,
      "f1_score": 0.9519388312397596,
      "precision": 0.9092331768388107,
      "recall": 0.9988538681948425,
      "auc": 0.9997003792908469,
      "pr_auc": 0.9996438073452995,
      "ece": 0.10026646712028468,
      "mce": 0.6051725899883845,
      "mae": 0.103517023041498,
      "rmse": 0.1920816164982005,
      "encryption_time": 0.0,
      "aggregation_time": 0.0,
      "evaluation_time": 0.01345205307006836,
      "total_time": 0.07764363288879395
    },
    {
      "round": 9,
      "accuracy": 0.956,
      "f1_score": 0.9519388312397596,
      "precision": 0.9092331768388107,
      "recall": 0.9988538681948425,
      "auc": 0.9997003792908469,
      "pr_auc": 0.9996438073452995,
      "ece": 0.10026646712028468,
      "mce": 0.6051725899883845,
      "mae": 0.103517023041498,
      "rmse": 0.1920816164982005,
      "encryption_time": 0.0,
      "aggregation_time": 0.0,
      "evaluation_time": 0.01683664321899414,
      "total_time": 0.08449530601501465
    },
    {
      "round": 10,
      "accuracy": 0.956,
      "f1_score": 0.9519388312397596,
      "precision": 0.9092331768388107,
      "recall": 0.9988538681948425,
      "auc": 0.9997003792908469,
      "pr_auc": 0.9996438073452995,
      "ece": 0.10026646712028468,
      "mce": 0.6051725899883845,
      "mae": 0.103517023041498,
      "rmse": 0.1920816164982005,
      "encryption_time": 0.0,
      "aggregation_time": 0.0,
      "evaluation_time": 0.016366243362426758,
      "total_time": 0.06410670280456543
    }
  ]
}