{
  "pipeline_info": {
    "type": "plaintext",
    "rounds": 20,
    "clients": 30,
    "timestamp": "2025-09-16 11:56:11",
    "total_samples": 6000,
    "one_class_clients": 8,
    "one_class_percentage": 26.666666666666668
  },
  "final_performance": {
    "accuracy": 0.9661666666666666,
    "f1_score": 0.963377232545553,
    "precision": 0.9312870596442274,
    "recall": 0.9977578475336323,
    "auc": 0.9997229911914796,
    "pr_auc": 0.9996828679806836,
    "mae": 0.09386562493173845,
    "rmse": 0.1769780659376232,
    "ece": 0.09102912672488433,
    "mce": 0.5717990853528778
  },
  "performance_trends": {
    "initial_accuracy": 0.9661666666666666,
    "final_accuracy": 0.9661666666666666,
    "accuracy_improvement": 0.0,
    "best_accuracy": 0.9661666666666666,
    "final_f1": 0.963377232545553,
    "best_f1": 0.963377232545553
  },
  "timing_statistics": {
    "total_encryption_time": 0.0,
    "total_aggregation_time": 0.0010361671447753906,
    "total_evaluation_time": 0.29164886474609375,
    "total_time": 1.0440237522125244,
    "avg_round_time": 0.05220118761062622,
    "avg_encryption_time": 0.0,
    "avg_aggregation_time": 5.1808357238769534e-05
  },
  "round_details": [
    {
      "round": 1,
      "accuracy": 0.9661666666666666,
      "f1_score": 0.963377232545553,
      "precision": 0.9312870596442274,
      "recall": 0.9977578475336323,
      "auc": 0.9997229911914796,
      "pr_auc": 0.9996828679806836,
      "ece": 0.09102912672488433,
      "mce": 0.5717990853528778,
      "mae": 0.09386562493173845,
      "rmse": 0.1769780659376232,
      "encryption_time": 0.0,
      "aggregation_time": 0.0,
      "evaluation_time": 0.013750553131103516,
      "total_time": 0.049236297607421875
    },
    {
      "round": 2,
      "accuracy": 0.9661666666666666,
      "f1_score": 0.963377232545553,
      "precision": 0.9312870596442274,
      "recall": 0.9977578475336323,
      "auc": 0.9997229911914796,
      "pr_auc": 0.9996828679806836,
      "ece": 0.09102912672488433,
      "mce": 0.5717990853528778,
      "mae": 0.09386562493173845,
      "rmse": 0.1769780659376232,
      "encryption_time": 0.0,
      "aggregation_time": 0.0,
      "evaluation_time": 0.014822006225585938,
      "total_time": 0.05119729042053223
    },
    {
      "round": 3,
      "accuracy": 0.9661666666666666,
      "f1_score": 0.963377232545553,
      "precision": 0.9312870596442274,
      "recall": 0.9977578475336323,
      "auc": 0.9997229911914796,
      "pr_auc": 0.9996828679806836,
      "ece": 0.09102912672488433,
      "mce": 0.5717990853528778,
      "mae": 0.09386562493173845,
      "rmse": 0.1769780659376232,
      "encryption_time": 0.0,
      "aggregation_time": 0.0,
      "evaluation_time": 0.019195079803466797,
      "total_time": 0.061623334884643555
    },
    {
      "round": 4,
      "accuracy": 0.9661666666666666,
      "f1_score": 0.963377232545553,
      "precision": 0.9312870596442274,
      "recall": 0.9977578475336323,
      "auc": 0.9997229911914796,
      "pr_auc": 0.9996828679806836,
      "ece": 0.09102912672488433,
      "mce": 0.5717990853528778,
      "mae": 0.09386562493173845,
      "rmse": 0.1769780659376232,
      "encryption_time": 0.0,
      "aggregation_time": 0.0,
      "evaluation_time": 0.013707637786865234,
      "total_time": 0.050611019134521484
    },
    {
      "round": 5,
      "accuracy": 0.9661666666666666,
      "f1_score": 0.963377232545553,
      "precision": 0.9312870596442274,
      "recall": 0.9977578475336323,
      "auc": 0.9997229911914796,
      "pr_auc": 0.9996828679806836,
      "ece": 0.09102912672488433,
      "mce": 0.5717990853528778,
      "mae": 0.09386562493173845,
      "rmse": 0.1769780659376232,
      "encryption_time": 0.0,
      "aggregation_time": 0.0,
      "evaluation_time": 0.015419721603393555,
      "total_time": 0.047271013259887695
    },
    {
      "round": 6,
      "accuracy": 0.9661666666666666,
      "f1_score": 0.963377232545553,
      "precision": 0.9312870596442274,
      "recall": 0.9977578475336323,
      "auc": 0.9997229911914796,
      "pr_auc": 0.9996828679806836,
      "ece": 0.09102912672488433,
      "mce": 0.5717990853528778,
      "mae": 0.09386562493173845,
      "rmse": 0.1769780659376232,
      "encryption_time": 0.0,
      "aggregation_time": 0.0,
      "evaluation_time": 0.01420736312866211,
      "total_time": 0.05333375930786133
    },
    {
      "round": 7,
      "accuracy": 0.9661666666666666,
      "f1_score": 0.963377232545553,
      "precision": 0.9312870596442274,
      "recall": 0.9977578475336323,
      "auc": 0.9997229911914796,
      "pr_auc": 0.9996828679806836,
      "ece": 0.09102912672488433,
      "mce": 0.5717990853528778,
      "mae": 0.09386562493173845,
      "rmse": 0.1769780659376232,
      "encryption_time": 0.0,
      "aggregation_time": 0.0,
      "evaluation_time": 0.021267175674438477,
      "total_time": 0.060652732849121094
    },
    {
      "round": 8,
      "accuracy": 0.9661666666666666,
      "f1_score": 0.963377232545553,
      "precision": 0.9312870596442274,
      "recall": 0.9977578475336323,
      "auc": 0.9997229911914796,
      "pr_auc": 0.9996828679806836,
      "ece": 0.09102912672488433,
      "mce": 0.5717990853528778,
      "mae": 0.09386562493173845,
      "rmse": 0.1769780659376232,
      "encryption_time": 0.0,
      "aggregation_time": 0.0,
      "evaluation_time": 0.013274908065795898,
      "total_time": 0.05229473114013672
    },
    {
      "round": 9,
      "accuracy": 0.9661666666666666,
      "f1_score": 0.963377232545553,
      "precision": 0.9312870596442274,
      "recall": 0.9977578475336323,
      "auc": 0.9997229911914796,
      "pr_auc": 0.9996828679806836,
      "ece": 0.09102912672488433,
      "mce": 0.5717990853528778,
      "mae": 0.09386562493173845,
      "rmse": 0.1769780659376232,
      "encryption_time": 0.0,
      "aggregation_time": 0.0,
      "evaluation_time": 0.015482902526855469,
      "total_time": 0.05243182182312012
    },
    {
      "round": 10,
      "accuracy": 0.9661666666666666,
      "f1_score": 0.963377232545553,
      "precision": 0.9312870596442274,
      "recall": 0.9977578475336323,
      "auc": 0.9997229911914796,
      "pr_auc": 0.9996828679806836,
      "ece": 0.09102912672488433,
      "mce": 0.5717990853528778,
      "mae": 0.09386562493173845,
      "rmse": 0.1769780659376232,
      "encryption_time": 0.0,
      "aggregation_time": 0.0,
      "evaluation_time": 0.010105609893798828,
      "total_time": 0.05633258819580078
    },
    {
      "round": 11,
      "accuracy": 0.9661666666666666,
      "f1_score": 0.963377232545553,
      "precision": 0.9312870596442274,
      "recall": 0.9977578475336323,
      "auc": 0.9997229911914796,
      "pr_auc": 0.9996828679806836,
      "ece": 0.09102912672488433,
      "mce": 0.5717990853528778,
      "mae": 0.09386562493173845,
      "rmse": 0.1769780659376232,
      "encryption_time": 0.0,
      "aggregation_time": 0.0,
      "evaluation_time": 0.014750480651855469,
      "total_time": 0.04818534851074219
    },
    {
      "round": 12,
      "accuracy": 0.9661666666666666,
      "f1_score": 0.963377232545553,
      "precision": 0.9312870596442274,
      "recall": 0.9977578475336323,
      "auc": 0.9997229911914796,
      "pr_auc": 0.9996828679806836,
      "ece": 0.09102912672488433,
      "mce": 0.5717990853528778,
      "mae": 0.09386562493173845,
      "rmse": 0.1769780659376232,
      "encryption_time": 0.0,
      "aggregation_time": 0.0,
      "evaluation_time": 0.01617288589477539,
      "total_time": 0.05807781219482422
    },
    {
      "round": 13,
      "accuracy": 0.9661666666666666,
      "f1_score": 0.963377232545553,
      "precision": 0.9312870596442274,
      "recall": 0.9977578475336323,
      "auc": 0.9997229911914796,
      "pr_auc": 0.9996828679806836,
      "ece": 0.09102912672488433,
      "mce": 0.5717990853528778,
      "mae": 0.09386562493173845,
      "rmse": 0.1769780659376232,