{
  "pipeline_info": {
    "type": "plaintext",
    "rounds": 10,
    "clients": 60,
    "timestamp": "2025-09-16 12:16:35",
    "total_samples": 12000,
    "one_class_clients": 17,
    "one_class_percentage": 28.333333333333332
  },
  "final_performance": {
    "accuracy": 0.9878333333333333,
    "f1_score": 0.9874721125793718,
    "precision": 0.9797377830750894,
    "recall": 0.9953295277633627,
    "auc": 0.9997109760589658,
    "pr_auc": 0.999715294084862,
    "mae": 0.0880285315442026,
    "rmse": 0.15448268377690733,
    "ece": 0.08447882691357851,
    "mce": 0.49318973645700603
  },
  "performance_trends": {
    "initial_accuracy": 0.9878333333333333,
    "final_accuracy": 0.9878333333333333,
    "accuracy_improvement": 0.0,
    "best_accuracy": 0.9878333333333333,
    "final_f1": 0.9874721125793718,
    "best_f1": 0.9874721125793718
  },
  "timing_statistics": {
    "total_encryption_time": 0.0,
    "total_aggregation_time": 0.0011286735534667969,
    "total_evaluation_time": 0.17934179306030273,
    "total_time": 0.9038403034210205,
    "avg_round_time": 0.09038403034210205,
    "avg_encryption_time": 0.0,
    "avg_aggregation_time": 0.00011286735534667968
  },
  "round_details": [
    {
      "round": 1,
      "accuracy": 0.9878333333333333,
      "f1_score": 0.9874721125793718,
      "precision": 0.9797377830750894,
      "recall": 0.9953295277633627,
      "auc": 0.9997109760589658,
      "pr_auc": 0.999715294084862,
      "ece": 0.08447882691357851,
      "mce": 0.49318973645700603,
      "mae": 0.0880285315442026,
      "rmse": 0.15448268377690733,
      "encryption_time": 0.0,
      "aggregation_time": 0.0,
      "evaluation_time": 0.01685619354248047,
      "total_time": 0.09148788452148438
    },
    {
      "round": 2,
      "accuracy": 0.9878333333333333,
      "f1_score": 0.9874721125793718,
      "precision": 0.9797377830750894,
      "recall": 0.9953295277633627,
      "auc": 0.9997109760589658,
      "pr_auc": 0.999715294084862,
      "ece": 0.08447882691357851,
      "mce": 0.49318973645700603,
      "mae": 0.0880285315442026,
      "rmse": 0.15448268377690733,
      "encryption_time": 0.0,
      "aggregation_time": 0.0,
      "evaluation_time": 0.01775670051574707,
      "total_time": 0.08543109893798828
    },
    {
      "round": 3,
      "accuracy": 0.9878333333333333,
      "f1_score": 0.9874721125793718,
      "precision": 0.9797377830750894,
      "recall": 0.9953295277633627,
      "auc": 0.9997109760589658,
      "pr_auc": 0.999715294084862,
      "ece": 0.08447882691357851,
      "mce": 0.49318973645700603,
      "mae": 0.0880285315442026,
      "rmse": 0.15448268377690733,
      "encryption_time": 0.0,
      "aggregation_time": 0.0,
      "evaluation_time": 0.016538381576538086,
      "total_time": 0.08673739433288574
    },
    {
      "round": 4,
      "accuracy": 0.9878333333333333,
      "f1_score": 0.9874721125793718,
      "precision": 0.9797377830750894,
      "recall": 0.9953295277633627,
      "auc": 0.9997109760589658,
      "pr_auc": 0.999715294084862,
      "ece": 0.08447882691357851,
      "mce": 0.49318973645700603,
      "mae": 0.0880285315442026,
      "rmse": 0.15448268377690733,
      "encryption_time": 0.0,
      "aggregation_time": 0.0,
      "evaluation_time": 0.01645636558532715,
      "total_time": 0.0870966911315918
    },
    {
      "round": 5,
      "accuracy": 0.9878333333333333,
      "f1_score": 0.9874721125793718,
      "precision": 0.9797377830750894,
      "recall": 0.9953295277633627,
      "auc": 0.9997109760589658,
      "pr_auc": 0.999715294084862,
      "ece": 0.08447882691357851,
      "mce": 0.49318973645700603,
      "mae": 0.0880285315442026,
      "rmse": 0.15448268377690733,
      "encryption_time": 0.0,
      "aggregation_time": 0.0011286735534667969,
      "evaluation_time": 0.017292499542236328,
      "total_time": 0.09939742088317871
    },
    {
      "round": 6,
      "accuracy": 0.9878333333333333,
      "f1_score": 0.9874721125793718,
      "precision": 0.9797377830750894,
      "recall": 0.9953295277633627,
      "auc": 0.9997109760589658,
      "pr_auc": 0.999715294084862,
      "ece": 0.08447882691357851,
      "mce": 0.49318973645700603,
      "mae": 0.0880285315442026,
      "rmse": 0.15448268377690733,
      "encryption_time": 0.0,
      "aggregation_time": 0.0,
      "evaluation_time": 0.018358469009399414,
      "total_time": 0.09331774711608887
    },
    {
      "round": 7,
      "accuracy": 0.9878333333333333,
      "f1_score": 0.9874721125793718,
      "precision": 0.9797377830750894,
      "recall": 0.9953295277633627,
      "auc": 0.9997109760589658,
      "pr_auc": 0.999715294084862,
      "ece": 0.08447882691357851,
      "mce": 0.49318973645700603,
      "mae": 0.0880285315442026,
      "rmse": 0.15448268377690733,
      "encryption_time": 0.0,
      "aggregation_time": 0.0,
      "evaluation_time": 0.01808905601501465,
      "total_time": 0.08852791786193848
    },
    {
      "round": 8,
      "accuracy": 0.9878333333333333,
      "f1_score": 0.9874721125793718,
      "precision": 0.9797377830750894,
      "recall": 0.9953295277633627,
      "auc": 0.9997109760589658,
      "pr_auc": 0.999715294084862,
      "ece": 0.08447882691357851,
      "mce": 0.49318973645700603,
      "mae": 0.0880285315442026,
      "rmse": 0.15448268377690733,
      "encryption_time": 0.0,
      "aggregation_time": 0.0,
      "evaluation_time": 0.01665663719177246,
      "total_time": 0.08469343185424805
    },
    {
      "round": 9,
      "accuracy": 0.9878333333333333,
      "f1_score": 0.9874721125793718,
      "precision": 0.9797377830750894,
      "recall": 0.9953295277633627,
      "auc": 0.9997109760589658,
      "pr_auc": 0.999715294084862,
      "ece": 0.08447882691357851,
      "mce": 0.49318973645700603,
      "mae": 0.0880285315442026,
      "rmse": 0.15448268377690733,
      "encryption_time": 0.0,
      "aggregation_time": 0.0,
      "evaluation_time": 0.018312692642211914,
      "total_time": 0.09375619888305664
    },
    {
      "round": 10,
      "accuracy": 0.9878333333333333,
      "f1_score": 0.9874721125793718,
      "precision": 0.9797377830750894,
      "recall": 0.9953295277633627,
      "auc": 0.9997109760589658,
      "pr_auc": 0.999715294084862,
      "ece": 0.08447882691357851,
      "mce": 0.49318973645700603,
      "mae": 0.0880285315442026,
      "rmse": 0.15448268377690733,
      "encryption_time": 0.0,
      "aggregation_time": 0.0,
      "evaluation_time": 0.023024797439575195,
      "total_time": 0.09339451789855957
    }
  ]
}