{
  "pipeline_info": {
    "type": "plaintext",
    "rounds": 20,
    "clients": 40,
    "timestamp": "2025-09-16 11:57:20",
    "total_samples": 8000,
    "one_class_clients": 10,
    "one_class_percentage": 25.0
  },
  "final_performance": {
    "accuracy": 0.956,
    "f1_score": 0.9519388312397596,
    "precision": 0.9092331768388107,
    "recall": 0.9988538681948425,
    "auc": 0.9997003792908469,
    "pr_auc": 0.9996438073452995,
    "mae": 0.103517023041498,
    "rmse": 0.1920816164982005,
    "ece": 0.10026646712028468,
    "mce": 0.6051725899883845
  },
  "performance_trends": {
    "initial_accuracy": 0.956,
    "final_accuracy": 0.956,
    "accuracy_improvement": 0.0,
    "best_accuracy": 0.956,
    "final_f1": 0.9519388312397596,
    "best_f1": 0.9519388312397596
  },
  "timing_statistics": {
    "total_encryption_time": 0.0,
    "total_aggregation_time": 0.005434989929199219,
    "total_evaluation_time": 0.38204455375671387,
    "total_time": 1.4481499195098877,
    "avg_round_time": 0.07240749597549438,
    "avg_encryption_time": 0.0,
    "avg_aggregation_time": 0.0002717494964599609
  },
  "round_details": [
    {
      "round": 1,
      "accuracy": 0.956,
      "f1_score": 0.9519388312397596,
      "precision": 0.9092331768388107,
      "recall": 0.9988538681948425,
      "auc": 0.9997003792908469,
      "pr_auc": 0.9996438073452995,
      "ece": 0.10026646712028468,
      "mce": 0.6051725899883845,
      "mae": 0.103517023041498,
      "rmse": 0.1920816164982005,
      "encryption_time": 0.0,
      "aggregation_time": 0.0,
      "evaluation_time": 0.014919042587280273,
      "total_time": 0.06096959114074707
    },
    {
      "round": 2,
      "accuracy": 0.956,
      "f1_score": 0.9519388312397596,
      "precision": 0.9092331768388107,
      "recall": 0.9988538681948425,
      "auc": 0.9997003792908469,
      "pr_auc": 0.9996438073452995,
      "ece": 0.10026646712028468,
      "mce": 0.6051725899883845,
      "mae": 0.103517023041498,
      "rmse": 0.1920816164982005,
      "encryption_time": 0.0,
      "aggregation_time": 0.0,
      "evaluation_time": 0.016516923904418945,
      "total_time": 0.05917644500732422
    },
    {
      "round": 3,
      "accuracy": 0.956,
      "f1_score": 0.9519388312397596,
      "precision": 0.9092331768388107,
      "recall": 0.9988538681948425,
      "auc": 0.9997003792908469,
      "pr_auc": 0.9996438073452995,
      "ece": 0.10026646712028468,
      "mce": 0.6051725899883845,
      "mae": 0.103517023041498,
      "rmse": 0.1920816164982005,
      "encryption_time": 0.0,
      "aggregation_time": 0.0,
      "evaluation_time": 0.016633987426757812,
      "total_time": 0.07843947410583496
    },
    {
      "round": 4,
      "accuracy": 0.956,
      "f1_score": 0.9519388312397596,
      "precision": 0.9092331768388107,
      "recall": 0.9988538681948425,
      "auc": 0.9997003792908469,
      "pr_auc": 0.9996438073452995,
      "ece": 0.10026646712028468,
      "mce": 0.6051725899883845,
      "mae": 0.103517023041498,
      "rmse": 0.1920816164982005,
      "encryption_time": 0.0,
      "aggregation_time": 0.0,
      "evaluation_time": 0.01615762710571289,
      "total_time": 0.06211209297180176
    },
    {
      "round": 5,
      "accuracy": 0.956,
      "f1_score": 0.9519388312397596,
      "precision": 0.9092331768388107,
      "recall": 0.9988538681948425,
      "auc": 0.9997003792908469,
      "pr_auc": 0.9996438073452995,
      "ece": 0.10026646712028468,
      "mce": 0.6051725899883845,
      "mae": 0.103517023041498,
      "rmse": 0.1920816164982005,
      "encryption_time": 0.0,
      "aggregation_time": 0.0,
      "evaluation_time": 0.019611597061157227,
      "total_time": 0.06688427925109863
    },
    {
      "round": 6,
      "accuracy": 0.956,
      "f1_score": 0.9519388312397596,
      "precision": 0.9092331768388107,
      "recall": 0.9988538681948425,
      "auc": 0.9997003792908469,
      "pr_auc": 0.9996438073452995,
      "ece": 0.10026646712028468,
      "mce": 0.6051725899883845,
      "mae": 0.103517023041498,
      "rmse": 0.1920816164982005,
      "encryption_time": 0.0,
      "aggregation_time": 0.0005278587341308594,
      "evaluation_time": 0.014870405197143555,
      "total_time": 0.06350088119506836
    },
    {
      "round": 7,
      "accuracy": 0.956,
      "f1_score": 0.9519388312397596,
      "precision": 0.9092331768388107,
      "recall": 0.9988538681948425,
      "auc": 0.9997003792908469,
      "pr_auc": 0.9996438073452995,
      "ece": 0.10026646712028468,
      "mce": 0.6051725899883845,
      "mae": 0.103517023041498,
      "rmse": 0.1920816164982005,
      "encryption_time": 0.0,
      "aggregation_time": 0.0010952949523925781,
      "evaluation_time": 0.016112565994262695,
      "total_time": 0.06926321983337402
    },
    {
      "round": 8,
      "accuracy": 0.956,
      "f1_score": 0.9519388312397596,
      "precision": 0.9092331768388107,
      "recall": 0.9988538681948425,
      "auc": 0.9997003792908469,
      "pr_auc": 0.9996438073452995,
      "ece": 0.10026646712028468,
      "mce": 0.6051725899883845,
      "mae": 0.103517023041498,
      "rmse": 0.1920816164982005,
      "encryption_time": 0.0,
      "aggregation_time": 0.0,
      "evaluation_time": 0.017078399658203125,
      "total_time": 0.06522917747497559
    },
    {
      "round": 9,
      "accuracy": 0.956,
      "f1_score": 0.9519388312397596,
      "precision": 0.9092331768388107,
      "recall": 0.9988538681948425,
      "auc": 0.9997003792908469,
      "pr_auc": 0.9996438073452995,
      "ece": 0.10026646712028468,
      "mce": 0.6051725899883845,
      "mae": 0.103517023041498,
      "rmse": 0.1920816164982005,
      "encryption_time": 0.0,
      "aggregation_time": 0.0,
      "evaluation_time": 0.015009403228759766,
      "total_time": 0.05867266654968262
    },
    {
      "round": 10,
      "accuracy": 0.956,
      "f1_score": 0.9519388312397596,
      "precision": 0.9092331768388107,
      "recall": 0.9988538681948425,
      "auc": 0.9997003792908469,
      "pr_auc": 0.9996438073452995,
      "ece": 0.10026646712028468,
      "mce": 0.6051725899883845,
      "mae": 0.103517023041498,
      "rmse": 0.1920816164982005,
      "encryption_time": 0.0,
      "aggregation_time": 0.0,
      "evaluation_time": 0.01676201820373535,
      "total_time": 0.06019163131713867
    },
    {
      "round": 11,
      "accuracy": 0.956,
      "f1_score": 0.9519388312397596,
      "precision": 0.9092331768388107,
      "recall": 0.9988538681948425,
      "auc": 0.9997003792908469,
      "pr_auc": 0.9996438073452995,
      "ece": 0.10026646712028468,
      "mce": 0.6051725899883845,
      "mae": 0.103517023041498,
      "rmse": 0.1920816164982005,
      "encryption_time": 0.0,
      "aggregation_time": 0.0,
      "evaluation_time": 0.017719030380249023,
      "total_time": 0.06975936889648438
    },
    {
      "round": 12,
      "accuracy": 0.956,
      "f1_score": 0.9519388312397596,
      "precision": 0.9092331768388107,
      "recall": 0.9988538681948425,
      "auc": 0.9997003792908469,
      "pr_auc": 0.9996438073452995,
      "ece": 0.10026646712028468,
      "mce": 0.6051725899883845,
      "mae": 0.103517023041498,
      "rmse": 0.1920816164982005,
      "encryption_time": 0.0,
      "aggregation_time": 0.0014510154724121094,
      "evaluation_time": 0.016679763793945312,
      "total_time": 0.0673515796661377
    },
    {
      "round": 13,
      "accuracy": 0.956,
      "f1_score": 0.9519388312397596,
      "precision": 0.9092331768388107,
      "recall": 0.9988538681948425,
      "auc": 0.9997003792908469,
      "pr_auc": 0.9996438073452995,
      "ece": 0.10026646712028468,
      "mce": 0.6051725899883845,
      "mae": 0.103517023041498,
      "rmse": 0.1920816164982005,
      "encryption_time": 0.0,
      "aggregation_time": 0.0,
      "evaluation_time": 0.022741317749023438,
      "total_time": 0.07159543037414551
    },
    {
      "round": 14,
      "accuracy": 0.956,