{
  "pipeline_info": {
    "type": "plaintext",
    "rounds": 30,
    "clients": 60,
    "timestamp": "2025-09-16 12:17:04",
    "total_samples": 12000,
    "one_class_clients": 17,
    "one_class_percentage": 28.333333333333332
  },
  "final_performance": {
    "accuracy": 0.9878333333333333,
    "f1_score": 0.9874721125793718,
    "precision": 0.9797377830750894,
    "recall": 0.9953295277633627,
    "auc": 0.9997109760589658,
    "pr_auc": 0.999715294084862,
    "mae": 0.0880285315442026,
    "rmse": 0.15448268377690733,
    "ece": 0.08447882691357851,
    "mce": 0.49318973645700603
  },
  "performance_trends": {
    "initial_accuracy": 0.9878333333333333,
    "final_accuracy": 0.9878333333333333,
    "accuracy_improvement": 0.0,
    "best_accuracy": 0.9878333333333333,
    "final_f1": 0.9874721125793718,
    "best_f1": 0.9874721125793718
  },
  "timing_statistics": {
    "total_encryption_time": 0.0,
    "total_aggregation_time": 0.0010254383087158203,
    "total_evaluation_time": 0.5419063568115234,
    "total_time": 2.781158447265625,
    "avg_round_time": 0.09270528157552084,
    "avg_encryption_time": 0.0,
    "avg_aggregation_time": 3.418127695719401e-05
  },
  "round_details": [
    {
      "round": 1,
      "accuracy": 0.9878333333333333,
      "f1_score": 0.9874721125793718,
      "precision": 0.9797377830750894,
      "recall": 0.9953295277633627,
      "auc": 0.9997109760589658,
      "pr_auc": 0.999715294084862,
      "ece": 0.08447882691357851,
      "mce": 0.49318973645700603,
      "mae": 0.0880285315442026,
      "rmse": 0.15448268377690733,
      "encryption_time": 0.0,
      "aggregation_time": 0.0010254383087158203,
      "evaluation_time": 0.019704103469848633,
      "total_time": 0.10203313827514648
    },
    {
      "round": 2,
      "accuracy": 0.9878333333333333,
      "f1_score": 0.9874721125793718,
      "precision": 0.9797377830750894,
      "recall": 0.9953295277633627,
      "auc": 0.9997109760589658,
      "pr_auc": 0.999715294084862,
      "ece": 0.08447882691357851,
      "mce": 0.49318973645700603,
      "mae": 0.0880285315442026,
      "rmse": 0.15448268377690733,
      "encryption_time": 0.0,
      "aggregation_time": 0.0,
      "evaluation_time": 0.016993999481201172,
      "total_time": 0.09409737586975098
    },
    {
      "round": 3,
      "accuracy": 0.9878333333333333,
      "f1_score": 0.9874721125793718,
      "precision": 0.9797377830750894,
      "recall": 0.9953295277633627,
      "auc": 0.9997109760589658,
      "pr_auc": 0.999715294084862,
      "ece": 0.08447882691357851,
      "mce": 0.49318973645700603,
      "mae": 0.0880285315442026,
      "rmse": 0.15448268377690733,
      "encryption_time": 0.0,
      "aggregation_time": 0.0,
      "evaluation_time": 0.015645265579223633,
      "total_time": 0.08770513534545898
    },
    {
      "round": 4,
      "accuracy": 0.9878333333333333,
      "f1_score": 0.9874721125793718,
      "precision": 0.9797377830750894,
      "recall": 0.9953295277633627,
      "auc": 0.9997109760589658,
      "pr_auc": 0.999715294084862,
      "ece": 0.08447882691357851,
      "mce": 0.49318973645700603,
      "mae": 0.0880285315442026,
      "rmse": 0.15448268377690733,
      "encryption_time": 0.0,
      "aggregation_time": 0.0,
      "evaluation_time": 0.017354965209960938,
      "total_time": 0.08328008651733398
    },
    {
      "round": 5,
      "accuracy": 0.9878333333333333,
      "f1_score": 0.9874721125793718,
      "precision": 0.9797377830750894,
      "recall": 0.9953295277633627,
      "auc": 0.9997109760589658,
      "pr_auc": 0.999715294084862,
      "ece": 0.08447882691357851,
      "mce": 0.49318973645700603,
      "mae": 0.0880285315442026,
      "rmse": 0.15448268377690733,
      "encryption_time": 0.0,
      "aggregation_time": 0.0,
      "evaluation_time": 0.018671512603759766,
      "total_time": 0.09929323196411133
    },
    {
      "round": 6,
      "accuracy": 0.9878333333333333,
      "f1_score": 0.9874721125793718,
      "precision": 0.9797377830750894,
      "recall": 0.9953295277633627,
      "auc": 0.9997109760589658,
      "pr_auc": 0.999715294084862,
      "ece": 0.08447882691357851,
      "mce": 0.49318973645700603,
      "mae": 0.0880285315442026,
      "rmse": 0.15448268377690733,
      "encryption_time": 0.0,
      "aggregation_time": 0.0,
      "evaluation_time": 0.02110600471496582,
      "total_time": 0.0964972972869873
    },
    {
      "round": 7,
      "accuracy": 0.9878333333333333,
      "f1_score": 0.9874721125793718,
      "precision": 0.9797377830750894,
      "recall": 0.9953295277633627,
      "auc": 0.9997109760589658,
      "pr_auc": 0.999715294084862,
      "ece": 0.08447882691357851,
      "mce": 0.49318973645700603,
      "mae": 0.0880285315442026,
      "rmse": 0.15448268377690733,
      "encryption_time": 0.0,
      "aggregation_time": 0.0,
      "evaluation_time": 0.01590704917907715,
      "total_time": 0.08453035354614258
    },
    {
      "round": 8,
      "accuracy": 0.9878333333333333,
      "f1_score": 0.9874721125793718,
      "precision": 0.9797377830750894,
      "recall": 0.9953295277633627,
      "auc": 0.9997109760589658,
      "pr_auc": 0.999715294084862,
      "ece": 0.08447882691357851,
      "mce": 0.49318973645700603,
      "mae": 0.0880285315442026,
      "rmse": 0.15448268377690733,
      "encryption_time": 0.0,
      "aggregation_time": 0.0,
      "evaluation_time": 0.01764082908630371,
      "total_time": 0.09991574287414551
    },
    {
      "round": 9,
      "accuracy": 0.9878333333333333,
      "f1_score": 0.9874721125793718,
      "precision": 0.9797377830750894,
      "recall": 0.9953295277633627,
      "auc": 0.9997109760589658,
      "pr_auc": 0.999715294084862,
      "ece": 0.08447882691357851,
      "mce": 0.49318973645700603,
      "mae": 0.0880285315442026,
      "rmse": 0.15448268377690733,
      "encryption_time": 0.0,
      "aggregation_time": 0.0,
      "evaluation_time": 0.016025066375732422,
      "total_time": 0.0860893726348877
    },
    {
      "round": 10,
      "accuracy": 0.9878333333333333,
      "f1_score": 0.9874721125793718,
      "precision": 0.9797377830750894,
      "recall": 0.9953295277633627,
      "auc": 0.9997109760589658,
      "pr_auc": 0.999715294084862,
      "ece": 0.08447882691357851,
      "mce": 0.49318973645700603,
      "mae": 0.0880285315442026,
      "rmse": 0.15448268377690733,
      "encryption_time": 0.0,
      "aggregation_time": 0.0,
      "evaluation_time": 0.019204139709472656,
      "total_time": 0.09144878387451172
    },
    {
      "round": 11,
      "accuracy": 0.9878333333333333,
      "f1_score": 0.9874721125793718,
      "precision": 0.9797377830750894,
      "recall": 0.9953295277633627,
      "auc": 0.9997109760589658,
      "pr_auc": 0.999715294084862,
      "ece": 0.08447882691357851,
      "mce": 0.49318973645700603,
      "mae": 0.0880285315442026,
      "rmse": 0.15448268377690733,
      "encryption_time": 0.0,
      "aggregation_time": 0.0,
      "evaluation_time": 0.01699233055114746,
      "total_time": 0.09445810317993164
    },
    {
      "round": 12,
      "accuracy": 0.9878333333333333,
      "f1_score": 0.9874721125793718,
      "precision": 0.9797377830750894,
      "recall": 0.9953295277633627,
      "auc": 0.9997109760589658,
      "pr_auc": 0.999715294084862,
      "ece": 0.08447882691357851,
      "mce": 0.49318973645700603,
      "mae": 0.0880285315442026,
      "rmse": 0.15448268377690733,
      "encryption_time": 0.0,
      "aggregation_time": 0.0,
      "evaluation_time": 0.017893314361572266,
      "total_time": 0.09108424186706543
    },
    {
      "round": 13,
      "accuracy": 0.9878333333333333,
      "f1_score": 0.9874721125793718,
      "precision": 0.9797377830750894,
      "recall": 0.9953295277633627,
      "auc": 0.9997109760589658,
      "pr_auc": 0.999715294084862,
      "ece": 0.08447882691357851,
      "mce": 0.49318973645700603,
      "mae": 0.0880285315442026,