{
  "pipeline_info": {
    "type": "plaintext",
    "rounds": 20,
    "clients": 10,
    "timestamp": "2025-09-16 11:54:06",
    "total_samples": 2000,
    "one_class_clients": 1,
    "one_class_percentage": 10.0
  },
  "final_performance": {
    "accuracy": 0.9385,
    "f1_score": 0.9243076923076923,
    "precision": 0.8592677345537757,
    "recall": 1.0,
    "auc": 0.9999989339007824,
    "pr_auc": 0.9999982293112729,
    "mae": 0.09700036017252615,
    "rmse": 0.19790716166988995,
    "ece": 0.09676843185604746,
    "mce": 0.6724788191002579
  },
  "performance_trends": {
    "initial_accuracy": 0.9385,
    "final_accuracy": 0.9385,
    "accuracy_improvement": 0.0,
    "best_accuracy": 0.9385,
    "final_f1": 0.9243076923076923,
    "best_f1": 0.9243076923076923
  },
  "timing_statistics": {
    "total_encryption_time": 0.0,
    "total_aggregation_time": 0.0013523101806640625,
    "total_evaluation_time": 0.1757640838623047,
    "total_time": 0.44983792304992676,
    "avg_round_time": 0.02249189615249634,
    "avg_encryption_time": 0.0,
    "avg_aggregation_time": 6.761550903320313e-05
  },
  "round_details": [
    {
      "round": 1,
      "accuracy": 0.9385,
      "f1_score": 0.9243076923076923,
      "precision": 0.8592677345537757,
      "recall": 1.0,
      "auc": 0.9999989339007824,
      "pr_auc": 0.9999982293112729,
      "ece": 0.09676843185604746,
      "mce": 0.6724788191002579,
      "mae": 0.09700036017252615,
      "rmse": 0.19790716166988995,
      "encryption_time": 0.0,
      "aggregation_time": 0.0,
      "evaluation_time": 0.009078264236450195,
      "total_time": 0.025281667709350586
    },
    {
      "round": 2,
      "accuracy": 0.9385,
      "f1_score": 0.9243076923076923,
      "precision": 0.8592677345537757,
      "recall": 1.0,
      "auc": 0.9999989339007824,
      "pr_auc": 0.9999982293112729,
      "ece": 0.09676843185604746,
      "mce": 0.6724788191002579,
      "mae": 0.09700036017252615,
      "rmse": 0.19790716166988995,
      "encryption_time": 0.0,
      "aggregation_time": 0.0,
      "evaluation_time": 0.009137392044067383,
      "total_time": 0.023487567901611328
    },
    {
      "round": 3,
      "accuracy": 0.9385,
      "f1_score": 0.9243076923076923,
      "precision": 0.8592677345537757,
      "recall": 1.0,
      "auc": 0.9999989339007824,
      "pr_auc": 0.9999982293112729,
      "ece": 0.09676843185604746,
      "mce": 0.6724788191002579,
      "mae": 0.09700036017252615,
      "rmse": 0.19790716166988995,
      "encryption_time": 0.0,
      "aggregation_time": 0.0,
      "evaluation_time": 0.008335351943969727,
      "total_time": 0.023418903350830078
    },
    {
      "round": 4,
      "accuracy": 0.9385,
      "f1_score": 0.9243076923076923,
      "precision": 0.8592677345537757,
      "recall": 1.0,
      "auc": 0.9999989339007824,
      "pr_auc": 0.9999982293112729,
      "ece": 0.09676843185604746,
      "mce": 0.6724788191002579,
      "mae": 0.09700036017252615,
      "rmse": 0.19790716166988995,
      "encryption_time": 0.0,
      "aggregation_time": 0.0,
      "evaluation_time": 0.010434150695800781,
      "total_time": 0.024254560470581055
    },
    {
      "round": 5,
      "accuracy": 0.9385,
      "f1_score": 0.9243076923076923,
      "precision": 0.8592677345537757,
      "recall": 1.0,
      "auc": 0.9999989339007824,
      "pr_auc": 0.9999982293112729,
      "ece": 0.09676843185604746,
      "mce": 0.6724788191002579,
      "mae": 0.09700036017252615,
      "rmse": 0.19790716166988995,
      "encryption_time": 0.0,
      "aggregation_time": 0.0,
      "evaluation_time": 0.0075778961181640625,
      "total_time": 0.021661996841430664
    },
    {
      "round": 6,
      "accuracy": 0.9385,
      "f1_score": 0.9243076923076923,
      "precision": 0.8592677345537757,
      "recall": 1.0,
      "auc": 0.9999989339007824,
      "pr_auc": 0.9999982293112729,
      "ece": 0.09676843185604746,
      "mce": 0.6724788191002579,
      "mae": 0.09700036017252615,
      "rmse": 0.19790716166988995,
      "encryption_time": 0.0,
      "aggregation_time": 0.0,
      "evaluation_time": 0.010808467864990234,
      "total_time": 0.02581191062927246
    },
    {
      "round": 7,
      "accuracy": 0.9385,
      "f1_score": 0.9243076923076923,
      "precision": 0.8592677345537757,
      "recall": 1.0,
      "auc": 0.9999989339007824,
      "pr_auc": 0.9999982293112729,
      "ece": 0.09676843185604746,
      "mce": 0.6724788191002579,
      "mae": 0.09700036017252615,
      "rmse": 0.19790716166988995,
      "encryption_time": 0.0,
      "aggregation_time": 0.00034689903259277344,
      "evaluation_time": 0.007596492767333984,
      "total_time": 0.01864147186279297
    },
    {
      "round": 8,
      "accuracy": 0.9385,
      "f1_score": 0.9243076923076923,
      "precision": 0.8592677345537757,
      "recall": 1.0,
      "auc": 0.9999989339007824,
      "pr_auc": 0.9999982293112729,
      "ece": 0.09676843185604746,
      "mce": 0.6724788191002579,
      "mae": 0.09700036017252615,
      "rmse": 0.19790716166988995,
      "encryption_time": 0.0,
      "aggregation_time": 0.0,
      "evaluation_time": 0.0075359344482421875,
      "total_time": 0.021323442459106445
    },
    {
      "round": 9,
      "accuracy": 0.9385,
      "f1_score": 0.9243076923076923,
      "precision": 0.8592677345537757,
      "recall": 1.0,
      "auc": 0.9999989339007824,
      "pr_auc": 0.9999982293112729,
      "ece": 0.09676843185604746,
      "mce": 0.6724788191002579,
      "mae": 0.09700036017252615,
      "rmse": 0.19790716166988995,
      "encryption_time": 0.0,
      "aggregation_time": 0.0,
      "evaluation_time": 0.01004934310913086,
      "total_time": 0.022742748260498047
    },
    {
      "round": 10,
      "accuracy": 0.9385,
      "f1_score": 0.9243076923076923,
      "precision": 0.8592677345537757,
      "recall": 1.0,
      "auc": 0.9999989339007824,
      "pr_auc": 0.9999982293112729,
      "ece": 0.09676843185604746,
      "mce": 0.6724788191002579,
      "mae": 0.09700036017252615,
      "rmse": 0.19790716166988995,
      "encryption_time": 0.0,
      "aggregation_time": 0.0,
      "evaluation_time": 0.005855083465576172,
      "total_time": 0.019718647003173828
    },
    {
      "round": 11,
      "accuracy": 0.9385,
      "f1_score": 0.9243076923076923,
      "precision": 0.8592677345537757,
      "recall": 1.0,
      "auc": 0.9999989339007824,
      "pr_auc": 0.9999982293112729,
      "ece": 0.09676843185604746,
      "mce": 0.6724788191002579,
      "mae": 0.09700036017252615,
      "rmse": 0.19790716166988995,
      "encryption_time": 0.0,
      "aggregation_time": 0.0,
      "evaluation_time": 0.01022028923034668,
      "total_time": 0.0243227481842041
    },
    {
      "round": 12,
      "accuracy": 0.9385,
      "f1_score": 0.9243076923076923,
      "precision": 0.8592677345537757,
      "recall": 1.0,
      "auc": 0.9999989339007824,
      "pr_auc": 0.9999982293112729,
      "ece": 0.09676843185604746,
      "mce": 0.6724788191002579,
      "mae": 0.09700036017252615,
      "rmse": 0.19790716166988995,
      "encryption_time": 0.0,
      "aggregation_time": 0.0,
      "evaluation_time": 0.00956273078918457,
      "total_time": 0.0248105525970459
    },
    {
      "round": 13,
      "accuracy": 0.9385,
      "f1_score": 0.9243076923076923,
      "precision": 0.8592677345537757,
      "recall": 1.0,
      "auc": 0.9999989339007824,
      "pr_auc": 0.9999982293112729,
      "ece": 0.09676843185604746,
      "mce": 0.6724788191002579,
      "mae": 0.09700036017252615,
      "rmse": 0.19790716166988995,
      "encryption_time": 0.0,
      "aggregation_time": 0.0,
      "evaluation_time": 0.013248920440673828,
      "total_time": 0.02778911590576172
    },
    {
      "round": 14,
      "accuracy": 0.9385,
      "f1_score": 0.9243076923076923,
      "precision": 0.8592677345537757,
      "recall": 1.0,
      "auc": 0.9999989339007824,
      "pr_auc": 0.9999982293112729,