{
  "pipeline_info": {
    "type": "plaintext",
    "rounds": 10,
    "clients": 30,
    "timestamp": "2025-09-16 11:56:01",
    "total_samples": 6000,
    "one_class_clients": 8,
    "one_class_percentage": 26.666666666666668
  },
  "final_performance": {
    "accuracy": 0.9661666666666666,
    "f1_score": 0.963377232545553,
    "precision": 0.9312870596442274,
    "recall": 0.9977578475336323,
    "auc": 0.9997229911914796,
    "pr_auc": 0.9996828679806836,
    "mae": 0.09386562493173845,
    "rmse": 0.1769780659376232,
    "ece": 0.09102912672488433,
    "mce": 0.5717990853528778
  },
  "performance_trends": {
    "initial_accuracy": 0.9661666666666666,
    "final_accuracy": 0.9661666666666666,
    "accuracy_improvement": 0.0,
    "best_accuracy": 0.9661666666666666,
    "final_f1": 0.963377232545553,
    "best_f1": 0.963377232545553
  },
  "timing_statistics": {
    "total_encryption_time": 0.0,
    "total_aggregation_time": 0.0020537376403808594,
    "total_evaluation_time": 0.1547083854675293,
    "total_time": 0.5262417793273926,
    "avg_round_time": 0.052624177932739255,
    "avg_encryption_time": 0.0,
    "avg_aggregation_time": 0.00020537376403808593
  },
  "round_details": [
    {
      "round": 1,
      "accuracy": 0.9661666666666666,
      "f1_score": 0.963377232545553,
      "precision": 0.9312870596442274,
      "recall": 0.9977578475336323,
      "auc": 0.9997229911914796,
      "pr_auc": 0.9996828679806836,
      "ece": 0.09102912672488433,
      "mce": 0.5717990853528778,
      "mae": 0.09386562493173845,
      "rmse": 0.1769780659376232,
      "encryption_time": 0.0,
      "aggregation_time": 0.0010013580322265625,
      "evaluation_time": 0.015941858291625977,
      "total_time": 0.05499148368835449
    },
    {
      "round": 2,
      "accuracy": 0.9661666666666666,
      "f1_score": 0.963377232545553,
      "precision": 0.9312870596442274,
      "recall": 0.9977578475336323,
      "auc": 0.9997229911914796,
      "pr_auc": 0.9996828679806836,
      "ece": 0.09102912672488433,
      "mce": 0.5717990853528778,
      "mae": 0.09386562493173845,
      "rmse": 0.1769780659376232,
      "encryption_time": 0.0,
      "aggregation_time": 0.0,
      "evaluation_time": 0.014357805252075195,
      "total_time": 0.054850101470947266
    },
    {
      "round": 3,
      "accuracy": 0.9661666666666666,
      "f1_score": 0.963377232545553,
      "precision": 0.9312870596442274,
      "recall": 0.9977578475336323,
      "auc": 0.9997229911914796,
      "pr_auc": 0.9996828679806836,
      "ece": 0.09102912672488433,
      "mce": 0.5717990853528778,
      "mae": 0.09386562493173845,
      "rmse": 0.1769780659376232,
      "encryption_time": 0.0,
      "aggregation_time": 0.0010523796081542969,
      "evaluation_time": 0.01408243179321289,
      "total_time": 0.05142664909362793
    },
    {
      "round": 4,
      "accuracy": 0.9661666666666666,
      "f1_score": 0.963377232545553,
      "precision": 0.9312870596442274,
      "recall": 0.9977578475336323,
      "auc": 0.9997229911914796,
      "pr_auc": 0.9996828679806836,
      "ece": 0.09102912672488433,
      "mce": 0.5717990853528778,
      "mae": 0.09386562493173845,
      "rmse": 0.1769780659376232,
      "encryption_time": 0.0,
      "aggregation_time": 0.0,
      "evaluation_time": 0.0211181640625,
      "total_time": 0.05832839012145996
    },
    {
      "round": 5,
      "accuracy": 0.9661666666666666,
      "f1_score": 0.963377232545553,
      "precision": 0.9312870596442274,
      "recall": 0.9977578475336323,
      "auc": 0.9997229911914796,
      "pr_auc": 0.9996828679806836,
      "ece": 0.09102912672488433,
      "mce": 0.5717990853528778,
      "mae": 0.09386562493173845,
      "rmse": 0.1769780659376232,
      "encryption_time": 0.0,
      "aggregation_time": 0.0,
      "evaluation_time": 0.01704692840576172,
      "total_time": 0.0506136417388916
    },
    {
      "round": 6,
      "accuracy": 0.9661666666666666,
      "f1_score": 0.963377232545553,
      "precision": 0.9312870596442274,
      "recall": 0.9977578475336323,
      "auc": 0.9997229911914796,
      "pr_auc": 0.9996828679806836,
      "ece": 0.09102912672488433,
      "mce": 0.5717990853528778,
      "mae": 0.09386562493173845,
      "rmse": 0.1769780659376232,
      "encryption_time": 0.0,
      "aggregation_time": 0.0,
      "evaluation_time": 0.01360464096069336,
      "total_time": 0.052095651626586914
    },
    {
      "round": 7,
      "accuracy": 0.9661666666666666,
      "f1_score": 0.963377232545553,
      "precision": 0.9312870596442274,
      "recall": 0.9977578475336323,
      "auc": 0.9997229911914796,
      "pr_auc": 0.9996828679806836,
      "ece": 0.09102912672488433,
      "mce": 0.5717990853528778,
      "mae": 0.09386562493173845,
      "rmse": 0.1769780659376232,
      "encryption_time": 0.0,
      "aggregation_time": 0.0,
      "evaluation_time": 0.013389348983764648,
      "total_time": 0.04750370979309082
    },
    {
      "round": 8,
      "accuracy": 0.9661666666666666,
      "f1_score": 0.963377232545553,
      "precision": 0.9312870596442274,
      "recall": 0.9977578475336323,
      "auc": 0.9997229911914796,
      "pr_auc": 0.9996828679806836,
      "ece": 0.09102912672488433,
      "mce": 0.5717990853528778,
      "mae": 0.09386562493173845,
      "rmse": 0.1769780659376232,
      "encryption_time": 0.0,
      "aggregation_time": 0.0,
      "evaluation_time": 0.015450000762939453,
      "total_time": 0.04838418960571289
    },
    {
      "round": 9,
      "accuracy": 0.9661666666666666,
      "f1_score": 0.963377232545553,
      "precision": 0.9312870596442274,
      "recall": 0.9977578475336323,
      "auc": 0.9997229911914796,
      "pr_auc": 0.9996828679806836,
      "ece": 0.09102912672488433,
      "mce": 0.5717990853528778,
      "mae": 0.09386562493173845,
      "rmse": 0.1769780659376232,
      "encryption_time": 0.0,
      "aggregation_time": 0.0,
      "evaluation_time": 0.013406753540039062,
      "total_time": 0.05046963691711426
    },
    {
      "round": 10,
      "accuracy": 0.9661666666666666,
      "f1_score": 0.963377232545553,
      "precision": 0.9312870596442274,
      "recall": 0.9977578475336323,
      "auc": 0.9997229911914796,
      "pr_auc": 0.9996828679806836,
      "ece": 0.09102912672488433,
      "mce": 0.5717990853528778,
      "mae": 0.09386562493173845,
      "rmse": 0.1769780659376232,
      "encryption_time": 0.0,
      "aggregation_time": 0.0,
      "evaluation_time": 0.016310453414916992,
      "total_time": 0.057578325271606445
    }
  ]
}