{
  "pipeline_info": {
    "type": "plaintext",
    "rounds": 30,
    "clients": 30,
    "timestamp": "2025-09-16 11:56:20",
    "total_samples": 6000,
    "one_class_clients": 8,
    "one_class_percentage": 26.666666666666668
  },
  "final_performance": {
    "accuracy": 0.9661666666666666,
    "f1_score": 0.963377232545553,
    "precision": 0.9312870596442274,
    "recall": 0.9977578475336323,
    "auc": 0.9997229911914796,
    "pr_auc": 0.9996828679806836,
    "mae": 0.09386562493173845,
    "rmse": 0.1769780659376232,
    "ece": 0.09102912672488433,
    "mce": 0.5717990853528778
  },
  "performance_trends": {
    "initial_accuracy": 0.9661666666666666,
    "final_accuracy": 0.9661666666666666,
    "accuracy_improvement": 0.0,
    "best_accuracy": 0.9661666666666666,
    "final_f1": 0.963377232545553,
    "best_f1": 0.963377232545553
  },
  "timing_statistics": {
    "total_encryption_time": 0.0,
    "total_aggregation_time": 0.004187107086181641,
    "total_evaluation_time": 0.4312887191772461,
    "total_time": 1.5734283924102783,
    "avg_round_time": 0.05244761308034261,
    "avg_encryption_time": 0.0,
    "avg_aggregation_time": 0.00013957023620605468
  },
  "round_details": [
    {
      "round": 1,
      "accuracy": 0.9661666666666666,
      "f1_score": 0.963377232545553,
      "precision": 0.9312870596442274,
      "recall": 0.9977578475336323,
      "auc": 0.9997229911914796,
      "pr_auc": 0.9996828679806836,
      "ece": 0.09102912672488433,
      "mce": 0.5717990853528778,
      "mae": 0.09386562493173845,
      "rmse": 0.1769780659376232,
      "encryption_time": 0.0,
      "aggregation_time": 0.0,
      "evaluation_time": 0.021521806716918945,
      "total_time": 0.06813812255859375
    },
    {
      "round": 2,
      "accuracy": 0.9661666666666666,
      "f1_score": 0.963377232545553,
      "precision": 0.9312870596442274,
      "recall": 0.9977578475336323,
      "auc": 0.9997229911914796,
      "pr_auc": 0.9996828679806836,
      "ece": 0.09102912672488433,
      "mce": 0.5717990853528778,
      "mae": 0.09386562493173845,
      "rmse": 0.1769780659376232,
      "encryption_time": 0.0,
      "aggregation_time": 0.0,
      "evaluation_time": 0.013751745223999023,
      "total_time": 0.05241036415100098
    },
    {
      "round": 3,
      "accuracy": 0.9661666666666666,
      "f1_score": 0.963377232545553,
      "precision": 0.9312870596442274,
      "recall": 0.9977578475336323,
      "auc": 0.9997229911914796,
      "pr_auc": 0.9996828679806836,
      "ece": 0.09102912672488433,
      "mce": 0.5717990853528778,
      "mae": 0.09386562493173845,
      "rmse": 0.1769780659376232,
      "encryption_time": 0.0,
      "aggregation_time": 0.0,
      "evaluation_time": 0.011200666427612305,
      "total_time": 0.050128936767578125
    },
    {
      "round": 4,
      "accuracy": 0.9661666666666666,
      "f1_score": 0.963377232545553,
      "precision": 0.9312870596442274,
      "recall": 0.9977578475336323,
      "auc": 0.9997229911914796,
      "pr_auc": 0.9996828679806836,
      "ece": 0.09102912672488433,
      "mce": 0.5717990853528778,
      "mae": 0.09386562493173845,
      "rmse": 0.1769780659376232,
      "encryption_time": 0.0,
      "aggregation_time": 0.0,
      "evaluation_time": 0.015474081039428711,
      "total_time": 0.051788330078125
    },
    {
      "round": 5,
      "accuracy": 0.9661666666666666,
      "f1_score": 0.963377232545553,
      "precision": 0.9312870596442274,
      "recall": 0.9977578475336323,
      "auc": 0.9997229911914796,
      "pr_auc": 0.9996828679806836,
      "ece": 0.09102912672488433,
      "mce": 0.5717990853528778,
      "mae": 0.09386562493173845,
      "rmse": 0.1769780659376232,
      "encryption_time": 0.0,
      "aggregation_time": 0.0,
      "evaluation_time": 0.013196229934692383,
      "total_time": 0.052161216735839844
    },
    {
      "round": 6,
      "accuracy": 0.9661666666666666,
      "f1_score": 0.963377232545553,
      "precision": 0.9312870596442274,
      "recall": 0.9977578475336323,
      "auc": 0.9997229911914796,
      "pr_auc": 0.9996828679806836,
      "ece": 0.09102912672488433,
      "mce": 0.5717990853528778,
      "mae": 0.09386562493173845,
      "rmse": 0.1769780659376232,
      "encryption_time": 0.0,
      "aggregation_time": 0.0,
      "evaluation_time": 0.013188838958740234,
      "total_time": 0.04869699478149414
    },
    {
      "round": 7,
      "accuracy": 0.9661666666666666,
      "f1_score": 0.963377232545553,
      "precision": 0.9312870596442274,
      "recall": 0.9977578475336323,
      "auc": 0.9997229911914796,
      "pr_auc": 0.9996828679806836,
      "ece": 0.09102912672488433,
      "mce": 0.5717990853528778,
      "mae": 0.09386562493173845,
      "rmse": 0.1769780659376232,
      "encryption_time": 0.0,
      "aggregation_time": 0.0,
      "evaluation_time": 0.014114856719970703,
      "total_time": 0.05017542839050293
    },
    {
      "round": 8,
      "accuracy": 0.9661666666666666,
      "f1_score": 0.963377232545553,
      "precision": 0.9312870596442274,
      "recall": 0.9977578475336323,
      "auc": 0.9997229911914796,
      "pr_auc": 0.9996828679806836,
      "ece": 0.09102912672488433,
      "mce": 0.5717990853528778,
      "mae": 0.09386562493173845,
      "rmse": 0.1769780659376232,
      "encryption_time": 0.0,
      "aggregation_time": 0.0,
      "evaluation_time": 0.015316247940063477,
      "total_time": 0.05184006690979004
    },
    {
      "round": 9,
      "accuracy": 0.9661666666666666,
      "f1_score": 0.963377232545553,
      "precision": 0.9312870596442274,
      "recall": 0.9977578475336323,
      "auc": 0.9997229911914796,
      "pr_auc": 0.9996828679806836,
      "ece": 0.09102912672488433,
      "mce": 0.5717990853528778,
      "mae": 0.09386562493173845,
      "rmse": 0.1769780659376232,
      "encryption_time": 0.0,
      "aggregation_time": 0.0,
      "evaluation_time": 0.014588594436645508,
      "total_time": 0.05089974403381348
    },
    {
      "round": 10,
      "accuracy": 0.9661666666666666,
      "f1_score": 0.963377232545553,
      "precision": 0.9312870596442274,
      "recall": 0.9977578475336323,
      "auc": 0.9997229911914796,
      "pr_auc": 0.9996828679806836,
      "ece": 0.09102912672488433,
      "mce": 0.5717990853528778,
      "mae": 0.09386562493173845,
      "rmse": 0.1769780659376232,
      "encryption_time": 0.0,
      "aggregation_time": 0.0,
      "evaluation_time": 0.01414799690246582,
      "total_time": 0.04673266410827637
    },
    {
      "round": 11,
      "accuracy": 0.9661666666666666,
      "f1_score": 0.963377232545553,
      "precision": 0.9312870596442274,
      "recall": 0.9977578475336323,
      "auc": 0.9997229911914796,
      "pr_auc": 0.9996828679806836,
      "ece": 0.09102912672488433,
      "mce": 0.5717990853528778,
      "mae": 0.09386562493173845,
      "rmse": 0.1769780659376232,
      "encryption_time": 0.0,
      "aggregation_time": 0.0010066032409667969,
      "evaluation_time": 0.012939453125,
      "total_time": 0.04958200454711914
    },
    {
      "round": 12,
      "accuracy": 0.9661666666666666,
      "f1_score": 0.963377232545553,
      "precision": 0.9312870596442274,
      "recall": 0.9977578475336323,
      "auc": 0.9997229911914796,
      "pr_auc": 0.9996828679806836,
      "ece": 0.09102912672488433,
      "mce": 0.5717990853528778,
      "mae": 0.09386562493173845,
      "rmse": 0.1769780659376232,
      "encryption_time": 0.0,
      "aggregation_time": 0.0,
      "evaluation_time": 0.014228582382202148,
      "total_time": 0.04915761947631836
    },
    {
      "round": 13,
      "accuracy": 0.9661666666666666,
      "f1_score": 0.963377232545553,
      "precision": 0.9312870596442274,
      "recall": 0.9977578475336323,
      "auc": 0.9997229911914796,
      "pr_auc": 0.9996828679806836,
      "ece": 0.09102912672488433,
      "mce": 0.5717990853528778,
      "mae": 0.09386562493173845,
      "rmse": 0.1769780659376232,