{
  "pipeline_info": {
    "type": "fhe",
    "rounds": 20,
    "clients": 50,
    "timestamp": "2025-09-16 12:10:44",
    "total_samples": 10000,
    "one_class_clients": 13,
    "one_class_percentage": 26.0
  },
  "final_performance": {
    "accuracy": 0.8968,
    "f1_score": 0.8932119205298014,
    "precision": 0.8070306656694092,
    "recall": 1.0,
    "auc": 0.9997676517796407,
    "pr_auc": 0.9997164382642548,
    "mae": 0.11994286142793296,
    "rmse": 0.2455313531299958,
    "ece": 0.11802097634637466,
    "mce": 0.7633057369541318
  },
  "performance_trends": {
    "initial_accuracy": 0.9318,
    "final_accuracy": 0.8968,
    "accuracy_improvement": -0.03499999999999992,
    "best_accuracy": 0.9318,
    "final_f1": 0.8932119205298014,
    "best_f1": 0.9267768949967791
  },
  "timing_statistics": {
    "total_encryption_time": 8.114739418029785,
    "total_aggregation_time": 7.6960248947143555,
    "total_evaluation_time": 0,
    "total_time": 15.81076431274414,
    "avg_round_time": 0.790538215637207,
    "avg_encryption_time": 0.40573697090148925,
    "avg_aggregation_time": 0.38480124473571775
  },
  "round_details": [
    {
      "round": 1,
      "accuracy": 0.9318,
      "f1_score": 0.9267768949967791,
      "precision": 0.8635454181672669,
      "recall": 1.0,
      "auc": 0.9997430310208517,
      "pr_auc": 0.9996897675119667,
      "ece": 0.10784385136770692,
      "mce": 0.6937975194201209,
      "mae": 0.11024331507523225,
      "rmse": 0.21376244841085637,
      "encryption_time": 0.40263891220092773,
      "aggregation_time": 0.3782174587249756,
      "decryption_time": 0.0,
      "total_time": 0.7808563709259033,
      "is_encrypted": true,
      "improvement": 0.9318,
      "best_accuracy": 0.9318
    },
    {
      "round": 2,
      "accuracy": 0.8965,
      "f1_score": 0.8929347263887453,
      "precision": 0.8065782096804336,
      "recall": 1.0,
      "auc": 0.9997508574872217,
      "pr_auc": 0.9996983507469477,
      "ece": 0.1180264996173008,
      "mce": 0.779349479644663,
      "mae": 0.12029092114803018,
      "rmse": 0.24678713167535465,
      "encryption_time": 0.43534302711486816,
      "aggregation_time": 0.4109315872192383,
      "decryption_time": 0.0,
      "total_time": 0.8462746143341064,
      "is_encrypted": true,
      "improvement": -0.0353,
      "best_accuracy": 0.9318
    },
    {
      "round": 3,
      "accuracy": 0.898,
      "f1_score": 0.8943224202237878,
      "precision": 0.8088455772113943,
      "recall": 1.0,
      "auc": 0.9997463328113516,
      "pr_auc": 0.9996935846028484,
      "ece": 0.11794494194957804,
      "mce": 0.7809978305803047,
      "mae": 0.12021229465729971,
      "rmse": 0.2464888344195217,
      "encryption_time": 0.5481250286102295,
      "aggregation_time": 0.5199882984161377,
      "decryption_time": 0.0,
      "total_time": 1.0681133270263672,
      "is_encrypted": true,
      "improvement": -0.03379999999999994,
      "best_accuracy": 0.9318
    },
    {
      "round": 4,
      "accuracy": 0.8972,
      "f1_score": 0.8935817805383023,
      "precision": 0.8076347305389222,
      "recall": 1.0,
      "auc": 0.9997616596413261,
      "pr_auc": 0.9997104320116279,
      "ece": 0.11796259511183438,
      "mce": 0.764971896262414,
      "mae": 0.12025147765297575,
      "rmse": 0.24597492289601428,
      "encryption_time": 0.4203367233276367,
      "aggregation_time": 0.3956921100616455,
      "decryption_time": 0.0,
      "total_time": 0.8160288333892822,
      "is_encrypted": true,
      "improvement": -0.034599999999999964,
      "best_accuracy": 0.9318
    },
    {
      "round": 5,
      "accuracy": 0.8957,
      "f1_score": 0.8921963824289406,
      "precision": 0.8053741369658518,
      "recall": 1.0,
      "auc": 0.9997508574872216,
      "pr_auc": 0.9996979959519778,
      "ece": 0.11874435134329368,
      "mce": 0.7998996019274566,
      "mae": 0.12116214102911745,
      "rmse": 0.2481032405915197,
      "encryption_time": 0.45665621757507324,
      "aggregation_time": 0.4335932731628418,
      "decryption_time": 0.0,
      "total_time": 0.890249490737915,
      "is_encrypted": true,
      "improvement": -0.03609999999999991,
      "best_accuracy": 0.9318
    },
    {
      "round": 6,
      "accuracy": 0.8988,
      "f1_score": 0.8950642886768976,
      "precision": 0.81006006006006,
      "recall": 1.0,
      "auc": 0.9997469442540367,
      "pr_auc": 0.999693735161238,
      "ece": 0.11714656177237878,
      "mce": 0.7920479820976783,
      "mae": 0.11940505435966402,
      "rmse": 0.24564293241585192,
      "encryption_time": 0.614091157913208,
      "aggregation_time": 0.5819966793060303,
      "decryption_time": 0.0,
      "total_time": 1.1960878372192383,
      "is_encrypted": true,
      "improvement": -0.03299999999999992,
      "best_accuracy": 0.9318
    },
    {
      "round": 7,
      "accuracy": 0.8992,
      "f1_score": 0.8954356846473029,
      "precision": 0.8106686701728024,
      "recall": 1.0,
      "auc": 0.999759662261888,
      "pr_auc": 0.9997076822744319,
      "ece": 0.1165495643915443,
      "mce": 0.7719655096983686,
      "mae": 0.11864828547253342,
      "rmse": 0.2436559249811771,
      "encryption_time": 0.4319298267364502,
      "aggregation_time": 0.4160010814666748,
      "decryption_time": 0.0,
      "total_time": 0.847930908203125,
      "is_encrypted": true,
      "improvement": -0.03259999999999996,
      "best_accuracy": 0.9318
    },
    {
      "round": 8,
      "accuracy": 0.8985,
      "f1_score": 0.8947859438167306,
      "precision": 0.8096042018383043,
      "recall": 1.0,
      "auc": 0.9997420119497098,
      "pr_auc": 0.9996882807060389,
      "ece": 0.1174725326620111,
      "mce": 0.790967783409528,
      "mae": 0.1197442845648684,
      "rmse": 0.2457686285710488,
      "encryption_time": 0.3708465099334717,
      "aggregation_time": 0.3501596450805664,
      "decryption_time": 0.0,
      "total_time": 0.7210061550140381,
      "is_encrypted": true,
      "improvement": -0.033299999999999996,
      "best_accuracy": 0.9318
    },
    {
      "round": 9,
      "accuracy": 0.8986,
      "f1_score": 0.894878706199461,
      "precision": 0.8097560975609757,
      "recall": 1.0,
      "auc": 0.9997464958627341,
      "pr_auc": 0.9996930651900368,
      "ece": 0.11747373446912332,
      "mce": 0.789526393066436,
      "mae": 0.11904366454143646,
      "rmse": 0.24430901179967704,
      "encryption_time": 0.3739492893218994,
      "aggregation_time": 0.35309672355651855,
      "decryption_time": 0.0,
      "total_time": 0.727046012878418,
      "is_encrypted": true,
      "improvement": -0.03320000000000001,
      "best_accuracy": 0.9318
    },
    {
      "round": 10,
      "accuracy": 0.9001,
      "f1_score": 0.8962724535354584,
      "precision": 0.812041392285983,
      "recall": 1.0,
      "auc": 0.9997589692935114,
      "pr_auc": 0.9997067344165476,
      "ece": 0.11631732833894291,
      "mce": 0.7840153949269587,
      "mae": 0.11841394115438104,
      "rmse": 0.24287433978195583,
      "encryption_time": 0.37007975578308105,
      "aggregation_time": 0.35233592987060547,
      "decryption_time": 0.0,
      "total_time": 0.7224156856536865,
      "is_encrypted": true,
      "improvement": -0.03169999999999995,
      "best_accuracy": 0.9318
    },
    {
      "round": 11,
      "accuracy": 0.8974,
      "f1_score": 0.8937668254296955,
      "precision": 0.8079371022089106,
      "recall": 1.0,
      "auc": 0.9997445800089874,
      "pr_auc": 0.9996910606695649,
      "ece": 0.11792831560057213,
      "mce": 0.7995973751219894,
      "mae": 0.11964847685675588,
      "rmse": 0.24571441031676045,
      "encryption_time": 0.3635587692260742,
      "aggregation_time": 0.3473386764526367,
      "decryption_time": 0.0,
      "total_time": 0.7108974456787109,
      "is_encrypted": true,
      "improvement": -0.034399999999999986,
      "best_accuracy": 0.9318
    },
    {
      "round": 12,