{
  "pipeline_info": {
    "type": "fhe",
    "rounds": 3,
    "clients": 5,
    "timestamp": "2025-09-19 10:30:34",
    "total_samples": 1000,
    "one_class_clients": 1,
    "one_class_percentage": 20.0
  },
  "final_performance": {
    "accuracy": 0.807,
    "f1_score": 0.7694145758661888,
    "precision": 0.625242718446602,
    "recall": 1.0,
    "auc": 0.9995465288847359,
    "pr_auc": 0.9991512242248678,
    "mae": 0.1852756467342634,
    "rmse": 0.3884000690929837,
    "ece": 0.1851703919762907,
    "mce": 0.8518216321496572
  },
  "performance_trends": {
    "initial_accuracy": 0.85,
    "final_accuracy": 0.807,
    "accuracy_improvement": -0.04299999999999993,
    "best_accuracy": 0.85,
    "final_f1": 0.7694145758661888,
    "best_f1": 0.8110831234256927
  },
  "timing_statistics": {
    "total_encryption_time": 0.10547852516174316,
    "total_aggregation_time": 0.08822274208068848,
    "total_evaluation_time": 0,
    "total_time": 0.19370126724243164,
    "avg_round_time": 0.06456708908081055,
    "avg_encryption_time": 0.03515950838724772,
    "avg_aggregation_time": 0.029407580693562824
  },
  "round_details": [
    {
      "round": 1,
      "accuracy": 0.85,
      "f1_score": 0.8110831234256927,
      "precision": 0.6822033898305084,
      "recall": 1.0,
      "auc": 0.9999816779347368,
      "pr_auc": 0.9999618946004649,
      "ece": 0.15461474481969276,
      "mce": 0.8550076425531784,
      "mae": 0.15597819365727328,
      "rmse": 0.3248327915941601,
      "encryption_time": 0.03835153579711914,
      "aggregation_time": 0.0320737361907959,
      "decryption_time": 0.0,
      "total_time": 0.07042527198791504,
      "is_encrypted": true,
      "improvement": 0.85,
      "best_accuracy": 0.85
    },
    {
      "round": 2,
      "accuracy": 0.804,
      "f1_score": 0.7666666666666667,
      "precision": 0.6216216216216216,
      "recall": 1.0,
      "auc": 0.9997205885047362,
      "pr_auc": 0.9994480811333937,
      "ece": 0.1889882813206178,
      "mce": 0.8507289064839235,
      "mae": 0.1890967337918923,
      "rmse": 0.39392712694760557,
      "encryption_time": 0.034624338150024414,
      "aggregation_time": 0.027806758880615234,
      "decryption_time": 0.0,
      "total_time": 0.06243109703063965,
      "is_encrypted": true,
      "improvement": -0.04599999999999993,
      "best_accuracy": 0.85
    },
    {
      "round": 3,
      "accuracy": 0.807,
      "f1_score": 0.7694145758661888,
      "precision": 0.625242718446602,
      "recall": 1.0,
      "auc": 0.9995465288847359,
      "pr_auc": 0.9991512242248678,
      "ece": 0.1851703919762907,
      "mce": 0.8518216321496572,
      "mae": 0.1852756467342634,
      "rmse": 0.3884000690929837,
      "encryption_time": 0.03250265121459961,
      "aggregation_time": 0.028342247009277344,
      "decryption_time": 0.0,
      "total_time": 0.06084489822387695,
      "is_encrypted": true,
      "improvement": -0.04299999999999993,
      "best_accuracy": 0.85
    }
  ]
}