{
  "pipeline_info": {
    "type": "fhe",
    "rounds": 10,
    "clients": 50,
    "timestamp": "2025-09-16 12:10:23",
    "total_samples": 10000,
    "one_class_clients": 13,
    "one_class_percentage": 26.0
  },
  "final_performance": {
    "accuracy": 0.9001,
    "f1_score": 0.8962724535354584,
    "precision": 0.812041392285983,
    "recall": 1.0,
    "auc": 0.9997589692935114,
    "pr_auc": 0.9997067344165476,
    "mae": 0.11841394115191901,
    "rmse": 0.24287434006547912,
    "ece": 0.11631732833359058,
    "mce": 0.7840153999864385
  },
  "performance_trends": {
    "initial_accuracy": 0.9318,
    "final_accuracy": 0.9001,
    "accuracy_improvement": -0.03169999999999995,
    "best_accuracy": 0.9318,
    "final_f1": 0.8962724535354584,
    "best_f1": 0.9267768949967791
  },
  "timing_statistics": {
    "total_encryption_time": 4.151472568511963,
    "total_aggregation_time": 3.9503486156463623,
    "total_evaluation_time": 0,
    "total_time": 8.101821184158325,
    "avg_round_time": 0.8101821184158325,
    "avg_encryption_time": 0.4151472568511963,
    "avg_aggregation_time": 0.39503486156463624
  },
  "round_details": [
    {
      "round": 1,
      "accuracy": 0.9318,
      "f1_score": 0.9267768949967791,
      "precision": 0.8635454181672669,
      "recall": 1.0,
      "auc": 0.9997430310208517,
      "pr_auc": 0.9996897675119667,
      "ece": 0.10784385244413938,
      "mce": 0.6937975293310723,
      "mae": 0.11024331612005019,
      "rmse": 0.21376245165992305,
      "encryption_time": 0.406766414642334,
      "aggregation_time": 0.3870522975921631,
      "decryption_time": 0.0,
      "total_time": 0.7938187122344971,
      "is_encrypted": true,
      "improvement": 0.9318,
      "best_accuracy": 0.9318
    },
    {
      "round": 2,
      "accuracy": 0.8965,
      "f1_score": 0.8929347263887453,
      "precision": 0.8065782096804336,
      "recall": 1.0,
      "auc": 0.9997508574872217,
      "pr_auc": 0.9996983507469477,
      "ece": 0.11802649968091501,
      "mce": 0.7793494787197017,
      "mae": 0.12029092121614979,
      "rmse": 0.24678713183879095,
      "encryption_time": 0.46308231353759766,
      "aggregation_time": 0.44482946395874023,
      "decryption_time": 0.0,
      "total_time": 0.9079117774963379,
      "is_encrypted": true,
      "improvement": -0.0353,
      "best_accuracy": 0.9318
    },
    {
      "round": 3,
      "accuracy": 0.898,
      "f1_score": 0.8943224202237878,
      "precision": 0.8088455772113943,
      "recall": 1.0,
      "auc": 0.9997463328113516,
      "pr_auc": 0.9996935846028484,
      "ece": 0.11794494192182339,
      "mce": 0.7809978278380273,
      "mae": 0.1202122946130385,
      "rmse": 0.24648883443835176,
      "encryption_time": 0.435671329498291,
      "aggregation_time": 0.41502857208251953,
      "decryption_time": 0.0,
      "total_time": 0.8506999015808105,
      "is_encrypted": true,
      "improvement": -0.03379999999999994,
      "best_accuracy": 0.9318
    },
    {
      "round": 4,
      "accuracy": 0.8972,
      "f1_score": 0.8935817805383023,
      "precision": 0.8076347305389222,
      "recall": 1.0,
      "auc": 0.9997616596413261,
      "pr_auc": 0.9997104320116279,
      "ece": 0.11796259536476937,
      "mce": 0.7649718995526514,
      "mae": 0.12025147790611518,
      "rmse": 0.24597492341669785,
      "encryption_time": 0.4255383014678955,
      "aggregation_time": 0.4069523811340332,
      "decryption_time": 0.0,
      "total_time": 0.8324906826019287,
      "is_encrypted": true,
      "improvement": -0.034599999999999964,
      "best_accuracy": 0.9318
    },
    {
      "round": 5,
      "accuracy": 0.8957,
      "f1_score": 0.8921963824289406,
      "precision": 0.8053741369658518,
      "recall": 1.0,
      "auc": 0.9997508574872216,
      "pr_auc": 0.9996979959519778,
      "ece": 0.11874435208654616,
      "mce": 0.7998996057382755,
      "mae": 0.12116214178677558,
      "rmse": 0.2481032416149376,
      "encryption_time": 0.38149118423461914,
      "aggregation_time": 0.3636505603790283,
      "decryption_time": 0.0,
      "total_time": 0.7451417446136475,
      "is_encrypted": true,
      "improvement": -0.03609999999999991,
      "best_accuracy": 0.9318
    },
    {
      "round": 6,
      "accuracy": 0.8988,
      "f1_score": 0.8950642886768976,
      "precision": 0.81006006006006,
      "recall": 1.0,
      "auc": 0.9997469442540367,
      "pr_auc": 0.999693735161238,
      "ece": 0.11714656204785248,
      "mce": 0.7920479870747451,
      "mae": 0.11940505464512724,
      "rmse": 0.24564293297061823,
      "encryption_time": 0.519932746887207,
      "aggregation_time": 0.4907248020172119,
      "decryption_time": 0.0,
      "total_time": 1.010657548904419,
      "is_encrypted": true,
      "improvement": -0.03299999999999992,
      "best_accuracy": 0.9318
    },
    {
      "round": 7,
      "accuracy": 0.8992,
      "f1_score": 0.8954356846473029,
      "precision": 0.8106686701728024,
      "recall": 1.0,
      "auc": 0.999759662261888,
      "pr_auc": 0.9997076822744319,
      "ece": 0.11654956382574341,
      "mce": 0.7719655071648297,
      "mae": 0.11864828490944697,
      "rmse": 0.243655923796558,
      "encryption_time": 0.4061741828918457,
      "aggregation_time": 0.3800160884857178,
      "decryption_time": 0.0,
      "total_time": 0.7861902713775635,
      "is_encrypted": true,
      "improvement": -0.03259999999999996,
      "best_accuracy": 0.9318
    },
    {
      "round": 8,
      "accuracy": 0.8985,
      "f1_score": 0.8947859438167306,
      "precision": 0.8096042018383043,
      "recall": 1.0,
      "auc": 0.9997420119497098,
      "pr_auc": 0.9996882807060389,
      "ece": 0.11747253206806757,
      "mce": 0.7909677811843654,
      "mae": 0.1197442839795486,
      "rmse": 0.2457686273218979,
      "encryption_time": 0.3666377067565918,
      "aggregation_time": 0.35117220878601074,
      "decryption_time": 0.0,
      "total_time": 0.7178099155426025,
      "is_encrypted": true,
      "improvement": -0.033299999999999996,
      "best_accuracy": 0.9318
    },
    {
      "round": 9,
      "accuracy": 0.8986,
      "f1_score": 0.894878706199461,
      "precision": 0.8097560975609757,
      "recall": 1.0,
      "auc": 0.9997464958627341,
      "pr_auc": 0.9996930651900368,
      "ece": 0.11747373546103683,
      "mce": 0.789526390219857,
      "mae": 0.11904366550947154,
      "rmse": 0.24430901355196896,
      "encryption_time": 0.36933302879333496,
      "aggregation_time": 0.350635290145874,
      "decryption_time": 0.0,
      "total_time": 0.719968318939209,
      "is_encrypted": true,
      "improvement": -0.03320000000000001,
      "best_accuracy": 0.9318
    },
    {
      "round": 10,
      "accuracy": 0.9001,
      "f1_score": 0.8962724535354584,
      "precision": 0.812041392285983,
      "recall": 1.0,
      "auc": 0.9997589692935114,
      "pr_auc": 0.9997067344165476,
      "ece": 0.11631732833359058,
      "mce": 0.7840153999864385,
      "mae": 0.11841394115191901,
      "rmse": 0.24287434006547912,
      "encryption_time": 0.3768453598022461,
      "aggregation_time": 0.3602869510650635,
      "decryption_time": 0.0,
      "total_time": 0.7371323108673096,
      "is_encrypted": true,
      "improvement": -0.03169999999999995,
      "best_accuracy": 0.9318
    }
  ]
}