{
  "pipeline_info": {
    "type": "fhe",
    "rounds": 20,
    "clients": 40,
    "timestamp": "2025-09-16 12:08:10",
    "total_samples": 8000,
    "one_class_clients": 10,
    "one_class_percentage": 25.0
  },
  "final_performance": {
    "accuracy": 0.917625,
    "f1_score": 0.913664352155116,
    "precision": 0.8416606323919865,
    "recall": 0.9991404011461318,
    "auc": 0.9996302390739459,
    "pr_auc": 0.9995744687938876,
    "mae": 0.11218433690001887,
    "rmse": 0.2315905477099553,
    "ece": 0.10865263242259135,
    "mce": 0.7445575585473073
  },
  "performance_trends": {
    "initial_accuracy": 0.942875,
    "final_accuracy": 0.917625,
    "accuracy_improvement": -0.025249999999999995,
    "best_accuracy": 0.942875,
    "final_f1": 0.913664352155116,
    "best_f1": 0.938517422305933
  },
  "timing_statistics": {
    "total_encryption_time": 6.313165187835693,
    "total_aggregation_time": 5.96136736869812,
    "total_evaluation_time": 0,
    "total_time": 12.274532556533813,
    "avg_round_time": 0.6137266278266906,
    "avg_encryption_time": 0.31565825939178466,
    "avg_aggregation_time": 0.29806836843490603
  },
  "round_details": [
    {
      "round": 1,
      "accuracy": 0.942875,
      "f1_score": 0.938517422305933,
      "precision": 0.8846056302307888,
      "recall": 0.9994269340974212,
      "auc": 0.9996914846981239,
      "pr_auc": 0.9996384927956445,
      "ece": 0.10298709730000064,
      "mce": 0.6672256571860116,
      "mae": 0.10613703811174585,
      "rmse": 0.2046825386811939,
      "encryption_time": 0.40592288970947266,
      "aggregation_time": 0.39116692543029785,
      "decryption_time": 0.0,
      "total_time": 0.7970898151397705,
      "is_encrypted": true,
      "improvement": 0.942875,
      "best_accuracy": 0.942875
    },
    {
      "round": 2,
      "accuracy": 0.917125,
      "f1_score": 0.9132085351485797,
      "precision": 0.8406845022897084,
      "recall": 0.9994269340974212,
      "auc": 0.9996924376902013,
      "pr_auc": 0.9996444868850465,
      "ece": 0.11054396286813999,
      "mce": 0.7739425842257256,
      "mae": 0.11241928074612585,
      "rmse": 0.2300545971730505,
      "encryption_time": 0.306445837020874,
      "aggregation_time": 0.2864532470703125,
      "decryption_time": 0.0,
      "total_time": 0.5928990840911865,
      "is_encrypted": true,
      "improvement": -0.02575000000000005,
      "best_accuracy": 0.942875
    },
    {
      "round": 3,
      "accuracy": 0.916875,
      "f1_score": 0.9129467207749705,
      "precision": 0.8404434803567125,
      "recall": 0.9991404011461318,
      "auc": 0.9996583205738283,
      "pr_auc": 0.9996064561580635,
      "ece": 0.11009691759611359,
      "mce": 0.7459719857842638,
      "mae": 0.11272229463398176,
      "rmse": 0.23083761688686347,
      "encryption_time": 0.3046579360961914,
      "aggregation_time": 0.28816795349121094,
      "decryption_time": 0.0,
      "total_time": 0.5928258895874023,
      "is_encrypted": true,
      "improvement": -0.026000000000000023,
      "best_accuracy": 0.942875
    },
    {
      "round": 4,
      "accuracy": 0.916125,
      "f1_score": 0.9122531711782398,
      "precision": 0.8390666345922541,
      "recall": 0.9994269340974212,
      "auc": 0.9996610524844504,
      "pr_auc": 0.9996092246112144,
      "ece": 0.11029184975844117,
      "mce": 0.7630003982241516,
      "mae": 0.11313794106746744,
      "rmse": 0.2328056334117131,
      "encryption_time": 0.30461621284484863,
      "aggregation_time": 0.28551363945007324,
      "decryption_time": 0.0,
      "total_time": 0.5901298522949219,
      "is_encrypted": true,
      "improvement": -0.02675000000000005,
      "best_accuracy": 0.942875
    },
    {
      "round": 5,
      "accuracy": 0.91875,
      "f1_score": 0.9147652766850249,
      "precision": 0.8433268858800773,
      "recall": 0.9994269340974212,
      "auc": 0.9996645467887343,
      "pr_auc": 0.9996142708614807,
      "ece": 0.10960137822166115,
      "mce": 0.7464723931643042,
      "mae": 0.11188000615936489,
      "rmse": 0.22927488508942462,
      "encryption_time": 0.37271547317504883,
      "aggregation_time": 0.35773301124572754,
      "decryption_time": 0.0,
      "total_time": 0.7304484844207764,
      "is_encrypted": true,
      "improvement": -0.024125000000000063,
      "best_accuracy": 0.942875
    },
    {
      "round": 6,
      "accuracy": 0.9195,
      "f1_score": 0.9154855643044619,
      "precision": 0.8445520581113801,
      "recall": 0.9994269340974212,
      "auc": 0.9996732507830419,
      "pr_auc": 0.999622010203436,
      "ece": 0.10901442594115954,
      "mce": 0.7741328863185901,
      "mae": 0.1114000351465973,
      "rmse": 0.2291604122497514,
      "encryption_time": 0.304185152053833,
      "aggregation_time": 0.2879650592803955,
      "decryption_time": 0.0,
      "total_time": 0.5921502113342285,
      "is_encrypted": true,
      "improvement": -0.023375000000000035,
      "best_accuracy": 0.942875
    },
    {
      "round": 7,
      "accuracy": 0.918,
      "f1_score": 0.9140235910878113,
      "precision": 0.8422705314009662,
      "recall": 0.9991404011461318,
      "auc": 0.9996014587132066,
      "pr_auc": 0.9995417931912207,
      "ece": 0.10865216202460228,
      "mce": 0.7435396093045824,
      "mae": 0.11280667199850149,
      "rmse": 0.23218040517587865,
      "encryption_time": 0.3026242256164551,
      "aggregation_time": 0.2815055847167969,
      "decryption_time": 0.0,
      "total_time": 0.584129810333252,
      "is_encrypted": true,
      "improvement": -0.02487499999999998,
      "best_accuracy": 0.942875
    },
    {
      "round": 8,
      "accuracy": 0.91725,
      "f1_score": 0.9133280963603038,
      "precision": 0.840887174541948,
      "recall": 0.9994269340974212,
      "auc": 0.9996538732774668,
      "pr_auc": 0.9996007457964438,
      "ece": 0.10929377670088865,
      "mce": 0.7458422819794238,
      "mae": 0.11248697029054225,
      "rmse": 0.2312741678191783,
      "encryption_time": 0.3042597770690918,
      "aggregation_time": 0.2841501235961914,
      "decryption_time": 0.0,
      "total_time": 0.5884099006652832,
      "is_encrypted": true,
      "improvement": -0.02562500000000001,
      "best_accuracy": 0.942875
    },
    {
      "round": 9,
      "accuracy": 0.918125,
      "f1_score": 0.9141434001835103,
      "precision": 0.8424740275428848,
      "recall": 0.9991404011461318,
      "auc": 0.99962217040769,
      "pr_auc": 0.9995664819867747,
      "ece": 0.10902799948130824,
      "mce": 0.7436304400546376,
      "mae": 0.11194155099180576,
      "rmse": 0.2307624785959507,
      "encryption_time": 0.3021728992462158,
      "aggregation_time": 0.284273624420166,
      "decryption_time": 0.0,
      "total_time": 0.5864465236663818,
      "is_encrypted": true,
      "improvement": -0.02475000000000005,
      "best_accuracy": 0.942875
    },
    {
      "round": 10,
      "accuracy": 0.916375,
      "f1_score": 0.9124689258144708,
      "precision": 0.8396339995184204,
      "recall": 0.9991404011461318,
      "auc": 0.9996583841066335,
      "pr_auc": 0.9996072635720303,
      "ece": 0.11077208000486032,
      "mce": 0.7369900298790065,
      "mae": 0.11305816532052672,
      "rmse": 0.23209433395511883,
      "encryption_time": 0.29535675048828125,
      "aggregation_time": 0.27872133255004883,
      "decryption_time": 0.0,
      "total_time": 0.5740780830383301,
      "is_encrypted": true,
      "improvement": -0.026499999999999968,
      "best_accuracy": 0.942875
    },
    {
      "round": 11,
      "accuracy": 0.91725,
      "f1_score": 0.9133280963603038,
      "precision": 0.840887174541948,
      "recall": 0.9994269340974212,
      "auc": 0.9996696294131475,
      "pr_auc": 0.9996209606494679,
      "ece": 0.11087987594854114,
      "mce": 0.7424414363527378,
      "mae": 0.11262744040738171,
      "rmse": 0.2310557864433743,
      "encryption_time": 0.3040964603424072,