{
  "pipeline_info": {
    "type": "fhe",
    "rounds": 10,
    "clients": 20,
    "timestamp": "2025-09-16 12:02:28",
    "total_samples": 4000,
    "one_class_clients": 4,
    "one_class_percentage": 20.0
  },
  "final_performance": {
    "accuracy": 0.89025,
    "f1_score": 0.8841994196781852,
    "precision": 0.7924349881796691,
    "recall": 1.0,
    "auc": 0.9999545574045243,
    "pr_auc": 0.999938849203856,
    "mae": 0.12225646372472715,
    "rmse": 0.25766429406339486,
    "ece": 0.11959980465492229,
    "mce": 0.7878224984848003
  },
  "performance_trends": {
    "initial_accuracy": 0.93475,
    "final_accuracy": 0.89025,
    "accuracy_improvement": -0.044499999999999984,
    "best_accuracy": 0.93475,
    "final_f1": 0.8841994196781852,
    "best_f1": 0.9277608635482978
  },
  "timing_statistics": {
    "total_encryption_time": 1.6879429817199707,
    "total_aggregation_time": 1.5544238090515137,
    "total_evaluation_time": 0,
    "total_time": 3.2423667907714844,
    "avg_round_time": 0.3242366790771484,
    "avg_encryption_time": 0.16879429817199706,
    "avg_aggregation_time": 0.15544238090515136
  },
  "round_details": [
    {
      "round": 1,
      "accuracy": 0.93475,
      "f1_score": 0.9277608635482978,
      "precision": 0.8652555498193082,
      "recall": 1.0,
      "auc": 0.9999540439288692,
      "pr_auc": 0.9999385614426968,
      "ece": 0.09648509600426097,
      "mce": 0.8295959567457492,
      "mae": 0.09714323066104018,
      "rmse": 0.20115372589251257,
      "encryption_time": 0.15071821212768555,
      "aggregation_time": 0.14049887657165527,
      "decryption_time": 0.0,
      "total_time": 0.2912170886993408,
      "is_encrypted": true,
      "improvement": 0.93475,
      "best_accuracy": 0.93475
    },
    {
      "round": 2,
      "accuracy": 0.8865,
      "f1_score": 0.8807146610614819,
      "precision": 0.7868544600938967,
      "recall": 1.0,
      "auc": 0.9999507063371111,
      "pr_auc": 0.9999336587873452,
      "ece": 0.12049908054617,
      "mce": 0.803109817538251,
      "mae": 0.12360626315789822,
      "rmse": 0.2595367467122316,
      "encryption_time": 0.15596413612365723,
      "aggregation_time": 0.1396632194519043,
      "decryption_time": 0.0,
      "total_time": 0.2956273555755615,
      "is_encrypted": true,
      "improvement": -0.048250000000000015,
      "best_accuracy": 0.93475
    },
    {
      "round": 3,
      "accuracy": 0.88825,
      "f1_score": 0.8823374572255857,
      "precision": 0.7894488930758361,
      "recall": 1.0,
      "auc": 0.9999427474644572,
      "pr_auc": 0.9999238481788657,
      "ece": 0.11902980721823714,
      "mce": 0.8089013567331674,
      "mae": 0.12371740247968989,
      "rmse": 0.2612294755877621,
      "encryption_time": 0.18619251251220703,
      "aggregation_time": 0.16944289207458496,
      "decryption_time": 0.0,
      "total_time": 0.355635404586792,
      "is_encrypted": true,
      "improvement": -0.046499999999999986,
      "best_accuracy": 0.93475
    },
    {
      "round": 4,
      "accuracy": 0.88675,
      "f1_score": 0.880946123521682,
      "precision": 0.787224048849225,
      "recall": 1.0,
      "auc": 0.9999609758502129,
      "pr_auc": 0.9999470608767698,
      "ece": 0.12082995408814282,
      "mce": 0.7719479243328442,
      "mae": 0.12390587472328608,
      "rmse": 0.26069379975127105,
      "encryption_time": 0.189255952835083,
      "aggregation_time": 0.1785411834716797,
      "decryption_time": 0.0,
      "total_time": 0.3677971363067627,
      "is_encrypted": true,
      "improvement": -0.04799999999999993,
      "best_accuracy": 0.93475
    },
    {
      "round": 5,
      "accuracy": 0.88625,
      "f1_score": 0.8804833201996323,
      "precision": 0.7864852182074143,
      "recall": 1.0,
      "auc": 0.9999517332884214,
      "pr_auc": 0.9999348987553699,
      "ece": 0.12122293305464195,
      "mce": 0.7688864065591752,
      "mae": 0.1243249424126669,
      "rmse": 0.2608789838331922,
      "encryption_time": 0.17730355262756348,
      "aggregation_time": 0.162858247756958,
      "decryption_time": 0.0,
      "total_time": 0.3401618003845215,
      "is_encrypted": true,
      "improvement": -0.04849999999999999,
      "best_accuracy": 0.93475
    },
    {
      "round": 6,
      "accuracy": 0.888,
      "f1_score": 0.8821052631578947,
      "precision": 0.7890772128060264,
      "recall": 1.0,
      "auc": 0.9999532737153867,
      "pr_auc": 0.9999371337064206,
      "ece": 0.12035839723189691,
      "mce": 0.7890717570618632,
      "mae": 0.12389003909747924,
      "rmse": 0.2603116296326506,
      "encryption_time": 0.18510031700134277,
      "aggregation_time": 0.17079710960388184,
      "decryption_time": 0.0,
      "total_time": 0.3558974266052246,
      "is_encrypted": true,
      "improvement": -0.04674999999999996,
      "best_accuracy": 0.93475
    },
    {
      "round": 7,
      "accuracy": 0.889,
      "f1_score": 0.8830347734457323,
      "precision": 0.7905660377358491,
      "recall": 1.0,
      "auc": 0.9999548141423519,
      "pr_auc": 0.9999390177923915,
      "ece": 0.11952251671600342,
      "mce": 0.7841899986903831,
      "mae": 0.12263146138543553,
      "rmse": 0.2582909456441611,
      "encryption_time": 0.18464112281799316,
      "aggregation_time": 0.16762971878051758,
      "decryption_time": 0.0,
      "total_time": 0.35227084159851074,
      "is_encrypted": true,
      "improvement": -0.04574999999999996,
      "best_accuracy": 0.93475
    },
    {
      "round": 8,
      "accuracy": 0.889,
      "f1_score": 0.8830347734457323,
      "precision": 0.7905660377358491,
      "recall": 1.0,
      "auc": 0.999950192861456,
      "pr_auc": 0.9999330505581824,
      "ece": 0.11898888926574727,
      "mce": 0.7996118453896499,
      "mae": 0.12256726717087048,
      "rmse": 0.25736545348308154,
      "encryption_time": 0.17069196701049805,
      "aggregation_time": 0.15863490104675293,
      "decryption_time": 0.0,
      "total_time": 0.329326868057251,
      "is_encrypted": true,
      "improvement": -0.04574999999999996,
      "best_accuracy": 0.93475
    },
    {
      "round": 9,
      "accuracy": 0.88975,
      "f1_score": 0.8837331927234379,
      "precision": 0.7916863486065187,
      "recall": 1.0,
      "auc": 0.9999573815206274,
      "pr_auc": 0.9999424320842502,
      "ece": 0.11946127409243572,
      "mce": 0.7831872742233296,
      "mae": 0.12210558493251882,
      "rmse": 0.2573504840847884,
      "encryption_time": 0.1417992115020752,
      "aggregation_time": 0.13091158866882324,
      "decryption_time": 0.0,
      "total_time": 0.27271080017089844,
      "is_encrypted": true,
      "improvement": -0.04499999999999993,
      "best_accuracy": 0.93475
    },
    {
      "round": 10,
      "accuracy": 0.89025,
      "f1_score": 0.8841994196781852,
      "precision": 0.7924349881796691,
      "recall": 1.0,
      "auc": 0.9999545574045243,
      "pr_auc": 0.999938849203856,
      "ece": 0.11959980465492229,
      "mce": 0.7878224984848003,
      "mae": 0.12225646372472715,
      "rmse": 0.25766429406339486,
      "encryption_time": 0.14627599716186523,
      "aggregation_time": 0.13544607162475586,
      "decryption_time": 0.0,
      "total_time": 0.2817220687866211,
      "is_encrypted": true,
      "improvement": -0.044499999999999984,
      "best_accuracy": 0.93475
    }
  ]
}