{
  "pipeline_info": {
    "type": "fhe",
    "rounds": 30,
    "clients": 50,
    "timestamp": "2025-09-16 12:11:12",
    "total_samples": 10000,
    "one_class_clients": 13,
    "one_class_percentage": 26.0
  },
  "final_performance": {
    "accuracy": 0.8983,
    "f1_score": 0.8946004767333402,
    "precision": 0.8093005812863304,
    "recall": 1.0,
    "auc": 0.9997615781156348,
    "pr_auc": 0.9997098905704535,
    "mae": 0.11914496151997385,
    "rmse": 0.24397434331810375,
    "ece": 0.1173821498569791,
    "mce": 0.7609964699408103
  },
  "performance_trends": {
    "initial_accuracy": 0.9318,
    "final_accuracy": 0.8983,
    "accuracy_improvement": -0.033499999999999974,
    "best_accuracy": 0.9318,
    "final_f1": 0.8946004767333402,
    "best_f1": 0.9267768949967791
  },
  "timing_statistics": {
    "total_encryption_time": 11.715612411499023,
    "total_aggregation_time": 11.134160995483398,
    "total_evaluation_time": 0,
    "total_time": 22.849773406982422,
    "avg_round_time": 0.7616591135660807,
    "avg_encryption_time": 0.3905204137166341,
    "avg_aggregation_time": 0.37113869984944664
  },
  "round_details": [
    {
      "round": 1,
      "accuracy": 0.9318,
      "f1_score": 0.9267768949967791,
      "precision": 0.8635454181672669,
      "recall": 1.0,
      "auc": 0.9997430310208517,
      "pr_auc": 0.9996897675119667,
      "ece": 0.10784385315565947,
      "mce": 0.6937975262873064,
      "mae": 0.11024331681446334,
      "rmse": 0.2137624525677558,
      "encryption_time": 0.34044337272644043,
      "aggregation_time": 0.32469725608825684,
      "decryption_time": 0.0,
      "total_time": 0.6651406288146973,
      "is_encrypted": true,
      "improvement": 0.9318,
      "best_accuracy": 0.9318
    },
    {
      "round": 2,
      "accuracy": 0.8965,
      "f1_score": 0.8929347263887453,
      "precision": 0.8065782096804336,
      "recall": 1.0,
      "auc": 0.9997508574872217,
      "pr_auc": 0.9996983507469477,
      "ece": 0.11802650069911304,
      "mce": 0.7793494841905779,
      "mae": 0.12029092222542119,
      "rmse": 0.2467871340687151,
      "encryption_time": 0.3501906394958496,
      "aggregation_time": 0.3293149471282959,
      "decryption_time": 0.0,
      "total_time": 0.6795055866241455,
      "is_encrypted": true,
      "improvement": -0.0353,
      "best_accuracy": 0.9318
    },
    {
      "round": 3,
      "accuracy": 0.898,
      "f1_score": 0.8943224202237878,
      "precision": 0.8088455772113943,
      "recall": 1.0,
      "auc": 0.9997463328113516,
      "pr_auc": 0.9996935846028484,
      "ece": 0.1179449431109098,
      "mce": 0.7809978293992488,
      "mae": 0.12021229579188178,
      "rmse": 0.2464888363693537,
      "encryption_time": 0.36070823669433594,
      "aggregation_time": 0.34195542335510254,
      "decryption_time": 0.0,
      "total_time": 0.7026636600494385,
      "is_encrypted": true,
      "improvement": -0.03379999999999994,
      "best_accuracy": 0.9318
    },
    {
      "round": 4,
      "accuracy": 0.8972,
      "f1_score": 0.8935817805383023,
      "precision": 0.8076347305389222,
      "recall": 1.0,
      "auc": 0.9997616596413261,
      "pr_auc": 0.9997104320116279,
      "ece": 0.11796259628503895,
      "mce": 0.7649718960247026,
      "mae": 0.12025147880441323,
      "rmse": 0.24597492434323023,
      "encryption_time": 0.5457642078399658,
      "aggregation_time": 0.5222265720367432,
      "decryption_time": 0.0,
      "total_time": 1.067990779876709,
      "is_encrypted": true,
      "improvement": -0.034599999999999964,
      "best_accuracy": 0.9318
    },
    {
      "round": 5,
      "accuracy": 0.8957,
      "f1_score": 0.8921963824289406,
      "precision": 0.8053741369658518,
      "recall": 1.0,
      "auc": 0.9997508574872216,
      "pr_auc": 0.9996979959519778,
      "ece": 0.11874435225558089,
      "mce": 0.7998996040210482,
      "mae": 0.12116214194681708,
      "rmse": 0.2481032421164924,
      "encryption_time": 0.42678236961364746,
      "aggregation_time": 0.40754103660583496,
      "decryption_time": 0.0,
      "total_time": 0.8343234062194824,
      "is_encrypted": true,
      "improvement": -0.03609999999999991,
      "best_accuracy": 0.9318
    },
    {
      "round": 6,
      "accuracy": 0.8988,
      "f1_score": 0.8950642886768976,
      "precision": 0.81006006006006,
      "recall": 1.0,
      "auc": 0.9997469442540367,
      "pr_auc": 0.999693735161238,
      "ece": 0.11714656281154912,
      "mce": 0.7920479854073915,
      "mae": 0.11940505539644242,
      "rmse": 0.24564293398675116,
      "encryption_time": 0.4058046340942383,
      "aggregation_time": 0.388960599899292,
      "decryption_time": 0.0,
      "total_time": 0.7947652339935303,
      "is_encrypted": true,
      "improvement": -0.03299999999999992,
      "best_accuracy": 0.9318
    },
    {
      "round": 7,
      "accuracy": 0.8992,
      "f1_score": 0.8954356846473029,
      "precision": 0.8106686701728024,
      "recall": 1.0,
      "auc": 0.999759662261888,
      "pr_auc": 0.9997076822744319,
      "ece": 0.11654956438920927,
      "mce": 0.7719655144937732,
      "mae": 0.1186482854751225,
      "rmse": 0.24365592529368482,
      "encryption_time": 0.3419961929321289,
      "aggregation_time": 0.32441234588623047,
      "decryption_time": 0.0,
      "total_time": 0.6664085388183594,
      "is_encrypted": true,
      "improvement": -0.03259999999999996,
      "best_accuracy": 0.9318
    },
    {
      "round": 8,
      "accuracy": 0.8985,
      "f1_score": 0.8947859438167306,
      "precision": 0.8096042018383043,
      "recall": 1.0,
      "auc": 0.9997420119497098,
      "pr_auc": 0.9996882807060389,
      "ece": 0.11747253236222151,
      "mce": 0.7909677751825906,
      "mae": 0.11974428424374556,
      "rmse": 0.24576862737692615,
      "encryption_time": 0.3428618907928467,
      "aggregation_time": 0.32526516914367676,
      "decryption_time": 0.0,
      "total_time": 0.6681270599365234,
      "is_encrypted": true,
      "improvement": -0.033299999999999996,
      "best_accuracy": 0.9318
    },
    {
      "round": 9,
      "accuracy": 0.8986,
      "f1_score": 0.894878706199461,
      "precision": 0.8097560975609757,
      "recall": 1.0,
      "auc": 0.9997464958627341,
      "pr_auc": 0.9996930651900368,
      "ece": 0.11747373515731228,
      "mce": 0.7895263985633156,
      "mae": 0.11904366521659568,
      "rmse": 0.24430901326747936,
      "encryption_time": 0.34558820724487305,
      "aggregation_time": 0.32854628562927246,
      "decryption_time": 0.0,
      "total_time": 0.6741344928741455,
      "is_encrypted": true,
      "improvement": -0.03320000000000001,
      "best_accuracy": 0.9318
    },
    {
      "round": 10,
      "accuracy": 0.9001,
      "f1_score": 0.8962724535354584,
      "precision": 0.812041392285983,
      "recall": 1.0,
      "auc": 0.9997589692935114,
      "pr_auc": 0.9997067344165476,
      "ece": 0.1163173296262425,
      "mce": 0.7840153942227308,
      "mae": 0.11841394239808632,
      "rmse": 0.24287434231908667,
      "encryption_time": 0.3446950912475586,
      "aggregation_time": 0.3245670795440674,
      "decryption_time": 0.0,
      "total_time": 0.669262170791626,
      "is_encrypted": true,
      "improvement": -0.03169999999999995,
      "best_accuracy": 0.9318
    },
    {
      "round": 11,
      "accuracy": 0.8974,
      "f1_score": 0.8937668254296955,
      "precision": 0.8079371022089106,
      "recall": 1.0,
      "auc": 0.9997445800089874,
      "pr_auc": 0.9996910606695649,
      "ece": 0.11792831593924381,
      "mce": 0.7995973739976627,
      "mae": 0.11964847720258803,
      "rmse": 0.24571441074457623,
      "encryption_time": 0.33915019035339355,
      "aggregation_time": 0.323056697845459,
      "decryption_time": 0.0,
      "total_time": 0.6622068881988525,
      "is_encrypted": true,
      "improvement": -0.034399999999999986,
      "best_accuracy": 0.9318
    },
    {
      "round": 12,