{
  "pipeline_info": {
    "type": "fhe",
    "rounds": 10,
    "clients": 50,
    "timestamp": "2025-09-19 10:34:07",
    "total_samples": 10000,
    "one_class_clients": 13,
    "one_class_percentage": 26.0
  },
  "final_performance": {
    "accuracy": 0.9001,
    "f1_score": 0.8962724535354584,
    "precision": 0.812041392285983,
    "recall": 1.0,
    "auc": 0.9997589692935114,
    "pr_auc": 0.9997067344165476,
    "mae": 0.11841394067263336,
    "rmse": 0.2428743387247644,
    "ece": 0.11631732786843571,
    "mce": 0.784015389920597
  },
  "performance_trends": {
    "initial_accuracy": 0.9318,
    "final_accuracy": 0.9001,
    "accuracy_improvement": -0.03169999999999995,
    "best_accuracy": 0.9318,
    "final_f1": 0.8962724535354584,
    "best_f1": 0.9267768949967791
  },
  "timing_statistics": {
    "total_encryption_time": 4.288602113723755,
    "total_aggregation_time": 4.102527141571045,
    "total_evaluation_time": 0,
    "total_time": 8.3911292552948,
    "avg_round_time": 0.83911292552948,
    "avg_encryption_time": 0.4288602113723755,
    "avg_aggregation_time": 0.4102527141571045
  },
  "round_details": [
    {
      "round": 1,
      "accuracy": 0.9318,
      "f1_score": 0.9267768949967791,
      "precision": 0.8635454181672669,
      "recall": 1.0,
      "auc": 0.9997430310208517,
      "pr_auc": 0.9996897675119667,
      "ece": 0.10784385312501468,
      "mce": 0.6937975218268972,
      "mae": 0.11024331677754436,
      "rmse": 0.21376245240531055,
      "encryption_time": 0.34618449211120605,
      "aggregation_time": 0.3305845260620117,
      "decryption_time": 0.0,
      "total_time": 0.6767690181732178,
      "is_encrypted": true,
      "improvement": 0.9318,
      "best_accuracy": 0.9318
    },
    {
      "round": 2,
      "accuracy": 0.8965,
      "f1_score": 0.8929347263887453,
      "precision": 0.8065782096804336,
      "recall": 1.0,
      "auc": 0.9997508574872217,
      "pr_auc": 0.9996983507469477,
      "ece": 0.11802649971015507,
      "mce": 0.779349482145383,
      "mae": 0.12029092124517787,
      "rmse": 0.24678713215989842,
      "encryption_time": 0.3540918827056885,
      "aggregation_time": 0.33993077278137207,
      "decryption_time": 0.0,
      "total_time": 0.6940226554870605,
      "is_encrypted": true,
      "improvement": -0.0353,
      "best_accuracy": 0.9318
    },
    {
      "round": 3,
      "accuracy": 0.898,
      "f1_score": 0.8943224202237878,
      "precision": 0.8088455772113943,
      "recall": 1.0,
      "auc": 0.9997463328113516,
      "pr_auc": 0.9996935846028484,
      "ece": 0.11794494156202205,
      "mce": 0.7809978302305631,
      "mae": 0.12021229426563812,
      "rmse": 0.24648883379448308,
      "encryption_time": 0.3419337272644043,
      "aggregation_time": 0.32503700256347656,
      "decryption_time": 0.0,
      "total_time": 0.6669707298278809,
      "is_encrypted": true,
      "improvement": -0.03379999999999994,
      "best_accuracy": 0.9318
    },
    {
      "round": 4,
      "accuracy": 0.8972,
      "f1_score": 0.8935817805383023,
      "precision": 0.8076347305389222,
      "recall": 1.0,
      "auc": 0.9997616596413261,
      "pr_auc": 0.9997104320116279,
      "ece": 0.1179625955819474,
      "mce": 0.7649718999301324,
      "mae": 0.12025147812928312,
      "rmse": 0.24597492375564547,
      "encryption_time": 0.4419553279876709,
      "aggregation_time": 0.4351208209991455,
      "decryption_time": 0.0,
      "total_time": 0.8770761489868164,
      "is_encrypted": true,
      "improvement": -0.034599999999999964,
      "best_accuracy": 0.9318
    },
    {
      "round": 5,
      "accuracy": 0.8957,
      "f1_score": 0.8921963824289406,
      "precision": 0.8053741369658518,
      "recall": 1.0,
      "auc": 0.9997508574872216,
      "pr_auc": 0.9996979959519778,
      "ece": 0.11874435209119595,
      "mce": 0.7998996083012418,
      "mae": 0.12116214180044872,
      "rmse": 0.2481032417389244,
      "encryption_time": 0.48705601692199707,
      "aggregation_time": 0.46304941177368164,
      "decryption_time": 0.0,
      "total_time": 0.9501054286956787,
      "is_encrypted": true,
      "improvement": -0.03609999999999991,
      "best_accuracy": 0.9318
    },
    {
      "round": 6,
      "accuracy": 0.8988,
      "f1_score": 0.8950642886768976,
      "precision": 0.81006006006006,
      "recall": 1.0,
      "auc": 0.9997469442540367,
      "pr_auc": 0.999693735161238,
      "ece": 0.11714656266110136,
      "mce": 0.7920479993166398,
      "mae": 0.11940505525938905,
      "rmse": 0.24564293531744033,
      "encryption_time": 0.3586297035217285,
      "aggregation_time": 0.341080904006958,
      "decryption_time": 0.0,
      "total_time": 0.6997106075286865,
      "is_encrypted": true,
      "improvement": -0.03299999999999992,
      "best_accuracy": 0.9318
    },
    {
      "round": 7,
      "accuracy": 0.8992,
      "f1_score": 0.8954356846473029,
      "precision": 0.8106686701728024,
      "recall": 1.0,
      "auc": 0.999759662261888,
      "pr_auc": 0.9997076822744319,
      "ece": 0.11654956442202466,
      "mce": 0.7719655098634357,
      "mae": 0.11864828550261568,
      "rmse": 0.2436559250636219,
      "encryption_time": 0.39778566360473633,
      "aggregation_time": 0.38442468643188477,
      "decryption_time": 0.0,
      "total_time": 0.7822103500366211,
      "is_encrypted": true,
      "improvement": -0.03259999999999996,
      "best_accuracy": 0.9318
    },
    {
      "round": 8,
      "accuracy": 0.8985,
      "f1_score": 0.8947859438167306,
      "precision": 0.8096042018383043,
      "recall": 1.0,
      "auc": 0.9997420119497098,
      "pr_auc": 0.9996882807060389,
      "ece": 0.11747253253670846,
      "mce": 0.7909677931282739,
      "mae": 0.11974428444934931,
      "rmse": 0.2457686292034465,
      "encryption_time": 0.39112210273742676,
      "aggregation_time": 0.3718230724334717,
      "decryption_time": 0.0,
      "total_time": 0.7629451751708984,
      "is_encrypted": true,
      "improvement": -0.033299999999999996,
      "best_accuracy": 0.9318
    },
    {
      "round": 9,
      "accuracy": 0.8986,
      "f1_score": 0.894878706199461,
      "precision": 0.8097560975609757,
      "recall": 1.0,
      "auc": 0.9997464958627341,
      "pr_auc": 0.9996930651900368,
      "ece": 0.11747373553379657,
      "mce": 0.7895263864098836,
      "mae": 0.11904366557751223,
      "rmse": 0.24430901348634637,
      "encryption_time": 0.5295414924621582,
      "aggregation_time": 0.4906437397003174,
      "decryption_time": 0.0,
      "total_time": 1.0201852321624756,
      "is_encrypted": true,
      "improvement": -0.03320000000000001,
      "best_accuracy": 0.9318
    },
    {
      "round": 10,
      "accuracy": 0.9001,
      "f1_score": 0.8962724535354584,
      "precision": 0.812041392285983,
      "recall": 1.0,
      "auc": 0.9997589692935114,
      "pr_auc": 0.9997067344165476,
      "ece": 0.11631732786843571,
      "mce": 0.784015389920597,
      "mae": 0.11841394067263336,
      "rmse": 0.2428743387247644,
      "encryption_time": 0.6403017044067383,
      "aggregation_time": 0.6208322048187256,
      "decryption_time": 0.0,
      "total_time": 1.2611339092254639,
      "is_encrypted": true,
      "improvement": -0.03169999999999995,
      "best_accuracy": 0.9318
    }
  ]
}