{
  "pipeline_info": {
    "type": "fhe",
    "rounds": 20,
    "clients": 30,
    "timestamp": "2025-09-16 12:04:43",
    "total_samples": 6000,
    "one_class_clients": 8,
    "one_class_percentage": 26.666666666666668
  },
  "final_performance": {
    "accuracy": 0.9256666666666666,
    "f1_score": 0.9230503795721187,
    "precision": 0.8573717948717948,
    "recall": 0.999626307922272,
    "auc": 0.9996563247046888,
    "pr_auc": 0.9996134494775553,
    "mae": 0.10459117646329869,
    "rmse": 0.22252665599449067,
    "ece": 0.10146199255429321,
    "mce": 0.7302872397093145
  },
  "performance_trends": {
    "initial_accuracy": 0.9508333333333333,
    "final_accuracy": 0.9256666666666666,
    "accuracy_improvement": -0.02516666666666667,
    "best_accuracy": 0.9508333333333333,
    "final_f1": 0.9230503795721187,
    "best_f1": 0.9477228424596845
  },
  "timing_statistics": {
    "total_encryption_time": 4.310326814651489,
    "total_aggregation_time": 4.032963275909424,
    "total_evaluation_time": 0,
    "total_time": 8.343290090560913,
    "avg_round_time": 0.41716450452804565,
    "avg_encryption_time": 0.21551634073257447,
    "avg_aggregation_time": 0.20164816379547118
  },
  "round_details": [
    {
      "round": 1,
      "accuracy": 0.9508333333333333,
      "f1_score": 0.9477228424596845,
      "precision": 0.901247050893158,
      "recall": 0.9992526158445441,
      "auc": 0.9997231036138856,
      "pr_auc": 0.9996858335527126,
      "ece": 0.09394938006634326,
      "mce": 0.6339781988060332,
      "mae": 0.0965816490289872,
      "rmse": 0.19091957849919403,
      "encryption_time": 0.2072129249572754,
      "aggregation_time": 0.1932206153869629,
      "decryption_time": 0.0,
      "total_time": 0.4004335403442383,
      "is_encrypted": true,
      "improvement": 0.9508333333333333,
      "best_accuracy": 0.9508333333333333
    },
    {
      "round": 2,
      "accuracy": 0.922,
      "f1_score": 0.9195323246217332,
      "precision": 0.8515923566878981,
      "recall": 0.9992526158445441,
      "auc": 0.9995711085208989,
      "pr_auc": 0.9995148271447758,
      "ece": 0.10094173229241657,
      "mce": 0.732266760775823,
      "mae": 0.10668653406364406,
      "rmse": 0.22697248758252303,
      "encryption_time": 0.21423864364624023,
      "aggregation_time": 0.20088672637939453,
      "decryption_time": 0.0,
      "total_time": 0.41512537002563477,
      "is_encrypted": true,
      "improvement": -0.028833333333333266,
      "best_accuracy": 0.9508333333333333
    },
    {
      "round": 3,
      "accuracy": 0.9236666666666666,
      "f1_score": 0.9211432506887053,
      "precision": 0.8540868454661558,
      "recall": 0.999626307922272,
      "auc": 0.9996215861812178,
      "pr_auc": 0.9995731325967007,
      "ece": 0.10121910390583216,
      "mce": 0.7373231321954898,
      "mae": 0.10604728270923507,
      "rmse": 0.2255826564399126,
      "encryption_time": 0.21214842796325684,
      "aggregation_time": 0.1976606845855713,
      "decryption_time": 0.0,
      "total_time": 0.4098091125488281,
      "is_encrypted": true,
      "improvement": -0.027166666666666672,
      "best_accuracy": 0.9508333333333333
    },
    {
      "round": 4,
      "accuracy": 0.9256666666666666,
      "f1_score": 0.9230503795721187,
      "precision": 0.8573717948717948,
      "recall": 0.999626307922272,
      "auc": 0.9996060718891822,
      "pr_auc": 0.9995548148181432,
      "ece": 0.10053853992603705,
      "mce": 0.7374311765952359,
      "mae": 0.10451947736862573,
      "rmse": 0.22241084138738593,
      "encryption_time": 0.21042132377624512,
      "aggregation_time": 0.19686126708984375,
      "decryption_time": 0.0,
      "total_time": 0.40728259086608887,
      "is_encrypted": true,
      "improvement": -0.02516666666666667,
      "best_accuracy": 0.9508333333333333
    },
    {
      "round": 5,
      "accuracy": 0.9258333333333333,
      "f1_score": 0.9231831520800967,
      "precision": 0.8578761629772217,
      "recall": 0.9992526158445441,
      "auc": 0.9996275445687386,
      "pr_auc": 0.9995802401867636,
      "ece": 0.10180743525102183,
      "mce": 0.7386318620831215,
      "mae": 0.10497381374047544,
      "rmse": 0.22297282349207262,
      "encryption_time": 0.20650005340576172,
      "aggregation_time": 0.19318604469299316,
      "decryption_time": 0.0,
      "total_time": 0.3996860980987549,
      "is_encrypted": true,
      "improvement": -0.025000000000000022,
      "best_accuracy": 0.9508333333333333
    },
    {
      "round": 6,
      "accuracy": 0.9255,
      "f1_score": 0.9228911505951354,
      "precision": 0.8570970842678629,
      "recall": 0.999626307922272,
      "auc": 0.9996699278158216,
      "pr_auc": 0.9996279784900413,
      "ece": 0.10245969571707429,
      "mce": 0.7381448514218907,
      "mae": 0.105511909426355,
      "rmse": 0.22255532396028047,
      "encryption_time": 0.2880258560180664,
      "aggregation_time": 0.2736227512359619,
      "decryption_time": 0.0,
      "total_time": 0.5616486072540283,
      "is_encrypted": true,
      "improvement": -0.02533333333333332,
      "best_accuracy": 0.9508333333333333
    },
    {
      "round": 7,
      "accuracy": 0.9236666666666666,
      "f1_score": 0.921170395869191,
      "precision": 0.8538608806636886,
      "recall": 1.0,
      "auc": 0.9996590228424342,
      "pr_auc": 0.999617186371979,
      "ece": 0.10336572881514659,
      "mce": 0.72517991997675,
      "mae": 0.1061287875225586,
      "rmse": 0.22510781900953278,
      "encryption_time": 0.22992753982543945,
      "aggregation_time": 0.21498489379882812,
      "decryption_time": 0.0,
      "total_time": 0.4449124336242676,
      "is_encrypted": true,
      "improvement": -0.027166666666666672,
      "best_accuracy": 0.9508333333333333
    },
    {
      "round": 8,
      "accuracy": 0.9233333333333333,
      "f1_score": 0.9208261617900172,
      "precision": 0.8535417996171027,
      "recall": 0.999626307922272,
      "auc": 0.9996514905412285,
      "pr_auc": 0.9996063749251783,
      "ece": 0.10296023102028236,
      "mce": 0.7381329828138894,
      "mae": 0.10620461904809186,
      "rmse": 0.2245887171808496,
      "encryption_time": 0.22236132621765137,
      "aggregation_time": 0.20822501182556152,
      "decryption_time": 0.0,
      "total_time": 0.4305863380432129,
      "is_encrypted": true,
      "improvement": -0.02749999999999997,
      "best_accuracy": 0.9508333333333333
    },
    {
      "round": 9,
      "accuracy": 0.9255,
      "f1_score": 0.9228911505951354,
      "precision": 0.8570970842678629,
      "recall": 0.999626307922272,
      "auc": 0.9996083203373032,
      "pr_auc": 0.9995595324942985,
      "ece": 0.10098646410461623,
      "mce": 0.7338188489115242,
      "mae": 0.10544041393534782,
      "rmse": 0.22363740592914097,
      "encryption_time": 0.2084345817565918,
      "aggregation_time": 0.19650030136108398,
      "decryption_time": 0.0,
      "total_time": 0.4049348831176758,
      "is_encrypted": true,
      "improvement": -0.02533333333333332,
      "best_accuracy": 0.9508333333333333
    },
    {
      "round": 10,
      "accuracy": 0.9228333333333333,
      "f1_score": 0.92032352435037,
      "precision": 0.8529505582137161,
      "recall": 0.9992526158445441,
      "auc": 0.9995436774538213,
      "pr_auc": 0.9994809598769295,
      "ece": 0.09984009819851973,
      "mce": 0.7301768201487253,
      "mae": 0.10645434033351717,
      "rmse": 0.22637650828482148,
      "encryption_time": 0.20320487022399902,
      "aggregation_time": 0.1894702911376953,
      "decryption_time": 0.0,
      "total_time": 0.39267516136169434,
      "is_encrypted": true,
      "improvement": -0.028000000000000025,
      "best_accuracy": 0.9508333333333333
    },
    {
      "round": 11,
      "accuracy": 0.9258333333333333,
      "f1_score": 0.9231831520800967,
      "precision": 0.8578761629772217,
      "recall": 0.9992526158445441,
      "auc": 0.9995920190884251,