{
  "pipeline_info": {
    "type": "fhe",
    "rounds": 30,
    "clients": 20,
    "timestamp": "2025-09-16 12:02:53",
    "total_samples": 4000,
    "one_class_clients": 4,
    "one_class_percentage": 20.0
  },
  "final_performance": {
    "accuracy": 0.88675,
    "f1_score": 0.880946123521682,
    "precision": 0.787224048849225,
    "recall": 1.0,
    "auc": 0.9999548141423519,
    "pr_auc": 0.9999389874331279,
    "mae": 0.12390477719335116,
    "rmse": 0.2599135475356429,
    "ece": 0.12080734472329549,
    "mce": 0.7836166322643124
  },
  "performance_trends": {
    "initial_accuracy": 0.93475,
    "final_accuracy": 0.88675,
    "accuracy_improvement": -0.04799999999999993,
    "best_accuracy": 0.93475,
    "final_f1": 0.880946123521682,
    "best_f1": 0.9277608635482978
  },
  "timing_statistics": {
    "total_encryption_time": 5.058169841766357,
    "total_aggregation_time": 4.608641862869263,
    "total_evaluation_time": 0,
    "total_time": 9.66681170463562,
    "avg_round_time": 0.32222705682118735,
    "avg_encryption_time": 0.16860566139221192,
    "avg_aggregation_time": 0.15362139542897543
  },
  "round_details": [
    {
      "round": 1,
      "accuracy": 0.93475,
      "f1_score": 0.9277608635482978,
      "precision": 0.8652555498193082,
      "recall": 1.0,
      "auc": 0.9999540439288692,
      "pr_auc": 0.9999385614426968,
      "ece": 0.09648509597106238,
      "mce": 0.8295959639698542,
      "mae": 0.09714323060670406,
      "rmse": 0.20115372634335285,
      "encryption_time": 0.21343302726745605,
      "aggregation_time": 0.1851356029510498,
      "decryption_time": 0.0,
      "total_time": 0.39856863021850586,
      "is_encrypted": true,
      "improvement": 0.93475,
      "best_accuracy": 0.93475
    },
    {
      "round": 2,
      "accuracy": 0.8865,
      "f1_score": 0.8807146610614819,
      "precision": 0.7868544600938967,
      "recall": 1.0,
      "auc": 0.9999507063371111,
      "pr_auc": 0.9999336587873452,
      "ece": 0.12049908059349197,
      "mce": 0.8031098163686,
      "mae": 0.12360626319679034,
      "rmse": 0.2595367467570296,
      "encryption_time": 0.17926263809204102,
      "aggregation_time": 0.16823792457580566,
      "decryption_time": 0.0,
      "total_time": 0.3475005626678467,
      "is_encrypted": true,
      "improvement": -0.048250000000000015,
      "best_accuracy": 0.93475
    },
    {
      "round": 3,
      "accuracy": 0.88825,
      "f1_score": 0.8823374572255857,
      "precision": 0.7894488930758361,
      "recall": 1.0,
      "auc": 0.9999427474644572,
      "pr_auc": 0.9999238481788657,
      "ece": 0.11902980722068099,
      "mce": 0.8089013558092105,
      "mae": 0.12371740248192456,
      "rmse": 0.2612294754317744,
      "encryption_time": 0.29036784172058105,
      "aggregation_time": 0.2648966312408447,
      "decryption_time": 0.0,
      "total_time": 0.5552644729614258,
      "is_encrypted": true,
      "improvement": -0.046499999999999986,
      "best_accuracy": 0.93475
    },
    {
      "round": 4,
      "accuracy": 0.88675,
      "f1_score": 0.880946123521682,
      "precision": 0.787224048849225,
      "recall": 1.0,
      "auc": 0.9999609758502129,
      "pr_auc": 0.9999470608767698,
      "ece": 0.12082995491754289,
      "mce": 0.7719479227476792,
      "mae": 0.12390587554407739,
      "rmse": 0.2606938009571217,
      "encryption_time": 0.18276596069335938,
      "aggregation_time": 0.16850924491882324,
      "decryption_time": 0.0,
      "total_time": 0.3512752056121826,
      "is_encrypted": true,
      "improvement": -0.04799999999999993,
      "best_accuracy": 0.93475
    },
    {
      "round": 5,
      "accuracy": 0.88625,
      "f1_score": 0.8804833201996323,
      "precision": 0.7864852182074143,
      "recall": 1.0,
      "auc": 0.9999517332884214,
      "pr_auc": 0.9999348987553699,
      "ece": 0.12122293284733196,
      "mce": 0.7688864050068756,
      "mae": 0.12432494222188507,
      "rmse": 0.26087898344945104,
      "encryption_time": 0.1540236473083496,
      "aggregation_time": 0.1421220302581787,
      "decryption_time": 0.0,
      "total_time": 0.2961456775665283,
      "is_encrypted": true,
      "improvement": -0.04849999999999999,
      "best_accuracy": 0.93475
    },
    {
      "round": 6,
      "accuracy": 0.888,
      "f1_score": 0.8821052631578947,
      "precision": 0.7890772128060264,
      "recall": 1.0,
      "auc": 0.9999532737153867,
      "pr_auc": 0.9999371337064206,
      "ece": 0.12035839736321728,
      "mce": 0.789071755424682,
      "mae": 0.12389003921100823,
      "rmse": 0.26031162958381826,
      "encryption_time": 0.14771771430969238,
      "aggregation_time": 0.13399600982666016,
      "decryption_time": 0.0,
      "total_time": 0.28171372413635254,
      "is_encrypted": true,
      "improvement": -0.04674999999999996,
      "best_accuracy": 0.93475
    },
    {
      "round": 7,
      "accuracy": 0.889,
      "f1_score": 0.8830347734457323,
      "precision": 0.7905660377358491,
      "recall": 1.0,
      "auc": 0.9999548141423519,
      "pr_auc": 0.9999390177923915,
      "ece": 0.11952251660565952,
      "mce": 0.7841899967702991,
      "mae": 0.12263146125350466,
      "rmse": 0.25829094539074177,
      "encryption_time": 0.1437089443206787,
      "aggregation_time": 0.13127660751342773,
      "decryption_time": 0.0,
      "total_time": 0.27498555183410645,
      "is_encrypted": true,
      "improvement": -0.04574999999999996,
      "best_accuracy": 0.93475
    },
    {
      "round": 8,
      "accuracy": 0.889,
      "f1_score": 0.8830347734457323,
      "precision": 0.7905660377358491,
      "recall": 1.0,
      "auc": 0.999950192861456,
      "pr_auc": 0.9999330505581824,
      "ece": 0.11898888902092032,
      "mce": 0.7996118455926943,
      "mae": 0.12256726693334295,
      "rmse": 0.25736545299935576,
      "encryption_time": 0.14484071731567383,
      "aggregation_time": 0.13300728797912598,
      "decryption_time": 0.0,
      "total_time": 0.2778480052947998,
      "is_encrypted": true,
      "improvement": -0.04574999999999996,
      "best_accuracy": 0.93475
    },
    {
      "round": 9,
      "accuracy": 0.88975,
      "f1_score": 0.8837331927234379,
      "precision": 0.7916863486065187,
      "recall": 1.0,
      "auc": 0.9999573815206274,
      "pr_auc": 0.9999424320842502,
      "ece": 0.11946127418003569,
      "mce": 0.7831872705334607,
      "mae": 0.12210558500671102,
      "rmse": 0.2573504840849843,
      "encryption_time": 0.14279699325561523,
      "aggregation_time": 0.13357043266296387,
      "decryption_time": 0.0,
      "total_time": 0.2763674259185791,
      "is_encrypted": true,
      "improvement": -0.04499999999999993,
      "best_accuracy": 0.93475
    },
    {
      "round": 10,
      "accuracy": 0.89025,
      "f1_score": 0.8841994196781852,
      "precision": 0.7924349881796691,
      "recall": 1.0,
      "auc": 0.9999545574045243,
      "pr_auc": 0.999938849203856,
      "ece": 0.11959980424757496,
      "mce": 0.7878224982135317,
      "mae": 0.1222564633204187,
      "rmse": 0.2576642934705611,
      "encryption_time": 0.14649033546447754,
      "aggregation_time": 0.13566255569458008,
      "decryption_time": 0.0,
      "total_time": 0.2821528911590576,
      "is_encrypted": true,
      "improvement": -0.044499999999999984,
      "best_accuracy": 0.93475
    },
    {
      "round": 11,
      "accuracy": 0.88675,
      "f1_score": 0.880946123521682,
      "precision": 0.787224048849225,
      "recall": 1.0,
      "auc": 0.9999558410936621,
      "pr_auc": 0.9999403081253729,
      "ece": 0.12116241930723332,
      "mce": 0.7705214092652949,
      "mae": 0.12424835648584175,
      "rmse": 0.26073125208766074,
      "encryption_time": 0.1452786922454834,
      "aggregation_time": 0.12929773330688477,
      "decryption_time": 0.0,
      "total_time": 0.27457642555236816,
      "is_encrypted": true,
      "improvement": -0.04799999999999993,