{
  "pipeline_info": {
    "type": "fhe",
    "rounds": 10,
    "clients": 10,
    "timestamp": "2025-09-18 23:47:34",
    "total_samples": 2000,
    "one_class_clients": 1,
    "one_class_percentage": 10.0
  },
  "final_performance": {
    "accuracy": 0.854,
    "f1_score": 0.8372352285395763,
    "precision": 0.7200383509108341,
    "recall": 1.0,
    "auc": 0.999578890809052,
    "pr_auc": 0.9993187085697358,
    "mae": 0.15293784034403876,
    "rmse": 0.3125231477968251,
    "ece": 0.14934968254669861,
    "mce": 0.8371063588814767
  },
  "performance_trends": {
    "initial_accuracy": 0.9155,
    "final_accuracy": 0.854,
    "accuracy_improvement": -0.0615,
    "best_accuracy": 0.9155,
    "final_f1": 0.8372352285395763,
    "best_f1": 0.8988629563135847
  },
  "timing_statistics": {
    "total_encryption_time": 0.945145845413208,
    "total_aggregation_time": 0.8378229141235352,
    "total_evaluation_time": 0,
    "total_time": 1.7829687595367432,
    "avg_round_time": 0.17829687595367433,
    "avg_encryption_time": 0.0945145845413208,
    "avg_aggregation_time": 0.08378229141235352
  },
  "round_details": [
    {
      "round": 1,
      "accuracy": 0.9155,
      "f1_score": 0.8988629563135847,
      "precision": 0.816304347826087,
      "recall": 1.0,
      "auc": 0.9999925373054769,
      "pr_auc": 0.9999876729937406,
      "ece": 0.1110458980673784,
      "mce": 0.7507625038042021,
      "mae": 0.11138093906878355,
      "rmse": 0.2273733803981749,
      "encryption_time": 0.10985207557678223,
      "aggregation_time": 0.0939476490020752,
      "decryption_time": 0.0,
      "total_time": 0.20379972457885742,
      "is_encrypted": true,
      "improvement": 0.9155,
      "best_accuracy": 0.9155
    },
    {
      "round": 2,
      "accuracy": 0.8535,
      "f1_score": 0.8367688022284122,
      "precision": 0.7193486590038314,
      "recall": 1.0,
      "auc": 0.9997633259736951,
      "pr_auc": 0.9996164324656592,
      "ece": 0.1498651208559696,
      "mce": 0.8299555180399344,
      "mae": 0.15314873422316524,
      "rmse": 0.3113371178271186,
      "encryption_time": 0.10204696655273438,
      "aggregation_time": 0.09378933906555176,
      "decryption_time": 0.0,
      "total_time": 0.19583630561828613,
      "is_encrypted": true,
      "improvement": -0.061999999999999944,
      "best_accuracy": 0.9155
    },
    {
      "round": 3,
      "accuracy": 0.852,
      "f1_score": 0.8353726362625139,
      "precision": 0.7172874880611271,
      "recall": 1.0,
      "auc": 0.9996716414409824,
      "pr_auc": 0.999464409510377,
      "ece": 0.15193675143265706,
      "mce": 0.8341427662027179,
      "mae": 0.15531958816551483,
      "rmse": 0.31512037783230673,
      "encryption_time": 0.09064936637878418,
      "aggregation_time": 0.0866537094116211,
      "decryption_time": 0.0,
      "total_time": 0.17730307579040527,
      "is_encrypted": true,
      "improvement": -0.0635,
      "best_accuracy": 0.9155
    },
    {
      "round": 4,
      "accuracy": 0.853,
      "f1_score": 0.8363028953229399,
      "precision": 0.7186602870813397,
      "recall": 1.0,
      "auc": 0.9997793174619589,
      "pr_auc": 0.999643321131561,
      "ece": 0.14860379727576015,
      "mce": 0.8324238154844689,
      "mae": 0.15214980994673374,
      "rmse": 0.30830902927404563,
      "encryption_time": 0.09216570854187012,
      "aggregation_time": 0.0796048641204834,
      "decryption_time": 0.0,
      "total_time": 0.17177057266235352,
      "is_encrypted": true,
      "improvement": -0.0625,
      "best_accuracy": 0.9155
    },
    {
      "round": 5,
      "accuracy": 0.852,
      "f1_score": 0.8353726362625139,
      "precision": 0.7172874880611271,
      "recall": 1.0,
      "auc": 0.999597014495751,
      "pr_auc": 0.9993414967485738,
      "ece": 0.15457573201670524,
      "mce": 0.833989607831356,
      "mae": 0.15824585030105906,
      "rmse": 0.3182846148950113,
      "encryption_time": 0.1014702320098877,
      "aggregation_time": 0.08871889114379883,
      "decryption_time": 0.0,
      "total_time": 0.19018912315368652,
      "is_encrypted": true,
      "improvement": -0.0635,
      "best_accuracy": 0.9155
    },
    {
      "round": 6,
      "accuracy": 0.852,
      "f1_score": 0.8353726362625139,
      "precision": 0.7172874880611271,
      "recall": 1.0,
      "auc": 0.9997835818588292,
      "pr_auc": 0.9996513075503743,
      "ece": 0.15195796007531856,
      "mce": 0.833970945587275,
      "mae": 0.15522562258566705,
      "rmse": 0.3138289004760757,
      "encryption_time": 0.09177160263061523,
      "aggregation_time": 0.07847738265991211,
      "decryption_time": 0.0,
      "total_time": 0.17024898529052734,
      "is_encrypted": true,
      "improvement": -0.0635,
      "best_accuracy": 0.9155
    },
    {
      "round": 7,
      "accuracy": 0.852,
      "f1_score": 0.8353726362625139,
      "precision": 0.7172874880611271,
      "recall": 1.0,
      "auc": 0.9995447756340892,
      "pr_auc": 0.9992572247799265,
      "ece": 0.1529976693566349,
      "mce": 0.8350960931249166,
      "mae": 0.15655608169583266,
      "rmse": 0.31730254292903626,
      "encryption_time": 0.08375787734985352,
      "aggregation_time": 0.07759499549865723,
      "decryption_time": 0.0,
      "total_time": 0.16135287284851074,
      "is_encrypted": true,
      "improvement": -0.0635,
      "best_accuracy": 0.9155
    },
    {
      "round": 8,
      "accuracy": 0.853,
      "f1_score": 0.8363028953229399,
      "precision": 0.7186602870813397,
      "recall": 1.0,
      "auc": 0.9996535177542833,
      "pr_auc": 0.999436538882227,
      "ece": 0.15156183884515567,
      "mce": 0.8316151552520402,
      "mae": 0.1550048656482853,
      "rmse": 0.3144720273990453,
      "encryption_time": 0.0927724838256836,
      "aggregation_time": 0.08017396926879883,
      "decryption_time": 0.0,
      "total_time": 0.17294645309448242,
      "is_encrypted": true,
      "improvement": -0.0625,
      "best_accuracy": 0.9155
    },
    {
      "round": 9,
      "accuracy": 0.848,
      "f1_score": 0.831672203765227,
      "precision": 0.7118483412322275,
      "recall": 1.0,
      "auc": 0.9996364601668019,
      "pr_auc": 0.999413195122414,
      "ece": 0.1534464531055883,
      "mce": 0.8319498497992965,
      "mae": 0.15681348197814388,
      "rmse": 0.3176558769057484,
      "encryption_time": 0.07948780059814453,
      "aggregation_time": 0.07410836219787598,
      "decryption_time": 0.0,
      "total_time": 0.1535961627960205,
      "is_encrypted": true,
      "improvement": -0.0675,
      "best_accuracy": 0.9155
    },
    {
      "round": 10,
      "accuracy": 0.854,
      "f1_score": 0.8372352285395763,
      "precision": 0.7200383509108341,
      "recall": 1.0,
      "auc": 0.999578890809052,
      "pr_auc": 0.9993187085697358,
      "ece": 0.14934968254669861,
      "mce": 0.8371063588814767,
      "mae": 0.15293784034403876,
      "rmse": 0.3125231477968251,
      "encryption_time": 0.10117173194885254,
      "aggregation_time": 0.08475375175476074,
      "decryption_time": 0.0,
      "total_time": 0.18592548370361328,
      "is_encrypted": true,
      "improvement": -0.0615,
      "best_accuracy": 0.9155
    }
  ]
}