{
  "pipeline_info": {
    "type": "fhe",
    "rounds": 10,
    "clients": 40,
    "timestamp": "2025-09-16 12:07:18",
    "total_samples": 8000,
    "one_class_clients": 10,
    "one_class_percentage": 25.0
  },
  "final_performance": {
    "accuracy": 0.916375,
    "f1_score": 0.9124689258144708,
    "precision": 0.8396339995184204,
    "recall": 0.9991404011461318,
    "auc": 0.9996583841066335,
    "pr_auc": 0.9996072635720303,
    "mae": 0.113058165121012,
    "rmse": 0.23209433381711034,
    "ece": 0.11077207977971767,
    "mce": 0.7369900362853419
  },
  "performance_trends": {
    "initial_accuracy": 0.942875,
    "final_accuracy": 0.916375,
    "accuracy_improvement": -0.026499999999999968,
    "best_accuracy": 0.942875,
    "final_f1": 0.9124689258144708,
    "best_f1": 0.938517422305933
  },
  "timing_statistics": {
    "total_encryption_time": 4.2657856941223145,
    "total_aggregation_time": 4.027862310409546,
    "total_evaluation_time": 0,
    "total_time": 8.29364800453186,
    "avg_round_time": 0.8293648004531861,
    "avg_encryption_time": 0.42657856941223143,
    "avg_aggregation_time": 0.40278623104095457
  },
  "round_details": [
    {
      "round": 1,
      "accuracy": 0.942875,
      "f1_score": 0.938517422305933,
      "precision": 0.8846056302307888,
      "recall": 0.9994269340974212,
      "auc": 0.9996914846981239,
      "pr_auc": 0.9996384927956445,
      "ece": 0.10298709770480423,
      "mce": 0.6672256543123274,
      "mae": 0.10613703854177463,
      "rmse": 0.20468253897178904,
      "encryption_time": 0.4529411792755127,
      "aggregation_time": 0.4304502010345459,
      "decryption_time": 0.0,
      "total_time": 0.8833913803100586,
      "is_encrypted": true,
      "improvement": 0.942875,
      "best_accuracy": 0.942875
    },
    {
      "round": 2,
      "accuracy": 0.917125,
      "f1_score": 0.9132085351485797,
      "precision": 0.8406845022897084,
      "recall": 0.9994269340974212,
      "auc": 0.9996924376902013,
      "pr_auc": 0.9996444868850465,
      "ece": 0.11054396276437836,
      "mce": 0.773942580109325,
      "mae": 0.11241928066218734,
      "rmse": 0.2300545962781441,
      "encryption_time": 0.37129878997802734,
      "aggregation_time": 0.3497493267059326,
      "decryption_time": 0.0,
      "total_time": 0.72104811668396,
      "is_encrypted": true,
      "improvement": -0.02575000000000005,
      "best_accuracy": 0.942875
    },
    {
      "round": 3,
      "accuracy": 0.916875,
      "f1_score": 0.9129467207749705,
      "precision": 0.8404434803567125,
      "recall": 0.9991404011461318,
      "auc": 0.9996583205738283,
      "pr_auc": 0.9996064561580635,
      "ece": 0.11009691801665768,
      "mce": 0.7459719864731772,
      "mae": 0.11272229506154202,
      "rmse": 0.23083761701036956,
      "encryption_time": 0.47507500648498535,
      "aggregation_time": 0.4552125930786133,
      "decryption_time": 0.0,
      "total_time": 0.9302875995635986,
      "is_encrypted": true,
      "improvement": -0.026000000000000023,
      "best_accuracy": 0.942875
    },
    {
      "round": 4,
      "accuracy": 0.916125,
      "f1_score": 0.9122531711782398,
      "precision": 0.8390666345922541,
      "recall": 0.9994269340974212,
      "auc": 0.9996610524844504,
      "pr_auc": 0.9996092246112144,
      "ece": 0.11029184955539856,
      "mce": 0.7630003991325773,
      "mae": 0.11313794085697343,
      "rmse": 0.2328056330201273,
      "encryption_time": 0.4973924160003662,
      "aggregation_time": 0.4667813777923584,
      "decryption_time": 0.0,
      "total_time": 0.9641737937927246,
      "is_encrypted": true,
      "improvement": -0.02675000000000005,
      "best_accuracy": 0.942875
    },
    {
      "round": 5,
      "accuracy": 0.91875,
      "f1_score": 0.9147652766850249,
      "precision": 0.8433268858800773,
      "recall": 0.9994269340974212,
      "auc": 0.9996645467887343,
      "pr_auc": 0.9996142708614807,
      "ece": 0.109601378222311,
      "mce": 0.746472387591955,
      "mae": 0.11188000615087168,
      "rmse": 0.22927488449647504,
      "encryption_time": 0.459850549697876,
      "aggregation_time": 0.43286824226379395,
      "decryption_time": 0.0,
      "total_time": 0.8927187919616699,
      "is_encrypted": true,
      "improvement": -0.024125000000000063,
      "best_accuracy": 0.942875
    },
    {
      "round": 6,
      "accuracy": 0.9195,
      "f1_score": 0.9154855643044619,
      "precision": 0.8445520581113801,
      "recall": 0.9994269340974212,
      "auc": 0.9996732507830419,
      "pr_auc": 0.999622010203436,
      "ece": 0.10901442542552843,
      "mce": 0.7741328833623012,
      "mae": 0.11140003462501917,
      "rmse": 0.22916041129292444,
      "encryption_time": 0.4630608558654785,
      "aggregation_time": 0.44475674629211426,
      "decryption_time": 0.0,
      "total_time": 0.9078176021575928,
      "is_encrypted": true,
      "improvement": -0.023375000000000035,
      "best_accuracy": 0.942875
    },
    {
      "round": 7,
      "accuracy": 0.918,
      "f1_score": 0.9140235910878113,
      "precision": 0.8422705314009662,
      "recall": 0.9991404011461318,
      "auc": 0.9996014587132066,
      "pr_auc": 0.9995417931912207,
      "ece": 0.10865216305371256,
      "mce": 0.7435396172129415,
      "mae": 0.11280667302464836,
      "rmse": 0.23218040737952417,
      "encryption_time": 0.38494873046875,
      "aggregation_time": 0.35529279708862305,
      "decryption_time": 0.0,
      "total_time": 0.740241527557373,
      "is_encrypted": true,
      "improvement": -0.02487499999999998,
      "best_accuracy": 0.942875
    },
    {
      "round": 8,
      "accuracy": 0.91725,
      "f1_score": 0.9133280963603038,
      "precision": 0.840887174541948,
      "recall": 0.9994269340974212,
      "auc": 0.9996538732774668,
      "pr_auc": 0.9996007457964438,
      "ece": 0.10929377690324876,
      "mce": 0.7458422882836274,
      "mae": 0.11248697054416099,
      "rmse": 0.23127416862488642,
      "encryption_time": 0.39058375358581543,
      "aggregation_time": 0.37028074264526367,
      "decryption_time": 0.0,
      "total_time": 0.7608644962310791,
      "is_encrypted": true,
      "improvement": -0.02562500000000001,
      "best_accuracy": 0.942875
    },
    {
      "round": 9,
      "accuracy": 0.918125,
      "f1_score": 0.9141434001835103,
      "precision": 0.8424740275428848,
      "recall": 0.9991404011461318,
      "auc": 0.99962217040769,
      "pr_auc": 0.9995664819867747,
      "ece": 0.10902799926161973,
      "mce": 0.7436304390521924,
      "mae": 0.1119415507991402,
      "rmse": 0.23076247836967317,
      "encryption_time": 0.3784143924713135,
      "aggregation_time": 0.350879430770874,
      "decryption_time": 0.0,
      "total_time": 0.7292938232421875,
      "is_encrypted": true,
      "improvement": -0.02475000000000005,
      "best_accuracy": 0.942875
    },
    {
      "round": 10,
      "accuracy": 0.916375,
      "f1_score": 0.9124689258144708,
      "precision": 0.8396339995184204,
      "recall": 0.9991404011461318,
      "auc": 0.9996583841066335,
      "pr_auc": 0.9996072635720303,
      "ece": 0.11077207977971767,
      "mce": 0.7369900362853419,
      "mae": 0.113058165121012,
      "rmse": 0.23209433381711034,
      "encryption_time": 0.39222002029418945,
      "aggregation_time": 0.37159085273742676,
      "decryption_time": 0.0,
      "total_time": 0.7638108730316162,
      "is_encrypted": true,
      "improvement": -0.026499999999999968,
      "best_accuracy": 0.942875
    }
  ]
}