{
  "pipeline_info": {
    "type": "fhe",
    "rounds": 10,
    "clients": 60,
    "timestamp": "2025-09-16 12:13:13",
    "total_samples": 12000,
    "one_class_clients": 17,
    "one_class_percentage": 28.333333333333332
  },
  "final_performance": {
    "accuracy": 0.9865,
    "f1_score": 0.986125385405961,
    "precision": 0.9765903307888041,
    "recall": 0.9958484691229891,
    "auc": 0.9996431356786188,
    "pr_auc": 0.9996571259633318,
    "mae": 0.0680089574185228,
    "rmse": 0.136099577099891,
    "ece": 0.06475658181347035,
    "mce": 0.4910181279283366
  },
  "performance_trends": {
    "initial_accuracy": 0.987,
    "final_accuracy": 0.9865,
    "accuracy_improvement": -0.0004999999999999449,
    "best_accuracy": 0.98725,
    "final_f1": 0.986125385405961,
    "best_f1": 0.9868838405486499
  },
  "timing_statistics": {
    "total_encryption_time": 4.6152284145355225,
    "total_aggregation_time": 4.405438661575317,
    "total_evaluation_time": 0,
    "total_time": 9.02066707611084,
    "avg_round_time": 0.902066707611084,
    "avg_encryption_time": 0.46152284145355227,
    "avg_aggregation_time": 0.4405438661575317
  },
  "round_details": [
    {
      "round": 1,
      "accuracy": 0.987,
      "f1_score": 0.9866300994172095,
      "precision": 0.9777475794122643,
      "recall": 0.9956754886697803,
      "auc": 0.9996815479644978,
      "pr_auc": 0.9996896015905512,
      "ece": 0.07880503085886867,
      "mce": 0.48480228193413655,
      "mae": 0.08195058872580165,
      "rmse": 0.1494156144142292,
      "encryption_time": 0.43361592292785645,
      "aggregation_time": 0.41278910636901855,
      "decryption_time": 0.0,
      "total_time": 0.846405029296875,
      "is_encrypted": true,
      "improvement": 0.987,
      "best_accuracy": 0.987
    },
    {
      "round": 2,
      "accuracy": 0.98725,
      "f1_score": 0.9868838405486499,
      "precision": 0.9782460910944936,
      "recall": 0.9956754886697803,
      "auc": 0.9996727028472572,
      "pr_auc": 0.9996824799302966,
      "ece": 0.06419348350742361,
      "mce": 0.5014614179153051,
      "mae": 0.06742131031257488,
      "rmse": 0.13500424356027876,
      "encryption_time": 0.5276503562927246,
      "aggregation_time": 0.5054221153259277,
      "decryption_time": 0.0,
      "total_time": 1.0330724716186523,
      "is_encrypted": true,
      "improvement": 0.00024999999999997247,
      "best_accuracy": 0.98725
    },
    {
      "round": 3,
      "accuracy": 0.9843333333333333,
      "f1_score": 0.9839343701931293,
      "precision": 0.9723019760175646,
      "recall": 0.9958484691229891,
      "auc": 0.9996201884404943,
      "pr_auc": 0.9996358008934105,
      "ece": 0.06504970767151744,
      "mce": 0.5069022128194531,
      "mae": 0.06840933965868864,
      "rmse": 0.13801833104895325,
      "encryption_time": 0.6181166172027588,
      "aggregation_time": 0.5966386795043945,
      "decryption_time": 0.0,
      "total_time": 1.2147552967071533,
      "is_encrypted": true,
      "improvement": -0.0029166666666666785,
      "best_accuracy": 0.98725
    },
    {
      "round": 4,
      "accuracy": 0.98625,
      "f1_score": 0.9858744970464858,
      "precision": 0.9759322033898306,
      "recall": 0.9960214495761979,
      "auc": 0.9996606033944277,
      "pr_auc": 0.9996720848243875,
      "ece": 0.06498941720991064,
      "mce": 0.4886950158989962,
      "mae": 0.06820119287955857,
      "rmse": 0.13677665559935673,
      "encryption_time": 0.43547725677490234,
      "aggregation_time": 0.41622138023376465,
      "decryption_time": 0.0,
      "total_time": 0.851698637008667,
      "is_encrypted": true,
      "improvement": -0.0010000000000000009,
      "best_accuracy": 0.98725
    },
    {
      "round": 5,
      "accuracy": 0.98625,
      "f1_score": 0.9858696583026463,
      "precision": 0.9762550881953868,
      "recall": 0.9956754886697803,
      "auc": 0.9996581278741937,
      "pr_auc": 0.9996696089796913,
      "ece": 0.06488276694863174,
      "mce": 0.4980202508426176,
      "mae": 0.06811327022469099,
      "rmse": 0.1360011292802395,
      "encryption_time": 0.4001455307006836,
      "aggregation_time": 0.3825860023498535,
      "decryption_time": 0.0,
      "total_time": 0.7827315330505371,
      "is_encrypted": true,
      "improvement": -0.0010000000000000009,
      "best_accuracy": 0.98725
    },
    {
      "round": 6,
      "accuracy": 0.9835,
      "f1_score": 0.9830971487109442,
      "precision": 0.9705039608966796,
      "recall": 0.9960214495761979,
      "auc": 0.9996061697641128,
      "pr_auc": 0.9996248396808125,
      "ece": 0.06540496429729932,
      "mce": 0.5108814740272711,
      "mae": 0.06876716230902048,
      "rmse": 0.1387666621239326,
      "encryption_time": 0.4065268039703369,
      "aggregation_time": 0.38757777214050293,
      "decryption_time": 0.0,
      "total_time": 0.7941045761108398,
      "is_encrypted": true,
      "improvement": -0.00374999999999992,
      "best_accuracy": 0.98725
    },
    {
      "round": 7,
      "accuracy": 0.9851666666666666,
      "f1_score": 0.984775915155662,
      "precision": 0.9739468787007275,
      "recall": 0.9958484691229891,
      "auc": 0.9996421899742598,
      "pr_auc": 0.9996566221761137,
      "ece": 0.06465604386887416,
      "mce": 0.4964696553020772,
      "mae": 0.06798885649252692,
      "rmse": 0.1372484693619123,
      "encryption_time": 0.41373658180236816,
      "aggregation_time": 0.39268994331359863,
      "decryption_time": 0.0,
      "total_time": 0.8064265251159668,
      "is_encrypted": true,
      "improvement": -0.002083333333333326,
      "best_accuracy": 0.98725
    },
    {
      "round": 8,
      "accuracy": 0.9861666666666666,
      "f1_score": 0.9857876712328767,
      "precision": 0.9759281234107476,
      "recall": 0.9958484691229891,
      "auc": 0.9996705611050322,
      "pr_auc": 0.999680253780729,
      "ece": 0.0646104202892894,
      "mce": 0.498547023681442,
      "mae": 0.06781566455980056,
      "rmse": 0.13597892871208095,
      "encryption_time": 0.41007041931152344,
      "aggregation_time": 0.3907792568206787,
      "decryption_time": 0.0,
      "total_time": 0.8008496761322021,
      "is_encrypted": true,
      "improvement": -0.001083333333333325,
      "best_accuracy": 0.98725
    },
    {
      "round": 9,
      "accuracy": 0.9864166666666667,
      "f1_score": 0.9860409351717051,
      "precision": 0.9764246947082768,
      "recall": 0.9958484691229891,
      "auc": 0.9996661663612458,
      "pr_auc": 0.9996767161124585,
      "ece": 0.06440397316395616,
      "mce": 0.4909865873748482,
      "mae": 0.06761891703921596,
      "rmse": 0.13577943268692422,
      "encryption_time": 0.4334390163421631,
      "aggregation_time": 0.40433478355407715,
      "decryption_time": 0.0,
      "total_time": 0.8377737998962402,
      "is_encrypted": true,
      "improvement": -0.0008333333333332416,
      "best_accuracy": 0.98725
    },
    {
      "round": 10,
      "accuracy": 0.9865,
      "f1_score": 0.986125385405961,
      "precision": 0.9765903307888041,
      "recall": 0.9958484691229891,
      "auc": 0.9996431356786188,
      "pr_auc": 0.9996571259633318,
      "ece": 0.06475658181347035,
      "mce": 0.4910181279283366,
      "mae": 0.0680089574185228,
      "rmse": 0.136099577099891,
      "encryption_time": 0.5364499092102051,
      "aggregation_time": 0.516399621963501,
      "decryption_time": 0.0,
      "total_time": 1.052849531173706,
      "is_encrypted": true,
      "improvement": -0.0007499999999999174,
      "best_accuracy": 0.98725
    }
  ]
}