{
  "pipeline_info": {
    "type": "fhe",
    "rounds": 10,
    "clients": 10,
    "timestamp": "2025-09-16 12:00:52",
    "total_samples": 2000,
    "one_class_clients": 1,
    "one_class_percentage": 10.0
  },
  "final_performance": {
    "accuracy": 0.854,
    "f1_score": 0.8372352285395763,
    "precision": 0.7200383509108341,
    "recall": 1.0,
    "auc": 0.999578890809052,
    "pr_auc": 0.9993187085697358,
    "mae": 0.15293784001303057,
    "rmse": 0.31252314699779915,
    "ece": 0.149349682238868,
    "mce": 0.8371063559857391
  },
  "performance_trends": {
    "initial_accuracy": 0.9155,
    "final_accuracy": 0.854,
    "accuracy_improvement": -0.0615,
    "best_accuracy": 0.9155,
    "final_f1": 0.8372352285395763,
    "best_f1": 0.8988629563135847
  },
  "timing_statistics": {
    "total_encryption_time": 0.7922453880310059,
    "total_aggregation_time": 0.6933236122131348,
    "total_evaluation_time": 0,
    "total_time": 1.4855690002441406,
    "avg_round_time": 0.14855690002441407,
    "avg_encryption_time": 0.07922453880310058,
    "avg_aggregation_time": 0.06933236122131348
  },
  "round_details": [
    {
      "round": 1,
      "accuracy": 0.9155,
      "f1_score": 0.8988629563135847,
      "precision": 0.816304347826087,
      "recall": 1.0,
      "auc": 0.9999925373054769,
      "pr_auc": 0.9999876729937406,
      "ece": 0.1110458978279275,
      "mce": 0.7507625022430864,
      "mae": 0.11138093883144047,
      "rmse": 0.22737337964219576,
      "encryption_time": 0.09091591835021973,
      "aggregation_time": 0.07926440238952637,
      "decryption_time": 0.0,
      "total_time": 0.1701803207397461,
      "is_encrypted": true,
      "improvement": 0.9155,
      "best_accuracy": 0.9155
    },
    {
      "round": 2,
      "accuracy": 0.8535,
      "f1_score": 0.8367688022284122,
      "precision": 0.7193486590038314,
      "recall": 1.0,
      "auc": 0.9997633259736951,
      "pr_auc": 0.9996164324656592,
      "ece": 0.14986512086654274,
      "mce": 0.8299555197725782,
      "mae": 0.15314873421576422,
      "rmse": 0.3113371181297192,
      "encryption_time": 0.07947683334350586,
      "aggregation_time": 0.06951284408569336,
      "decryption_time": 0.0,
      "total_time": 0.14898967742919922,
      "is_encrypted": true,
      "improvement": -0.061999999999999944,
      "best_accuracy": 0.9155
    },
    {
      "round": 3,
      "accuracy": 0.852,
      "f1_score": 0.8353726362625139,
      "precision": 0.7172874880611271,
      "recall": 1.0,
      "auc": 0.9996716414409824,
      "pr_auc": 0.999464409510377,
      "ece": 0.1519367513852643,
      "mce": 0.8341427673640105,
      "mae": 0.15531958807130367,
      "rmse": 0.31512037791980974,
      "encryption_time": 0.07808256149291992,
      "aggregation_time": 0.06781983375549316,
      "decryption_time": 0.0,
      "total_time": 0.14590239524841309,
      "is_encrypted": true,
      "improvement": -0.0635,
      "best_accuracy": 0.9155
    },
    {
      "round": 4,
      "accuracy": 0.853,
      "f1_score": 0.8363028953229399,
      "precision": 0.7186602870813397,
      "recall": 1.0,
      "auc": 0.9997793174619589,
      "pr_auc": 0.999643321131561,
      "ece": 0.14860379688584016,
      "mce": 0.832423814581619,
      "mae": 0.15214980954921556,
      "rmse": 0.3083090286651656,
      "encryption_time": 0.07498502731323242,
      "aggregation_time": 0.06505680084228516,
      "decryption_time": 0.0,
      "total_time": 0.14004182815551758,
      "is_encrypted": true,
      "improvement": -0.0625,
      "best_accuracy": 0.9155
    },
    {
      "round": 5,
      "accuracy": 0.852,
      "f1_score": 0.8353726362625139,
      "precision": 0.7172874880611271,
      "recall": 1.0,
      "auc": 0.999597014495751,
      "pr_auc": 0.9993414967485738,
      "ece": 0.15457573273351,
      "mce": 0.8339896111231898,
      "mae": 0.15824585100086797,
      "rmse": 0.31828461599937496,
      "encryption_time": 0.07292032241821289,
      "aggregation_time": 0.06535863876342773,
      "decryption_time": 0.0,
      "total_time": 0.13827896118164062,
      "is_encrypted": true,
      "improvement": -0.0635,
      "best_accuracy": 0.9155
    },
    {
      "round": 6,
      "accuracy": 0.852,
      "f1_score": 0.8353726362625139,
      "precision": 0.7172874880611271,
      "recall": 1.0,
      "auc": 0.9997835818588292,
      "pr_auc": 0.9996513075503743,
      "ece": 0.15195796027925446,
      "mce": 0.833970943611495,
      "mae": 0.15522562275334292,
      "rmse": 0.3138289004036882,
      "encryption_time": 0.07499003410339355,
      "aggregation_time": 0.06433463096618652,
      "decryption_time": 0.0,
      "total_time": 0.13932466506958008,
      "is_encrypted": true,
      "improvement": -0.0635,
      "best_accuracy": 0.9155
    },
    {
      "round": 7,
      "accuracy": 0.852,
      "f1_score": 0.8353726362625139,
      "precision": 0.7172874880611271,
      "recall": 1.0,
      "auc": 0.9995447756340892,
      "pr_auc": 0.9992572247799265,
      "ece": 0.15299766896253153,
      "mce": 0.8350960906537089,
      "mae": 0.15655608129436588,
      "rmse": 0.3173025421473555,
      "encryption_time": 0.0711212158203125,
      "aggregation_time": 0.06144976615905762,
      "decryption_time": 0.0,
      "total_time": 0.13257098197937012,
      "is_encrypted": true,
      "improvement": -0.0635,
      "best_accuracy": 0.9155
    },
    {
      "round": 8,
      "accuracy": 0.853,
      "f1_score": 0.8363028953229399,
      "precision": 0.7186602870813397,
      "recall": 1.0,
      "auc": 0.9996535177542833,
      "pr_auc": 0.999436538882227,
      "ece": 0.15156183830972805,
      "mce": 0.8316151559381206,
      "mae": 0.15500486506050842,
      "rmse": 0.3144720268811023,
      "encryption_time": 0.0916750431060791,
      "aggregation_time": 0.07979488372802734,
      "decryption_time": 0.0,
      "total_time": 0.17146992683410645,
      "is_encrypted": true,
      "improvement": -0.0625,
      "best_accuracy": 0.9155
    },
    {
      "round": 9,
      "accuracy": 0.848,
      "f1_score": 0.831672203765227,
      "precision": 0.7118483412322275,
      "recall": 1.0,
      "auc": 0.9996364601668019,
      "pr_auc": 0.999413195122414,
      "ece": 0.15344645323851078,
      "mce": 0.8319498512263622,
      "mae": 0.1568134821423032,
      "rmse": 0.31765587718312593,
      "encryption_time": 0.07682251930236816,
      "aggregation_time": 0.06863760948181152,
      "decryption_time": 0.0,
      "total_time": 0.1454601287841797,
      "is_encrypted": true,
      "improvement": -0.0675,
      "best_accuracy": 0.9155
    },
    {
      "round": 10,
      "accuracy": 0.854,
      "f1_score": 0.8372352285395763,
      "precision": 0.7200383509108341,
      "recall": 1.0,
      "auc": 0.999578890809052,
      "pr_auc": 0.9993187085697358,
      "ece": 0.149349682238868,
      "mce": 0.8371063559857391,
      "mae": 0.15293784001303057,
      "rmse": 0.31252314699779915,
      "encryption_time": 0.08125591278076172,
      "aggregation_time": 0.07209420204162598,
      "decryption_time": 0.0,
      "total_time": 0.1533501148223877,
      "is_encrypted": true,
      "improvement": -0.0615,
      "best_accuracy": 0.9155
    }
  ]
}