{
  "pipeline_info": {
    "type": "fhe",
    "rounds": 5,
    "clients": 5,
    "timestamp": "2025-09-19 00:22:50",
    "total_samples": 1000,
    "one_class_clients": 1,
    "one_class_percentage": 20.0
  },
  "final_performance": {
    "accuracy": 0.802,
    "f1_score": 0.7648456057007126,
    "precision": 0.6192307692307693,
    "recall": 1.0,
    "auc": 0.9997572326352627,
    "pr_auc": 0.9995236520918716,
    "mae": 0.1923519964813832,
    "rmse": 0.39745737933880226,
    "ece": 0.19223849698269452,
    "mce": 0.8579946963857413
  },
  "performance_trends": {
    "initial_accuracy": 0.85,
    "final_accuracy": 0.802,
    "accuracy_improvement": -0.04799999999999993,
    "best_accuracy": 0.85,
    "final_f1": 0.7648456057007126,
    "best_f1": 0.8110831234256927
  },
  "timing_statistics": {
    "total_encryption_time": 0.2722632884979248,
    "total_aggregation_time": 0.2270650863647461,
    "total_evaluation_time": 0,
    "total_time": 0.4993283748626709,
    "avg_round_time": 0.09986567497253418,
    "avg_encryption_time": 0.05445265769958496,
    "avg_aggregation_time": 0.04541301727294922
  },
  "round_details": [
    {
      "round": 1,
      "accuracy": 0.85,
      "f1_score": 0.8110831234256927,
      "precision": 0.6822033898305084,
      "recall": 1.0,
      "auc": 0.9999816779347368,
      "pr_auc": 0.9999618946004649,
      "ece": 0.1546147448483936,
      "mce": 0.8550076420936263,
      "mae": 0.15597819369092433,
      "rmse": 0.32483279154445005,
      "encryption_time": 0.05281496047973633,
      "aggregation_time": 0.04244279861450195,
      "decryption_time": 0.0,
      "total_time": 0.09525775909423828,
      "is_encrypted": true,
      "improvement": 0.85,
      "best_accuracy": 0.85
    },
    {
      "round": 2,
      "accuracy": 0.804,
      "f1_score": 0.7666666666666667,
      "precision": 0.6216216216216216,
      "recall": 1.0,
      "auc": 0.9997205885047362,
      "pr_auc": 0.9994480811333937,
      "ece": 0.18898828163982234,
      "mce": 0.8507289096544691,
      "mae": 0.18909673411109268,
      "rmse": 0.3939271274836766,
      "encryption_time": 0.05837702751159668,
      "aggregation_time": 0.04695320129394531,
      "decryption_time": 0.0,
      "total_time": 0.10533022880554199,
      "is_encrypted": true,
      "improvement": -0.04599999999999993,
      "best_accuracy": 0.85
    },
    {
      "round": 3,
      "accuracy": 0.807,
      "f1_score": 0.7694145758661888,
      "precision": 0.625242718446602,
      "recall": 1.0,
      "auc": 0.9995465288847359,
      "pr_auc": 0.9991512242248678,
      "ece": 0.1851703917610495,
      "mce": 0.8518216302972441,
      "mae": 0.18527564652082537,
      "rmse": 0.3884000689066253,
      "encryption_time": 0.051258087158203125,
      "aggregation_time": 0.04287362098693848,
      "decryption_time": 0.0,
      "total_time": 0.0941317081451416,
      "is_encrypted": true,
      "improvement": -0.04299999999999993,
      "best_accuracy": 0.85
    },
    {
      "round": 4,
      "accuracy": 0.805,
      "f1_score": 0.767580452920143,
      "precision": 0.6228239845261122,
      "recall": 1.0,
      "auc": 0.9997297495373678,
      "pr_auc": 0.9994639338398519,
      "ece": 0.19021943207333503,
      "mce": 0.8548520214329774,
      "mae": 0.19036079191441918,
      "rmse": 0.39456149885104985,
      "encryption_time": 0.061476945877075195,
      "aggregation_time": 0.046459197998046875,
      "decryption_time": 0.0,
      "total_time": 0.10793614387512207,
      "is_encrypted": true,
      "improvement": -0.04499999999999993,
      "best_accuracy": 0.85
    },
    {
      "round": 5,
      "accuracy": 0.802,
      "f1_score": 0.7648456057007126,
      "precision": 0.6192307692307693,
      "recall": 1.0,
      "auc": 0.9997572326352627,
      "pr_auc": 0.9995236520918716,
      "ece": 0.19223849698269452,
      "mce": 0.8579946963857413,
      "mae": 0.1923519964813832,
      "rmse": 0.39745737933880226,
      "encryption_time": 0.04833626747131348,
      "aggregation_time": 0.04833626747131348,
      "decryption_time": 0.0,
      "total_time": 0.09667253494262695,
      "is_encrypted": true,
      "improvement": -0.04799999999999993,
      "best_accuracy": 0.85
    }
  ]
}