{
  "pipeline_info": {
    "type": "fhe",
    "rounds": 5,
    "clients": 5,
    "timestamp": "2025-09-19 00:38:43",
    "total_samples": 1000,
    "one_class_clients": 1,
    "one_class_percentage": 20.0
  },
  "final_performance": {
    "accuracy": 0.802,
    "f1_score": 0.7648456057007126,
    "precision": 0.6192307692307693,
    "recall": 1.0,
    "auc": 0.9997572326352627,
    "pr_auc": 0.9995236520918716,
    "mae": 0.19235199644636194,
    "rmse": 0.39745737932881314,
    "ece": 0.19223849694777356,
    "mce": 0.8579946951859897
  },
  "performance_trends": {
    "initial_accuracy": 0.85,
    "final_accuracy": 0.802,
    "accuracy_improvement": -0.04799999999999993,
    "best_accuracy": 0.85,
    "final_f1": 0.7648456057007126,
    "best_f1": 0.8110831234256927
  },
  "timing_statistics": {
    "total_encryption_time": 0.5278654098510742,
    "total_aggregation_time": 0.3888819217681885,
    "total_evaluation_time": 0,
    "total_time": 0.9167473316192627,
    "avg_round_time": 0.18334946632385254,
    "avg_encryption_time": 0.10557308197021484,
    "avg_aggregation_time": 0.07777638435363769
  },
  "round_details": [
    {
      "round": 1,
      "accuracy": 0.85,
      "f1_score": 0.8110831234256927,
      "precision": 0.6822033898305084,
      "recall": 1.0,
      "auc": 0.9999816779347368,
      "pr_auc": 0.9999618946004649,
      "ece": 0.1546147449182858,
      "mce": 0.8550076426983602,
      "mae": 0.15597819377682443,
      "rmse": 0.3248327917579821,
      "encryption_time": 0.15237760543823242,
      "aggregation_time": 0.09663820266723633,
      "decryption_time": 0.0,
      "total_time": 0.24901580810546875,
      "is_encrypted": true,
      "improvement": 0.85,
      "best_accuracy": 0.85
    },
    {
      "round": 2,
      "accuracy": 0.804,
      "f1_score": 0.7666666666666667,
      "precision": 0.6216216216216216,
      "recall": 1.0,
      "auc": 0.9997205885047362,
      "pr_auc": 0.9994480811333937,
      "ece": 0.18898828144152732,
      "mce": 0.8507289095076251,
      "mae": 0.18909673391308146,
      "rmse": 0.3939271272935672,
      "encryption_time": 0.14432930946350098,
      "aggregation_time": 0.10833311080932617,
      "decryption_time": 0.0,
      "total_time": 0.25266242027282715,
      "is_encrypted": true,
      "improvement": -0.04599999999999993,
      "best_accuracy": 0.85
    },
    {
      "round": 3,
      "accuracy": 0.807,
      "f1_score": 0.7694145758661888,
      "precision": 0.625242718446602,
      "recall": 1.0,
      "auc": 0.9995465288847359,
      "pr_auc": 0.9991512242248678,
      "ece": 0.1851703913047547,
      "mce": 0.8518216285205991,
      "mae": 0.18527564606416855,
      "rmse": 0.3884000682195176,
      "encryption_time": 0.08652687072753906,
      "aggregation_time": 0.07031083106994629,
      "decryption_time": 0.0,
      "total_time": 0.15683770179748535,
      "is_encrypted": true,
      "improvement": -0.04299999999999993,
      "best_accuracy": 0.85
    },
    {
      "round": 4,
      "accuracy": 0.805,
      "f1_score": 0.767580452920143,
      "precision": 0.6228239845261122,
      "recall": 1.0,
      "auc": 0.9997297495373678,
      "pr_auc": 0.9994639338398519,
      "ece": 0.1902194322192946,
      "mce": 0.8548520220037565,
      "mae": 0.1903607920590493,
      "rmse": 0.39456149905410215,
      "encryption_time": 0.08147287368774414,
      "aggregation_time": 0.06389284133911133,
      "decryption_time": 0.0,
      "total_time": 0.14536571502685547,
      "is_encrypted": true,
      "improvement": -0.04499999999999993,
      "best_accuracy": 0.85
    },
    {
      "round": 5,
      "accuracy": 0.802,
      "f1_score": 0.7648456057007126,
      "precision": 0.6192307692307693,
      "recall": 1.0,
      "auc": 0.9997572326352627,
      "pr_auc": 0.9995236520918716,
      "ece": 0.19223849694777356,
      "mce": 0.8579946951859897,
      "mae": 0.19235199644636194,
      "rmse": 0.39745737932881314,
      "encryption_time": 0.06315875053405762,
      "aggregation_time": 0.04970693588256836,
      "decryption_time": 0.0,
      "total_time": 0.11286568641662598,
      "is_encrypted": true,
      "improvement": -0.04799999999999993,
      "best_accuracy": 0.85
    }
  ]
}