{
  "pipeline_info": {
    "type": "fhe",
    "rounds": 10,
    "clients": 50,
    "timestamp": "2025-09-19 10:22:02",
    "total_samples": 10000,
    "one_class_clients": 13,
    "one_class_percentage": 26.0
  },
  "final_performance": {
    "accuracy": 0.9001,
    "f1_score": 0.8962724535354584,
    "precision": 0.812041392285983,
    "recall": 1.0,
    "auc": 0.9997589692935114,
    "pr_auc": 0.9997067344165476,
    "mae": 0.11841394138467813,
    "rmse": 0.24287434047160297,
    "ece": 0.11631732858008449,
    "mce": 0.7840153946920441
  },
  "performance_trends": {
    "initial_accuracy": 0.9318,
    "final_accuracy": 0.9001,
    "accuracy_improvement": -0.03169999999999995,
    "best_accuracy": 0.9318,
    "final_f1": 0.8962724535354584,
    "best_f1": 0.9267768949967791
  },
  "timing_statistics": {
    "total_encryption_time": 13.087573766708374,
    "total_aggregation_time": 12.527445077896118,
    "total_evaluation_time": 0,
    "total_time": 25.615018844604492,
    "avg_round_time": 2.561501884460449,
    "avg_encryption_time": 1.3087573766708374,
    "avg_aggregation_time": 1.2527445077896118
  },
  "round_details": [
    {
      "round": 1,
      "accuracy": 0.9318,
      "f1_score": 0.9267768949967791,
      "precision": 0.8635454181672669,
      "recall": 1.0,
      "auc": 0.9997430310208517,
      "pr_auc": 0.9996897675119667,
      "ece": 0.10784385255520557,
      "mce": 0.6937975317791882,
      "mae": 0.11024331623263149,
      "rmse": 0.21376245182238973,
      "encryption_time": 1.3365275859832764,
      "aggregation_time": 1.2576911449432373,
      "decryption_time": 0.0,
      "total_time": 2.5942187309265137,
      "is_encrypted": true,
      "improvement": 0.9318,
      "best_accuracy": 0.9318
    },
    {
      "round": 2,
      "accuracy": 0.8965,
      "f1_score": 0.8929347263887453,
      "precision": 0.8065782096804336,
      "recall": 1.0,
      "auc": 0.9997508574872217,
      "pr_auc": 0.9996983507469477,
      "ece": 0.11802649884433285,
      "mce": 0.779349474296094,
      "mae": 0.12029092037301704,
      "rmse": 0.24678712997689925,
      "encryption_time": 1.3591716289520264,
      "aggregation_time": 1.317559003829956,
      "decryption_time": 0.0,
      "total_time": 2.6767306327819824,
      "is_encrypted": true,
      "improvement": -0.0353,
      "best_accuracy": 0.9318
    },
    {
      "round": 3,
      "accuracy": 0.898,
      "f1_score": 0.8943224202237878,
      "precision": 0.8088455772113943,
      "recall": 1.0,
      "auc": 0.9997463328113516,
      "pr_auc": 0.9996935846028484,
      "ece": 0.1179449413663982,
      "mce": 0.7809978271066776,
      "mae": 0.120212294075561,
      "rmse": 0.24648883352965764,
      "encryption_time": 1.3655800819396973,
      "aggregation_time": 1.304344654083252,
      "decryption_time": 0.0,
      "total_time": 2.669924736022949,
      "is_encrypted": true,
      "improvement": -0.03379999999999994,
      "best_accuracy": 0.9318
    },
    {
      "round": 4,
      "accuracy": 0.8972,
      "f1_score": 0.8935817805383023,
      "precision": 0.8076347305389222,
      "recall": 1.0,
      "auc": 0.9997616596413261,
      "pr_auc": 0.9997104320116279,
      "ece": 0.11796259419273132,
      "mce": 0.7649718910284662,
      "mae": 0.12025147675612004,
      "rmse": 0.2459749204926256,
      "encryption_time": 1.1560249328613281,
      "aggregation_time": 1.109710693359375,
      "decryption_time": 0.0,
      "total_time": 2.265735626220703,
      "is_encrypted": true,
      "improvement": -0.034599999999999964,
      "best_accuracy": 0.9318
    },
    {
      "round": 5,
      "accuracy": 0.8957,
      "f1_score": 0.8921963824289406,
      "precision": 0.8053741369658518,
      "recall": 1.0,
      "auc": 0.9997508574872216,
      "pr_auc": 0.9996979959519778,
      "ece": 0.11874435443738382,
      "mce": 0.7998996046250652,
      "mae": 0.12116214409599602,
      "rmse": 0.24810324542541434,
      "encryption_time": 1.2998037338256836,
      "aggregation_time": 1.219923734664917,
      "decryption_time": 0.0,
      "total_time": 2.5197274684906006,
      "is_encrypted": true,
      "improvement": -0.03609999999999991,
      "best_accuracy": 0.9318
    },
    {
      "round": 6,
      "accuracy": 0.8988,
      "f1_score": 0.8950642886768976,
      "precision": 0.81006006006006,
      "recall": 1.0,
      "auc": 0.9997469442540367,
      "pr_auc": 0.999693735161238,
      "ece": 0.11714656254572273,
      "mce": 0.7920479945637072,
      "mae": 0.11940505515133563,
      "rmse": 0.2456429344259918,
      "encryption_time": 1.2900729179382324,
      "aggregation_time": 1.2498929500579834,
      "decryption_time": 0.0,
      "total_time": 2.539965867996216,
      "is_encrypted": true,
      "improvement": -0.03299999999999992,
      "best_accuracy": 0.9318
    },
    {
      "round": 7,
      "accuracy": 0.8992,
      "f1_score": 0.8954356846473029,
      "precision": 0.8106686701728024,
      "recall": 1.0,
      "auc": 0.999759662261888,
      "pr_auc": 0.9997076822744319,
      "ece": 0.11654956402106285,
      "mce": 0.7719655125458411,
      "mae": 0.11864828511302708,
      "rmse": 0.2436559248120209,
      "encryption_time": 1.311283826828003,
      "aggregation_time": 1.2476084232330322,
      "decryption_time": 0.0,
      "total_time": 2.558892250061035,
      "is_encrypted": true,
      "improvement": -0.03259999999999996,
      "best_accuracy": 0.9318
    },
    {
      "round": 8,
      "accuracy": 0.8985,
      "f1_score": 0.8947859438167306,
      "precision": 0.8096042018383043,
      "recall": 1.0,
      "auc": 0.9997420119497098,
      "pr_auc": 0.9996882807060389,
      "ece": 0.11747253244618103,
      "mce": 0.7909677875129345,
      "mae": 0.1197442843505745,
      "rmse": 0.24576862843580635,
      "encryption_time": 1.5581350326538086,
      "aggregation_time": 1.5036203861236572,
      "decryption_time": 0.0,
      "total_time": 3.061755418777466,
      "is_encrypted": true,
      "improvement": -0.033299999999999996,
      "best_accuracy": 0.9318
    },
    {
      "round": 9,
      "accuracy": 0.8986,
      "f1_score": 0.894878706199461,
      "precision": 0.8097560975609757,
      "recall": 1.0,
      "auc": 0.9997464958627341,
      "pr_auc": 0.9996930651900368,
      "ece": 0.11747373544735981,
      "mce": 0.7895263914212489,
      "mae": 0.11904366547119469,
      "rmse": 0.244309013991366,
      "encryption_time": 1.318009614944458,
      "aggregation_time": 1.2424585819244385,
      "decryption_time": 0.0,
      "total_time": 2.5604681968688965,
      "is_encrypted": true,
      "improvement": -0.03320000000000001,
      "best_accuracy": 0.9318
    },
    {
      "round": 10,
      "accuracy": 0.9001,
      "f1_score": 0.8962724535354584,
      "precision": 0.812041392285983,
      "recall": 1.0,
      "auc": 0.9997589692935114,
      "pr_auc": 0.9997067344165476,
      "ece": 0.11631732858008449,
      "mce": 0.7840153946920441,
      "mae": 0.11841394138467813,
      "rmse": 0.24287434047160297,
      "encryption_time": 1.0929644107818604,
      "aggregation_time": 1.0746355056762695,
      "decryption_time": 0.0,
      "total_time": 2.16759991645813,
      "is_encrypted": true,
      "improvement": -0.03169999999999995,
      "best_accuracy": 0.9318
    }
  ]
}