{
  "pipeline_info": {
    "type": "fhe",
    "rounds": 20,
    "clients": 10,
    "timestamp": "2025-09-16 12:01:07",
    "total_samples": 2000,
    "one_class_clients": 1,
    "one_class_percentage": 10.0
  },
  "final_performance": {
    "accuracy": 0.8535,
    "f1_score": 0.8367688022284122,
    "precision": 0.7193486590038314,
    "recall": 1.0,
    "auc": 0.9997697225690007,
    "pr_auc": 0.9996282501628415,
    "mae": 0.15369027323433004,
    "rmse": 0.3120638924770661,
    "ece": 0.150379543845283,
    "mce": 0.8325680189995627
  },
  "performance_trends": {
    "initial_accuracy": 0.9155,
    "final_accuracy": 0.8535,
    "accuracy_improvement": -0.061999999999999944,
    "best_accuracy": 0.9155,
    "final_f1": 0.8367688022284122,
    "best_f1": 0.8988629563135847
  },
  "timing_statistics": {
    "total_encryption_time": 1.6343262195587158,
    "total_aggregation_time": 1.4093561172485352,
    "total_evaluation_time": 0,
    "total_time": 3.043682336807251,
    "avg_round_time": 0.15218411684036254,
    "avg_encryption_time": 0.08171631097793579,
    "avg_aggregation_time": 0.07046780586242676
  },
  "round_details": [
    {
      "round": 1,
      "accuracy": 0.9155,
      "f1_score": 0.8988629563135847,
      "precision": 0.816304347826087,
      "recall": 1.0,
      "auc": 0.9999925373054769,
      "pr_auc": 0.9999876729937406,
      "ece": 0.11104589704312341,
      "mce": 0.7507624990507117,
      "mae": 0.11138093804402885,
      "rmse": 0.2273733785235389,
      "encryption_time": 0.08687543869018555,
      "aggregation_time": 0.07468891143798828,
      "decryption_time": 0.0,
      "total_time": 0.16156435012817383,
      "is_encrypted": true,
      "improvement": 0.9155,
      "best_accuracy": 0.9155
    },
    {
      "round": 2,
      "accuracy": 0.8535,
      "f1_score": 0.8367688022284122,
      "precision": 0.7193486590038314,
      "recall": 1.0,
      "auc": 0.9997633259736951,
      "pr_auc": 0.9996164324656592,
      "ece": 0.14986512097890672,
      "mce": 0.8299555187276171,
      "mae": 0.1531487343884317,
      "rmse": 0.31133711810654374,
      "encryption_time": 0.09103107452392578,
      "aggregation_time": 0.08269548416137695,
      "decryption_time": 0.0,
      "total_time": 0.17372655868530273,
      "is_encrypted": true,
      "improvement": -0.061999999999999944,
      "best_accuracy": 0.9155
    },
    {
      "round": 3,
      "accuracy": 0.852,
      "f1_score": 0.8353726362625139,
      "precision": 0.7172874880611271,
      "recall": 1.0,
      "auc": 0.9996716414409824,
      "pr_auc": 0.999464409510377,
      "ece": 0.15193675153128666,
      "mce": 0.8341427637494345,
      "mae": 0.15531958828810172,
      "rmse": 0.3151203776615368,
      "encryption_time": 0.0844113826751709,
      "aggregation_time": 0.07551217079162598,
      "decryption_time": 0.0,
      "total_time": 0.15992355346679688,
      "is_encrypted": true,
      "improvement": -0.0635,
      "best_accuracy": 0.9155
    },
    {
      "round": 4,
      "accuracy": 0.853,
      "f1_score": 0.8363028953229399,
      "precision": 0.7186602870813397,
      "recall": 1.0,
      "auc": 0.9997793174619589,
      "pr_auc": 0.999643321131561,
      "ece": 0.14860379646580557,
      "mce": 0.8324238135520257,
      "mae": 0.15214980914322274,
      "rmse": 0.3083090280735301,
      "encryption_time": 0.07252955436706543,
      "aggregation_time": 0.06207871437072754,
      "decryption_time": 0.0,
      "total_time": 0.13460826873779297,
      "is_encrypted": true,
      "improvement": -0.0625,
      "best_accuracy": 0.9155
    },
    {
      "round": 5,
      "accuracy": 0.852,
      "f1_score": 0.8353726362625139,
      "precision": 0.7172874880611271,
      "recall": 1.0,
      "auc": 0.999597014495751,
      "pr_auc": 0.9993414967485738,
      "ece": 0.15457573258257734,
      "mce": 0.8339896105276937,
      "mae": 0.15824585084187312,
      "rmse": 0.3182846158395222,
      "encryption_time": 0.07328605651855469,
      "aggregation_time": 0.06448698043823242,
      "decryption_time": 0.0,
      "total_time": 0.1377730369567871,
      "is_encrypted": true,
      "improvement": -0.0635,
      "best_accuracy": 0.9155
    },
    {
      "round": 6,
      "accuracy": 0.852,
      "f1_score": 0.8353726362625139,
      "precision": 0.7172874880611271,
      "recall": 1.0,
      "auc": 0.9997835818588292,
      "pr_auc": 0.9996513075503743,
      "ece": 0.15195796007970813,
      "mce": 0.833970944848651,
      "mae": 0.15522562254355904,
      "rmse": 0.3138289004205026,
      "encryption_time": 0.0764322280883789,
      "aggregation_time": 0.06576108932495117,
      "decryption_time": 0.0,
      "total_time": 0.14219331741333008,
      "is_encrypted": true,
      "improvement": -0.0635,
      "best_accuracy": 0.9155
    },
    {
      "round": 7,
      "accuracy": 0.852,
      "f1_score": 0.8353726362625139,
      "precision": 0.7172874880611271,
      "recall": 1.0,
      "auc": 0.9995447756340892,
      "pr_auc": 0.9992572247799265,
      "ece": 0.15299766892927305,
      "mce": 0.8350960920835773,
      "mae": 0.15655608137997773,
      "rmse": 0.3173025422877561,
      "encryption_time": 0.07759618759155273,
      "aggregation_time": 0.06634283065795898,
      "decryption_time": 0.0,
      "total_time": 0.14393901824951172,
      "is_encrypted": true,
      "improvement": -0.0635,
      "best_accuracy": 0.9155
    },
    {
      "round": 8,
      "accuracy": 0.853,
      "f1_score": 0.8363028953229399,
      "precision": 0.7186602870813397,
      "recall": 1.0,
      "auc": 0.9996535177542833,
      "pr_auc": 0.999436538882227,
      "ece": 0.15156183804929596,
      "mce": 0.8316151543722454,
      "mae": 0.15500486478901912,
      "rmse": 0.3144720263793857,
      "encryption_time": 0.07581806182861328,
      "aggregation_time": 0.06530380249023438,
      "decryption_time": 0.0,
      "total_time": 0.14112186431884766,
      "is_encrypted": true,
      "improvement": -0.0625,
      "best_accuracy": 0.9155
    },
    {
      "round": 9,
      "accuracy": 0.848,
      "f1_score": 0.831672203765227,
      "precision": 0.7118483412322275,
      "recall": 1.0,
      "auc": 0.9996364601668019,
      "pr_auc": 0.999413195122414,
      "ece": 0.15344645291626072,
      "mce": 0.8319498465821326,
      "mae": 0.15681348178345694,
      "rmse": 0.31765587630857933,
      "encryption_time": 0.07964062690734863,
      "aggregation_time": 0.06680536270141602,
      "decryption_time": 0.0,
      "total_time": 0.14644598960876465,
      "is_encrypted": true,
      "improvement": -0.0675,
      "best_accuracy": 0.9155
    },
    {
      "round": 10,
      "accuracy": 0.854,
      "f1_score": 0.8372352285395763,
      "precision": 0.7200383509108341,
      "recall": 1.0,
      "auc": 0.999578890809052,
      "pr_auc": 0.9993187085697358,
      "ece": 0.14934968209115185,
      "mce": 0.8371063567200003,
      "mae": 0.1529378399283549,
      "rmse": 0.31252314693090305,
      "encryption_time": 0.07703733444213867,
      "aggregation_time": 0.06624579429626465,
      "decryption_time": 0.0,
      "total_time": 0.14328312873840332,
      "is_encrypted": true,
      "improvement": -0.0615,
      "best_accuracy": 0.9155
    },
    {
      "round": 11,
      "accuracy": 0.854,
      "f1_score": 0.8372352285395763,
      "precision": 0.7200383509108341,
      "recall": 1.0,
      "auc": 0.9996577821511538,
      "pr_auc": 0.9994425481151628,
      "ece": 0.15143911153417564,
      "mce": 0.8340304640829244,
      "mae": 0.15494212660591514,
      "rmse": 0.3142170636213386,
      "encryption_time": 0.0751645565032959,
      "aggregation_time": 0.06448054313659668,
      "decryption_time": 0.0,
      "total_time": 0.13964509963989258,
      "is_encrypted": true,
      "improvement": -0.0615,
      "best_accuracy": 0.9155
    },
    {
      "round": 12,
      "accuracy": 0.851,
      "f1_score": 0.8344444444444444,
      "precision": 0.7159199237368923,