{
  "pipeline_info": {
    "type": "fhe",
    "rounds": 30,
    "clients": 10,
    "timestamp": "2025-09-16 12:01:29",
    "total_samples": 2000,
    "one_class_clients": 1,
    "one_class_percentage": 10.0
  },
  "final_performance": {
    "accuracy": 0.8525,
    "f1_score": 0.8358375069560379,
    "precision": 0.7179732313575525,
    "recall": 1.0,
    "auc": 0.9997835818588292,
    "pr_auc": 0.999650964878886,
    "mae": 0.15438669522820653,
    "rmse": 0.3120990740666209,
    "ece": 0.1509974417465284,
    "mce": 0.835082529015033
  },
  "performance_trends": {
    "initial_accuracy": 0.9155,
    "final_accuracy": 0.8525,
    "accuracy_improvement": -0.06299999999999994,
    "best_accuracy": 0.9155,
    "final_f1": 0.8358375069560379,
    "best_f1": 0.8988629563135847
  },
  "timing_statistics": {
    "total_encryption_time": 2.7074551582336426,
    "total_aggregation_time": 2.3431057929992676,
    "total_evaluation_time": 0,
    "total_time": 5.05056095123291,
    "avg_round_time": 0.16835203170776367,
    "avg_encryption_time": 0.09024850527445476,
    "avg_aggregation_time": 0.07810352643330892
  },
  "round_details": [
    {
      "round": 1,
      "accuracy": 0.9155,
      "f1_score": 0.8988629563135847,
      "precision": 0.816304347826087,
      "recall": 1.0,
      "auc": 0.9999925373054769,
      "pr_auc": 0.9999876729937406,
      "ece": 0.11104589731615808,
      "mce": 0.7507624984377697,
      "mae": 0.11138093832277308,
      "rmse": 0.22737337895286078,
      "encryption_time": 0.08501243591308594,
      "aggregation_time": 0.07628083229064941,
      "decryption_time": 0.0,
      "total_time": 0.16129326820373535,
      "is_encrypted": true,
      "improvement": 0.9155,
      "best_accuracy": 0.9155
    },
    {
      "round": 2,
      "accuracy": 0.8535,
      "f1_score": 0.8367688022284122,
      "precision": 0.7193486590038314,
      "recall": 1.0,
      "auc": 0.9997633259736951,
      "pr_auc": 0.9996164324656592,
      "ece": 0.14986512102038463,
      "mce": 0.8299555168708881,
      "mae": 0.15314873431824538,
      "rmse": 0.31133711801848213,
      "encryption_time": 0.08945631980895996,
      "aggregation_time": 0.07616066932678223,
      "decryption_time": 0.0,
      "total_time": 0.1656169891357422,
      "is_encrypted": true,
      "improvement": -0.061999999999999944,
      "best_accuracy": 0.9155
    },
    {
      "round": 3,
      "accuracy": 0.852,
      "f1_score": 0.8353726362625139,
      "precision": 0.7172874880611271,
      "recall": 1.0,
      "auc": 0.9996716414409824,
      "pr_auc": 0.999464409510377,
      "ece": 0.1519367516865374,
      "mce": 0.8341427651883346,
      "mae": 0.15531958840644847,
      "rmse": 0.31512037791036857,
      "encryption_time": 0.089019775390625,
      "aggregation_time": 0.08074140548706055,
      "decryption_time": 0.0,
      "total_time": 0.16976118087768555,
      "is_encrypted": true,
      "improvement": -0.0635,
      "best_accuracy": 0.9155
    },
    {
      "round": 4,
      "accuracy": 0.853,
      "f1_score": 0.8363028953229399,
      "precision": 0.7186602870813397,
      "recall": 1.0,
      "auc": 0.9997793174619589,
      "pr_auc": 0.999643321131561,
      "ece": 0.1486037975741693,
      "mce": 0.832423814592667,
      "mae": 0.15214981023226487,
      "rmse": 0.3083090294332258,
      "encryption_time": 0.07573580741882324,
      "aggregation_time": 0.06337499618530273,
      "decryption_time": 0.0,
      "total_time": 0.13911080360412598,
      "is_encrypted": true,
      "improvement": -0.0625,
      "best_accuracy": 0.9155
    },
    {
      "round": 5,
      "accuracy": 0.852,
      "f1_score": 0.8353726362625139,
      "precision": 0.7172874880611271,
      "recall": 1.0,
      "auc": 0.999597014495751,
      "pr_auc": 0.9993414967485738,
      "ece": 0.15457573240906147,
      "mce": 0.8339896122659524,
      "mae": 0.1582458506841673,
      "rmse": 0.3182846159163901,
      "encryption_time": 0.07519936561584473,
      "aggregation_time": 0.06618070602416992,
      "decryption_time": 0.0,
      "total_time": 0.14138007164001465,
      "is_encrypted": true,
      "improvement": -0.0635,
      "best_accuracy": 0.9155
    },
    {
      "round": 6,
      "accuracy": 0.852,
      "f1_score": 0.8353726362625139,
      "precision": 0.7172874880611271,
      "recall": 1.0,
      "auc": 0.9997835818588292,
      "pr_auc": 0.9996513075503743,
      "ece": 0.15195796049965166,
      "mce": 0.8339709419278036,
      "mae": 0.15522562297855708,
      "rmse": 0.3138289004704895,
      "encryption_time": 0.07714986801147461,
      "aggregation_time": 0.06882143020629883,
      "decryption_time": 0.0,
      "total_time": 0.14597129821777344,
      "is_encrypted": true,
      "improvement": -0.0635,
      "best_accuracy": 0.9155
    },
    {
      "round": 7,
      "accuracy": 0.852,
      "f1_score": 0.8353726362625139,
      "precision": 0.7172874880611271,
      "recall": 1.0,
      "auc": 0.9995447756340892,
      "pr_auc": 0.9992572247799265,
      "ece": 0.15299766917266588,
      "mce": 0.8350960920213422,
      "mae": 0.15655608163516843,
      "rmse": 0.3173025424353837,
      "encryption_time": 0.07687497138977051,
      "aggregation_time": 0.06593823432922363,
      "decryption_time": 0.0,
      "total_time": 0.14281320571899414,
      "is_encrypted": true,
      "improvement": -0.0635,
      "best_accuracy": 0.9155
    },
    {
      "round": 8,
      "accuracy": 0.853,
      "f1_score": 0.8363028953229399,
      "precision": 0.7186602870813397,
      "recall": 1.0,
      "auc": 0.9996535177542833,
      "pr_auc": 0.999436538882227,
      "ece": 0.1515618392259604,
      "mce": 0.8316151559499911,
      "mae": 0.15500486596609114,
      "rmse": 0.3144720280607196,
      "encryption_time": 0.07540583610534668,
      "aggregation_time": 0.06670737266540527,
      "decryption_time": 0.0,
      "total_time": 0.14211320877075195,
      "is_encrypted": true,
      "improvement": -0.0625,
      "best_accuracy": 0.9155
    },
    {
      "round": 9,
      "accuracy": 0.848,
      "f1_score": 0.831672203765227,
      "precision": 0.7118483412322275,
      "recall": 1.0,
      "auc": 0.9996364601668019,
      "pr_auc": 0.999413195122414,
      "ece": 0.15344645295251796,
      "mce": 0.8319498450838188,
      "mae": 0.15681348178299334,
      "rmse": 0.31765587609810475,
      "encryption_time": 0.07444500923156738,
      "aggregation_time": 0.06255292892456055,
      "decryption_time": 0.0,
      "total_time": 0.13699793815612793,
      "is_encrypted": true,
      "improvement": -0.0675,
      "best_accuracy": 0.9155
    },
    {
      "round": 10,
      "accuracy": 0.854,
      "f1_score": 0.8372352285395763,
      "precision": 0.7200383509108341,
      "recall": 1.0,
      "auc": 0.999578890809052,
      "pr_auc": 0.9993187085697358,
      "ece": 0.14934968215530287,
      "mce": 0.8371063571994255,
      "mae": 0.1529378399680445,
      "rmse": 0.3125231470877231,
      "encryption_time": 0.07593965530395508,
      "aggregation_time": 0.06710100173950195,
      "decryption_time": 0.0,
      "total_time": 0.14304065704345703,
      "is_encrypted": true,
      "improvement": -0.0615,
      "best_accuracy": 0.9155
    },
    {
      "round": 11,
      "accuracy": 0.854,
      "f1_score": 0.8372352285395763,
      "precision": 0.7200383509108341,
      "recall": 1.0,
      "auc": 0.9996577821511538,
      "pr_auc": 0.9994425481151628,
      "ece": 0.15143911221731896,
      "mce": 0.8340304633520084,
      "mae": 0.15494212734756638,
      "rmse": 0.314217064245889,
      "encryption_time": 0.07472610473632812,
      "aggregation_time": 0.06511211395263672,
      "decryption_time": 0.0,
      "total_time": 0.13983821868896484,
      "is_encrypted": true,
      "improvement": -0.0615,
      "best_accuracy": 0.9155
    },
    {
      "round": 12,
      "accuracy": 0.851,
      "f1_score": 0.8344444444444444,
      "precision": 0.7159199237368923,