{
  "pipeline_info": {
    "type": "fhe",
    "rounds": 10,
    "clients": 30,
    "timestamp": "2025-09-16 12:04:23",
    "total_samples": 6000,
    "one_class_clients": 8,
    "one_class_percentage": 26.666666666666668
  },
  "final_performance": {
    "accuracy": 0.9228333333333333,
    "f1_score": 0.92032352435037,
    "precision": 0.8529505582137161,
    "recall": 0.9992526158445441,
    "auc": 0.9995436774538213,
    "pr_auc": 0.9994809598769295,
    "mae": 0.10645434003496844,
    "rmse": 0.22637650848144417,
    "ece": 0.09984009776717545,
    "mce": 0.7301768268185923
  },
  "performance_trends": {
    "initial_accuracy": 0.9508333333333333,
    "final_accuracy": 0.9228333333333333,
    "accuracy_improvement": -0.028000000000000025,
    "best_accuracy": 0.9508333333333333,
    "final_f1": 0.92032352435037,
    "best_f1": 0.9477228424596845
  },
  "timing_statistics": {
    "total_encryption_time": 2.305656671524048,
    "total_aggregation_time": 2.1560566425323486,
    "total_evaluation_time": 0,
    "total_time": 4.4617133140563965,
    "avg_round_time": 0.44617133140563964,
    "avg_encryption_time": 0.23056566715240479,
    "avg_aggregation_time": 0.21560566425323485
  },
  "round_details": [
    {
      "round": 1,
      "accuracy": 0.9508333333333333,
      "f1_score": 0.9477228424596845,
      "precision": 0.901247050893158,
      "recall": 0.9992526158445441,
      "auc": 0.9997231036138856,
      "pr_auc": 0.9996858335527126,
      "ece": 0.09394937939993327,
      "mce": 0.6339782020717184,
      "mae": 0.09658164839146417,
      "rmse": 0.19091957806197934,
      "encryption_time": 0.2711513042449951,
      "aggregation_time": 0.25835490226745605,
      "decryption_time": 0.0,
      "total_time": 0.5295062065124512,
      "is_encrypted": true,
      "improvement": 0.9508333333333333,
      "best_accuracy": 0.9508333333333333
    },
    {
      "round": 2,
      "accuracy": 0.922,
      "f1_score": 0.9195323246217332,
      "precision": 0.8515923566878981,
      "recall": 0.9992526158445441,
      "auc": 0.9995711085208989,
      "pr_auc": 0.9995148271447758,
      "ece": 0.1009417322528171,
      "mce": 0.7322667588553329,
      "mae": 0.10668653395912875,
      "rmse": 0.22697248737544984,
      "encryption_time": 0.21393275260925293,
      "aggregation_time": 0.20089459419250488,
      "decryption_time": 0.0,
      "total_time": 0.4148273468017578,
      "is_encrypted": true,
      "improvement": -0.028833333333333266,
      "best_accuracy": 0.9508333333333333
    },
    {
      "round": 3,
      "accuracy": 0.9236666666666666,
      "f1_score": 0.9211432506887053,
      "precision": 0.8540868454661558,
      "recall": 0.999626307922272,
      "auc": 0.9996215861812178,
      "pr_auc": 0.9995731325967007,
      "ece": 0.10121910426977634,
      "mce": 0.737323133298638,
      "mae": 0.10604728302424932,
      "rmse": 0.22558265734352778,
      "encryption_time": 0.20441555976867676,
      "aggregation_time": 0.19062423706054688,
      "decryption_time": 0.0,
      "total_time": 0.39503979682922363,
      "is_encrypted": true,
      "improvement": -0.027166666666666672,
      "best_accuracy": 0.9508333333333333
    },
    {
      "round": 4,
      "accuracy": 0.9256666666666666,
      "f1_score": 0.9230503795721187,
      "precision": 0.8573717948717948,
      "recall": 0.999626307922272,
      "auc": 0.9996060718891822,
      "pr_auc": 0.9995548148181432,
      "ece": 0.10053853952500294,
      "mce": 0.7374311672282396,
      "mae": 0.10451947690767179,
      "rmse": 0.22241083936522757,
      "encryption_time": 0.20380568504333496,
      "aggregation_time": 0.1910548210144043,
      "decryption_time": 0.0,
      "total_time": 0.39486050605773926,
      "is_encrypted": true,
      "improvement": -0.02516666666666667,
      "best_accuracy": 0.9508333333333333
    },
    {
      "round": 5,
      "accuracy": 0.9258333333333333,
      "f1_score": 0.9231831520800967,
      "precision": 0.8578761629772217,
      "recall": 0.9992526158445441,
      "auc": 0.9996275445687386,
      "pr_auc": 0.9995802401867636,
      "ece": 0.10180743527993165,
      "mce": 0.7386318619347491,
      "mae": 0.10497381375528995,
      "rmse": 0.22297282343707595,
      "encryption_time": 0.2386462688446045,
      "aggregation_time": 0.21950650215148926,
      "decryption_time": 0.0,
      "total_time": 0.45815277099609375,
      "is_encrypted": true,
      "improvement": -0.025000000000000022,
      "best_accuracy": 0.9508333333333333
    },
    {
      "round": 6,
      "accuracy": 0.9255,
      "f1_score": 0.9228911505951354,
      "precision": 0.8570970842678629,
      "recall": 0.999626307922272,
      "auc": 0.9996699278158216,
      "pr_auc": 0.9996279784900413,
      "ece": 0.1024596951010774,
      "mce": 0.7381448497979917,
      "mae": 0.10551190881241879,
      "rmse": 0.22255532329251215,
      "encryption_time": 0.27210187911987305,
      "aggregation_time": 0.25779199600219727,
      "decryption_time": 0.0,
      "total_time": 0.5298938751220703,
      "is_encrypted": true,
      "improvement": -0.02533333333333332,
      "best_accuracy": 0.9508333333333333
    },
    {
      "round": 7,
      "accuracy": 0.9236666666666666,
      "f1_score": 0.921170395869191,
      "precision": 0.8538608806636886,
      "recall": 1.0,
      "auc": 0.9996590228424342,
      "pr_auc": 0.999617186371979,
      "ece": 0.10336572877122444,
      "mce": 0.7251799219039528,
      "mae": 0.10612878746967984,
      "rmse": 0.22510781894510404,
      "encryption_time": 0.2191455364227295,
      "aggregation_time": 0.20354509353637695,
      "decryption_time": 0.0,
      "total_time": 0.42269062995910645,
      "is_encrypted": true,
      "improvement": -0.027166666666666672,
      "best_accuracy": 0.9508333333333333
    },
    {
      "round": 8,
      "accuracy": 0.9233333333333333,
      "f1_score": 0.9208261617900172,
      "precision": 0.8535417996171027,
      "recall": 0.999626307922272,
      "auc": 0.9996514905412285,
      "pr_auc": 0.9996063749251783,
      "ece": 0.10296023134094529,
      "mce": 0.7381329807701412,
      "mae": 0.10620461935635574,
      "rmse": 0.22458871756577273,
      "encryption_time": 0.2425386905670166,
      "aggregation_time": 0.22443175315856934,
      "decryption_time": 0.0,
      "total_time": 0.46697044372558594,
      "is_encrypted": true,
      "improvement": -0.02749999999999997,
      "best_accuracy": 0.9508333333333333
    },
    {
      "round": 9,
      "accuracy": 0.9255,
      "f1_score": 0.9228911505951354,
      "precision": 0.8570970842678629,
      "recall": 0.999626307922272,
      "auc": 0.9996083203373032,
      "pr_auc": 0.9995595324942985,
      "ece": 0.10098646408766578,
      "mce": 0.733818850264834,
      "mae": 0.10544041394269182,
      "rmse": 0.22363740591385708,
      "encryption_time": 0.21737933158874512,
      "aggregation_time": 0.20068573951721191,
      "decryption_time": 0.0,
      "total_time": 0.41806507110595703,
      "is_encrypted": true,
      "improvement": -0.02533333333333332,
      "best_accuracy": 0.9508333333333333
    },
    {
      "round": 10,
      "accuracy": 0.9228333333333333,
      "f1_score": 0.92032352435037,
      "precision": 0.8529505582137161,
      "recall": 0.9992526158445441,
      "auc": 0.9995436774538213,
      "pr_auc": 0.9994809598769295,
      "ece": 0.09984009776717545,
      "mce": 0.7301768268185923,
      "mae": 0.10645434003496844,
      "rmse": 0.22637650848144417,
      "encryption_time": 0.22253966331481934,
      "aggregation_time": 0.2091670036315918,
      "decryption_time": 0.0,
      "total_time": 0.43170666694641113,
      "is_encrypted": true,
      "improvement": -0.028000000000000025,
      "best_accuracy": 0.9508333333333333
    }
  ]
}