{
  "pipeline_info": {
    "type": "fhe",
    "rounds": 20,
    "clients": 60,
    "timestamp": "2025-09-16 12:13:40",
    "total_samples": 12000,
    "one_class_clients": 17,
    "one_class_percentage": 28.333333333333332
  },
  "final_performance": {
    "accuracy": 0.98625,
    "f1_score": 0.9858696583026463,
    "precision": 0.9762550881953868,
    "recall": 0.9956754886697803,
    "auc": 0.9996509238321643,
    "pr_auc": 0.9996631583933215,
    "mae": 0.06793946421015948,
    "rmse": 0.13593895589580235,
    "ece": 0.06470259023735297,
    "mce": 0.5120230362102951
  },
  "performance_trends": {
    "initial_accuracy": 0.987,
    "final_accuracy": 0.98625,
    "accuracy_improvement": -0.0007500000000000284,
    "best_accuracy": 0.98725,
    "final_f1": 0.9858696583026463,
    "best_f1": 0.9868838405486499
  },
  "timing_statistics": {
    "total_encryption_time": 9.223421573638916,
    "total_aggregation_time": 8.81481409072876,
    "total_evaluation_time": 0,
    "total_time": 18.038235664367676,
    "avg_round_time": 0.9019117832183838,
    "avg_encryption_time": 0.4611710786819458,
    "avg_aggregation_time": 0.440740704536438
  },
  "round_details": [
    {
      "round": 1,
      "accuracy": 0.987,
      "f1_score": 0.9866300994172095,
      "precision": 0.9777475794122643,
      "recall": 0.9956754886697803,
      "auc": 0.9996815479644978,
      "pr_auc": 0.9996896015905512,
      "ece": 0.07880503101423428,
      "mce": 0.4848022766713681,
      "mae": 0.08195058887060432,
      "rmse": 0.14941561401791095,
      "encryption_time": 0.4106431007385254,
      "aggregation_time": 0.389843225479126,
      "decryption_time": 0.0,
      "total_time": 0.8004863262176514,
      "is_encrypted": true,
      "improvement": 0.987,
      "best_accuracy": 0.987
    },
    {
      "round": 2,
      "accuracy": 0.98725,
      "f1_score": 0.9868838405486499,
      "precision": 0.9782460910944936,
      "recall": 0.9956754886697803,
      "auc": 0.9996727028472572,
      "pr_auc": 0.9996824799302966,
      "ece": 0.0641934827101133,
      "mce": 0.5014614108137564,
      "mae": 0.06742130949599413,
      "rmse": 0.13500424144497258,
      "encryption_time": 0.4029724597930908,
      "aggregation_time": 0.38429999351501465,
      "decryption_time": 0.0,
      "total_time": 0.7872724533081055,
      "is_encrypted": true,
      "improvement": 0.00024999999999997247,
      "best_accuracy": 0.98725
    },
    {
      "round": 3,
      "accuracy": 0.9843333333333333,
      "f1_score": 0.9839343701931293,
      "precision": 0.9723019760175646,
      "recall": 0.9958484691229891,
      "auc": 0.9996201884404943,
      "pr_auc": 0.9996358008934105,
      "ece": 0.0650497072201647,
      "mce": 0.5069022126729588,
      "mae": 0.06840933921550145,
      "rmse": 0.13801833003008138,
      "encryption_time": 0.46779346466064453,
      "aggregation_time": 0.44895243644714355,
      "decryption_time": 0.0,
      "total_time": 0.9167459011077881,
      "is_encrypted": true,
      "improvement": -0.0029166666666666785,
      "best_accuracy": 0.98725
    },
    {
      "round": 4,
      "accuracy": 0.98625,
      "f1_score": 0.9858744970464858,
      "precision": 0.9759322033898306,
      "recall": 0.9960214495761979,
      "auc": 0.9996606033944277,
      "pr_auc": 0.9996720848243875,
      "ece": 0.06498941810303559,
      "mce": 0.4886950243587408,
      "mae": 0.0682011937369586,
      "rmse": 0.1367766575446533,
      "encryption_time": 0.4063286781311035,
      "aggregation_time": 0.388075590133667,
      "decryption_time": 0.0,
      "total_time": 0.7944042682647705,
      "is_encrypted": true,
      "improvement": -0.0010000000000000009,
      "best_accuracy": 0.98725
    },
    {
      "round": 5,
      "accuracy": 0.98625,
      "f1_score": 0.9858696583026463,
      "precision": 0.9762550881953868,
      "recall": 0.9956754886697803,
      "auc": 0.9996581278741937,
      "pr_auc": 0.9996696089796913,
      "ece": 0.0648827673115457,
      "mce": 0.4980202629259869,
      "mae": 0.06811327056336704,
      "rmse": 0.1360011302669634,
      "encryption_time": 0.41043949127197266,
      "aggregation_time": 0.3894486427307129,
      "decryption_time": 0.0,
      "total_time": 0.7998881340026855,
      "is_encrypted": true,
      "improvement": -0.0010000000000000009,
      "best_accuracy": 0.98725
    },
    {
      "round": 6,
      "accuracy": 0.9835,
      "f1_score": 0.9830971487109442,
      "precision": 0.9705039608966796,
      "recall": 0.9960214495761979,
      "auc": 0.9996061697641128,
      "pr_auc": 0.9996248396808125,
      "ece": 0.06540496423982294,
      "mce": 0.5108814718058553,
      "mae": 0.06876716223928893,
      "rmse": 0.13876666214906147,
      "encryption_time": 0.4067564010620117,
      "aggregation_time": 0.3864266872406006,
      "decryption_time": 0.0,
      "total_time": 0.7931830883026123,
      "is_encrypted": true,
      "improvement": -0.00374999999999992,
      "best_accuracy": 0.98725
    },
    {
      "round": 7,
      "accuracy": 0.9851666666666666,
      "f1_score": 0.984775915155662,
      "precision": 0.9739468787007275,
      "recall": 0.9958484691229891,
      "auc": 0.9996421899742598,
      "pr_auc": 0.9996566221761137,
      "ece": 0.06465604403713965,
      "mce": 0.4964696624862579,
      "mae": 0.06798885665747076,
      "rmse": 0.13724847046089905,
      "encryption_time": 0.3924984931945801,
      "aggregation_time": 0.37302470207214355,
      "decryption_time": 0.0,
      "total_time": 0.7655231952667236,
      "is_encrypted": true,
      "improvement": -0.002083333333333326,
      "best_accuracy": 0.98725
    },
    {
      "round": 8,
      "accuracy": 0.9861666666666666,
      "f1_score": 0.9857876712328767,
      "precision": 0.9759281234107476,
      "recall": 0.9958484691229891,
      "auc": 0.9996705611050322,
      "pr_auc": 0.999680253780729,
      "ece": 0.0646104191546686,
      "mce": 0.49854700806924124,
      "mae": 0.06781566349452191,
      "rmse": 0.13597892622993066,
      "encryption_time": 0.5031552314758301,
      "aggregation_time": 0.47083139419555664,
      "decryption_time": 0.0,
      "total_time": 0.9739866256713867,
      "is_encrypted": true,
      "improvement": -0.001083333333333325,
      "best_accuracy": 0.98725
    },
    {
      "round": 9,
      "accuracy": 0.9864166666666667,
      "f1_score": 0.9860409351717051,
      "precision": 0.9764246947082768,
      "recall": 0.9958484691229891,
      "auc": 0.9996661663612458,
      "pr_auc": 0.9996767161124585,
      "ece": 0.06440397364716621,
      "mce": 0.49098660158694357,
      "mae": 0.06761891749046692,
      "rmse": 0.13577943437420043,
      "encryption_time": 0.5221433639526367,
      "aggregation_time": 0.49461984634399414,
      "decryption_time": 0.0,
      "total_time": 1.0167632102966309,
      "is_encrypted": true,
      "improvement": -0.0008333333333332416,
      "best_accuracy": 0.98725
    },
    {
      "round": 10,
      "accuracy": 0.9865,
      "f1_score": 0.986125385405961,
      "precision": 0.9765903307888041,
      "recall": 0.9958484691229891,
      "auc": 0.9996431356786188,
      "pr_auc": 0.9996571259633318,
      "ece": 0.06475658180136198,
      "mce": 0.49101812253619276,
      "mae": 0.0680089574039368,
      "rmse": 0.13609957722590876,
      "encryption_time": 0.4547426700592041,
      "aggregation_time": 0.4351217746734619,
      "decryption_time": 0.0,
      "total_time": 0.889864444732666,
      "is_encrypted": true,
      "improvement": -0.0007499999999999174,
      "best_accuracy": 0.98725
    },
    {
      "round": 11,
      "accuracy": 0.9835,
      "f1_score": 0.9830913748932536,
      "precision": 0.970821386405802,
      "recall": 0.9956754886697803,
      "auc": 0.999631453448301,
      "pr_auc": 0.9996444971401539,
      "ece": 0.06585120776945652,
      "mce": 0.5096558629343532,
      "mae": 0.0691827333519297,
      "rmse": 0.13878887040716123,