{
  "round_id": 0,
  "encrypted_weights": [
    -0.0001340190051976071,
    9.428347730899728e-05,
    4.526852039918627,
    0.0001513312074082202,
    -0.027108645418899235,
    -0.00024277212444585728,
    -0.00021636614441069307,
    0.00019782876560858281,
    0.16120931745281758,
    -0.12875996377653565,
    -0.5257204145510124,
    0.3309127438584718,
    -0.266975714599107,
    0.01528641365157786,
    -0.22175751560605478,
    0.00024238114658513176,
    -0.039061879539111555,
    -0.32426686618290546,
    -0.010236331266113606,
    -0.0002042981503670294,
    -0.11611604892839504
  ],
  "encrypted_bias": 0.03652779504038434,
  "is_encrypted": true,
  "timestamp": 1757127174.152902
}