{
  "round_id": 1,
  "update_time_seconds": 0.0757286548614502,
  "evaluation_time_seconds": 0.05873560905456543,
  "total_time_seconds": 0.14248037338256836,
  "timestamp": 1757028785
}