{
  "total_rounds": 10,
  "total_clients": 9,
  "final_accuracy": 0.9222222222222223,
  "final_f1_score": 0.9137931034482759,
  "final_precision": 0.8412698412698413,
  "final_recall": 1.0,
  "avg_encryption_time": 0.9672822952270508,
  "avg_aggregation_time": 0.96190185546875,
  "avg_decryption_time": 0.0,
  "avg_total_time": 1.9291841506958007,
  "is_encrypted": true,
  "timestamp": 1757361637.5593972
}