{
  "timestamp": "2025-09-05T09:41:04.900146",
  "num_clients": 10,
  "num_rounds": 5,
  "total_samples": 2000,
  "total_communication_rounds": 50,
  "bytes_transferred": 51200,
  "communication_overhead": 4.8828125,
  "total_training_time": 1.6681902408599854,
  "avg_training_time_per_round": 0.33363804817199705,
  "convergence_rounds": null,
  "initial_accuracy": 0.5,
  "final_accuracy": 0.7955,
  "accuracy_improvement": 0.2955,
  "final_weight_norm": 2.3778604338646447,
  "final_bias": -0.14121735024164256,
  "memory_usage": 3.0517578125e-05,
  "cpu_utilization": 80.0,
  "weight_change_magnitude": [
    1.0567557416556657,
    0.48665366322085746,
    0.4866450061498586,
    0.4866451111576381,
    0.48664511494144935
  ],
  "loss_reduction": [
    0,
    0.5133463367791425,
    0.5133549938501414,
    0.5133548888423619,
    0.5133548850585506
  ]
}