{
  "federated": {
    "accuracy": 0.528,
    "f1_score": 0.49356223175965663,
    "precision": 0.5066079295154186,
    "recall": 0.4811715481171548,
    "confusion_matrix": [
      [
        298,
        224
      ],
      [
        248,
        230
      ]
    ],
    "model_params": {
      "weights": [
        -19.93490704723188,
        18.9978505580777,
        -10.337357903943486,
        3.268059266501723
      ],
      "bias": -2.4213925769451397,
      "weight_norm": 29.594932414391813
    }
  },
  "centralized": {
    "accuracy": 0.7833333333333333,
    "f1_score": 0.7686832740213523,
    "precision": 0.782608695652174,
    "recall": 0.7552447552447552,
    "confusion_matrix": [
      [
        127,
        30
      ],
      [
        35,
        108
      ]
    ],
    "model_params": {
      "weights": [
        1.0867909979054473,
        1.3676334868374076,
        0.21934959118754493,
        1.5100408639868472
      ],
      "bias": -0.16160615389480748,
      "weight_norm": 2.319455470905111
    }
  },
  "comparison": {
    "accuracy_diff": -0.2553333333333333,
    "f1_diff": -0.27512104226169565,
    "precision_diff": -0.2760007661367554,
    "recall_diff": -0.2740732071276004
  },
  "timestamp": 1757090718.3853037,
  "timing": {
    "average_aggregation_time": 0.012282085418701173,
    "average_total_time": 0.4392375469207764,
    "time_per_client": 0.0012282085418701173,
    "average_clients": 10.0
  }
}