{
  "accuracy": 0.8455688797894121,
  "f1_score": 0.8460641399416909,
  "precision": 0.8401852924145917,
  "recall": 0.8520258367586612,
  "round_id": 3,
  "is_encrypted": true,
  "timestamp": 1757125340.6473095
}