{
  "accuracy": 0.838425279329609,
  "f1_score": 0.8387068665040084,
  "precision": 0.8346340617412418,
  "recall": 0.8428196147110333,
  "round_id": 32,
  "is_encrypted": true,
  "timestamp": 1757123412.6884432
}