{
  "accuracy": 0.8787425149700598,
  "f1_score": 0.8755760368663594,
  "precision": 0.8636363636363636,
  "recall": 0.8878504672897196,
  "round_id": 1,
  "is_encrypted": true,
  "timestamp": 1757127174.197255
}