{
  "accuracy": 0.8770851624231782,
  "f1_score": 0.8770851624231782,
  "precision": 0.8778558875219684,
  "recall": 0.8763157894736842,
  "round_id": 0,
  "timestamp": 1757114921.543797
}