{
  "total_rounds": 5,
  "total_clients": 10,
  "final_accuracy": 0.8770851624231782,
  "final_f1_score": 0.8770851624231782,
  "final_precision": 0.8778558875219684,
  "final_recall": 0.8763157894736842,
  "avg_encryption_time": 0.1215815544128418,
  "avg_aggregation_time": 0.0021681785583496094,
  "avg_decryption_time": 0.005636584546403586,
  "avg_total_time": 0.12938631751759502,
  "timestamp": 1757114922.2319956
}