{
  "pipeline_type": "plaintext_edge_device_fl",
  "configuration": {
    "rounds": 20,
    "clients": 40,
    "patience": 999
  },
  "results": [
    {
      "round": 1,
      "accuracy": 0.955625,
      "f1_score": 0.9515226000273113,
      "precision": 0.9089486042264545,
      "recall": 0.9982808022922636,
      "roc_auc": 0.9996060330751784,
      "pr_auc": 0.9995337051841211,
      "mae": 0.10638239704155569,
      "rmse": 0.19450410708775923,
      "ece": 0.10234207486975502,
      "mce": 0.5636308486107421,
      "round_time": 0.08954834938049316,
      "client_training_time": 0.07206964492797852,
      "edge_processing_wall_time": 0.002097606658935547,
      "total_pure_processing_time": 0.0,
      "avg_processing_per_client": 0.0,
      "server_aggregation_time": 0.0010640621185302734,
      "internal_aggregation_time": 0.0,
      "evaluation_time": 0.014317035675048828,
      "clients_processed": 40
    },
    {
      "round": 2,
      "accuracy": 0.957125,
      "f1_score": 0.9530715556163634,
      "precision": 0.9120188531029065,
      "recall": 0.9979942693409742,
      "roc_auc": 0.9996194384970679,
      "pr_auc": 0.999549761885743,
      "mae": 0.106150063093773,
      "rmse": 0.1941022501697198,
      "ece": 0.10195791678963743,
      "mce": 0.5639796602610414,
      "round_time": 0.08672833442687988,
      "client_training_time": 0.06830549240112305,
      "edge_processing_wall_time": 0.0010564327239990234,
      "total_pure_processing_time": 0.0,
      "avg_processing_per_client": 0.0,
      "server_aggregation_time": 0.001298666000366211,
      "internal_aggregation_time": 0.0,
      "evaluation_time": 0.0160677433013916,
      "clients_processed": 40
    },
    {
      "round": 3,
      "accuracy": 0.957875,
      "f1_score": 0.9538798412481182,
      "precision": 0.9130206968823683,
      "recall": 0.998567335243553,
      "roc_auc": 0.9996443433566922,
      "pr_auc": 0.9995732429547404,
      "mae": 0.1052364785874104,
      "rmse": 0.19226090082014025,
      "ece": 0.10109717350102856,
      "mce": 0.5437112369455916,
      "round_time": 0.08902096748352051,
      "client_training_time": 0.07072925567626953,
      "edge_processing_wall_time": 0.0053141117095947266,
      "total_pure_processing_time": 0.0,
      "avg_processing_per_client": 0.0,
      "server_aggregation_time": 0.0,
      "internal_aggregation_time": 0.0,
      "evaluation_time": 0.01297760009765625,
      "clients_processed": 40
    },
    {
      "round": 4,
      "accuracy": 0.958375,
      "f1_score": 0.9544147843942505,
      "precision": 0.9137614678899083,
      "recall": 0.9988538681948425,
      "roc_auc": 0.9996416749788755,
      "pr_auc": 0.9995748452993783,
      "mae": 0.10649248305925078,
      "rmse": 0.19375546389896184,
      "ece": 0.10214195688105143,
      "mce": 0.5515123509292478,
      "round_time": 0.08810973167419434,
      "client_training_time": 0.07006168365478516,
      "edge_processing_wall_time": 0.002083301544189453,
      "total_pure_processing_time": 0.0,
      "avg_processing_per_client": 0.0,
      "server_aggregation_time": 0.0,
      "internal_aggregation_time": 0.0,
      "evaluation_time": 0.014928579330444336,
      "clients_processed": 40
    },
    {
      "round": 5,
      "accuracy": 0.95575,
      "f1_score": 0.9516789516789517,
      "precision": 0.9087591240875912,
      "recall": 0.9988538681948425,
      "roc_auc": 0.9996252835151431,
      "pr_auc": 0.9995499489364409,
      "mae": 0.10737868593550971,
      "rmse": 0.19571868243344287,
      "ece": 0.10307886791770017,
      "mce": 0.535997804805763,
      "round_time": 0.0816347599029541,
      "client_training_time": 0.06531238555908203,
      "edge_processing_wall_time": 0.00313568115234375,
      "total_pure_processing_time": 0.0,
      "avg_processing_per_client": 0.0,
      "server_aggregation_time": 0.0010383129119873047,
      "internal_aggregation_time": 0.0,
      "evaluation_time": 0.012148380279541016,
      "clients_processed": 40
    },
    {
      "round": 6,
      "accuracy": 0.954625,
      "f1_score": 0.9505247376311844,
      "precision": 0.9064205874707564,
      "recall": 0.9991404011461318,
      "roc_auc": 0.9996231869325726,
      "pr_auc": 0.9995517732841018,
      "mae": 0.10868857993076712,
      "rmse": 0.19775939297979617,
      "ece": 0.10455383517206492,
      "mce": 0.5656345436733249,
      "round_time": 0.09228968620300293,
      "client_training_time": 0.0720832347869873,
      "edge_processing_wall_time": 0.005109310150146484,
      "total_pure_processing_time": 0.0,
      "avg_processing_per_client": 0.0,
      "server_aggregation_time": 0.0,
      "internal_aggregation_time": 0.0,
      "evaluation_time": 0.01509714126586914,
      "clients_processed": 40
    },
    {
      "round": 7,
      "accuracy": 0.95625,
      "f1_score": 0.9521727247881935,
      "precision": 0.910135841170324,
      "recall": 0.9982808022922636,
      "roc_auc": 0.999617087783277,
      "pr_auc": 0.9995444002170197,
      "mae": 0.10667733134938072,
      "rmse": 0.19472077491072148,
      "ece": 0.10263353287154364,
      "mce": 0.5726935280641804,
      "round_time": 0.12298297882080078,
      "client_training_time": 0.08703756332397461,
      "edge_processing_wall_time": 0.013634920120239258,
      "total_pure_processing_time": 0.0,
      "avg_processing_per_client": 0.0,
      "server_aggregation_time": 0.0009961128234863281,
      "internal_aggregation_time": 0.0,
      "evaluation_time": 0.020318031311035156,
      "clients_processed": 40
    },
    {
      "round": 8,
      "accuracy": 0.9585,
      "f1_score": 0.9545578976183958,
      "precision": 0.9137840670859538,
      "recall": 0.9991404011461318,
      "roc_auc": 0.9996188031690163,
      "pr_auc": 0.9995419289993496,
      "mae": 0.10711279824465048,
      "rmse": 0.19426890748082556,
      "ece": 0.10261280111306358,
      "mce": 0.5268415693728794,
      "round_time": 0.08862018585205078,
      "client_training_time": 0.06861662864685059,
      "edge_processing_wall_time": 0.002564668655395508,
      "total_pure_processing_time": 0.0,
      "avg_processing_per_client": 0.0,
      "server_aggregation_time": 0.0,
      "internal_aggregation_time": 0.0,
      "evaluation_time": 0.017438888549804688,
      "clients_processed": 40
    },
    {
      "round": 9,
      "accuracy": 0.9615,
      "f1_score": 0.9577039274924471,
      "precision": 0.9195675105485233,
      "recall": 0.9991404011461318,
      "roc_auc": 0.9997123234582177,
      "pr_auc": 0.9996545223600122,
      "mae": 0.10692851951566994,
      "rmse": 0.1921942239394893,
      "ece": 0.10298582687303823,
      "mce": 0.5381887578849989,
      "round_time": 0.09159135818481445,
      "client_training_time": 0.07217669486999512,
      "edge_processing_wall_time": 0.004256248474121094,
      "total_pure_processing_time": 0.0,
      "avg_processing_per_client": 0.0,
      "server_aggregation_time": 0.0010955333709716797,
      "internal_aggregation_time": 0.0,
      "evaluation_time": 0.014062881469726562,
      "clients_processed": 40
    },
    {
      "round": 10,
      "accuracy": 0.957125,
      "f1_score": 0.9530843933798386,
      "precision": 0.9118031928814446,
      "recall": 0.9982808022922636,
      "roc_auc": 0.9996183584393802,
      "pr_auc": 0.9995492806387405,
      "mae": 0.10605613870051414,
      "rmse": 0.19316099897545214,
      "ece": 0.10195191559025803,
      "mce": 0.5629008666120628,
      "round_time": 0.0859825611114502,
      "client_training_time": 0.0696566104888916,
      "edge_processing_wall_time": 0.002306222915649414,
      "total_pure_processing_time": 0.0,
      "avg_processing_per_client": 0.0,
      "server_aggregation_time": 0.0,
      "internal_aggregation_time": 0.0,
      "evaluation_time": 0.013017892837524414,
      "clients_processed": 40
    },
    {
      "round": 11,
      "accuracy": 0.954875,
      "f1_score": 0.9507570590642477,