{
  "pipeline_type": "plaintext_edge_device_fl",
  "configuration": {
    "rounds": 10,
    "clients": 10,
    "patience": 999
  },
  "results": [
    {
      "round": 1,
      "accuracy": 0.938,
      "f1_score": 0.923739237392374,
      "precision": 0.8582857142857143,
      "recall": 1.0,
      "roc_auc": 0.9999978678015649,
      "pr_auc": 0.9999964562647712,
      "mae": 0.09865890468695558,
      "rmse": 0.1987485470509953,
      "ece": 0.09826465394574525,
      "mce": 0.7297880132327298,
      "round_time": 0.029181718826293945,
      "client_training_time": 0.016965627670288086,
      "edge_processing_wall_time": 0.0010023117065429688,
      "total_pure_processing_time": 0.0,
      "avg_processing_per_client": 0.0,
      "server_aggregation_time": 0.0,
      "internal_aggregation_time": 0.0,
      "evaluation_time": 0.01121377944946289,
      "clients_processed": 10
    },
    {
      "round": 2,
      "accuracy": 0.9395,
      "f1_score": 0.9254467036352434,
      "precision": 0.8612385321100917,
      "recall": 1.0,
      "roc_auc": 0.9999989339007824,
      "pr_auc": 0.9999982293112729,
      "mae": 0.09760396921476053,
      "rmse": 0.19724232110097112,
      "ece": 0.09718122294775869,
      "mce": 0.6441956809285655,
      "round_time": 0.028371810913085938,
      "client_training_time": 0.019643068313598633,
      "edge_processing_wall_time": 0.0,
      "total_pure_processing_time": 0.0,
      "avg_processing_per_client": 0.0,
      "server_aggregation_time": 0.0010530948638916016,
      "internal_aggregation_time": 0.0,
      "evaluation_time": 0.0064809322357177734,
      "clients_processed": 10
    },
    {
      "round": 3,
      "accuracy": 0.942,
      "f1_score": 0.9283065512978986,
      "precision": 0.8662053056516724,
      "recall": 1.0,
      "roc_auc": 0.9999957356031296,
      "pr_auc": 0.9999929453884886,
      "mae": 0.0968938957473139,
      "rmse": 0.1962234018944093,
      "ece": 0.09641113128792984,
      "mce": 0.641726580476313,
      "round_time": 0.02873063087463379,
      "client_training_time": 0.01607966423034668,
      "edge_processing_wall_time": 0.001068115234375,
      "total_pure_processing_time": 0.0,
      "avg_processing_per_client": 0.0,
      "server_aggregation_time": 0.0,
      "internal_aggregation_time": 0.0,
      "evaluation_time": 0.010576248168945312,
      "clients_processed": 10
    },
    {
      "round": 4,
      "accuracy": 0.9385,
      "f1_score": 0.9243076923076923,
      "precision": 0.8592677345537757,
      "recall": 1.0,
      "roc_auc": 1.0,
      "pr_auc": 1.0,
      "mae": 0.09756111299474464,
      "rmse": 0.19673388496726404,
      "ece": 0.0971474681320799,
      "mce": 0.6535361242929612,
      "round_time": 0.02809906005859375,
      "client_training_time": 0.0171201229095459,
      "edge_processing_wall_time": 0.0010554790496826172,
      "total_pure_processing_time": 0.0,
      "avg_processing_per_client": 0.0,
      "server_aggregation_time": 0.0,
      "internal_aggregation_time": 0.0,
      "evaluation_time": 0.009923458099365234,
      "clients_processed": 10
    },
    {
      "round": 5,
      "accuracy": 0.94,
      "f1_score": 0.9260172626387176,
      "precision": 0.8622273249138921,
      "recall": 1.0,
      "roc_auc": 0.9999989339007824,
      "pr_auc": 0.9999982293112729,
      "mae": 0.09550724493022573,
      "rmse": 0.19433457846064542,
      "ece": 0.09505886562029146,
      "mce": 0.6406474264925652,
      "round_time": 0.02772974967956543,
      "client_training_time": 0.01702427864074707,
      "edge_processing_wall_time": 0.0010197162628173828,
      "total_pure_processing_time": 0.0,
      "avg_processing_per_client": 0.0,
      "server_aggregation_time": 0.0010538101196289062,
      "internal_aggregation_time": 0.0,
      "evaluation_time": 0.00863194465637207,
      "clients_processed": 10
    },
    {
      "round": 6,
      "accuracy": 0.938,
      "f1_score": 0.923739237392374,
      "precision": 0.8582857142857143,
      "recall": 1.0,
      "roc_auc": 1.0,
      "pr_auc": 1.0,
      "mae": 0.09727955062792312,
      "rmse": 0.1978074669044884,
      "ece": 0.09704590120135424,
      "mce": 0.674082493164964,
      "round_time": 0.03239274024963379,
      "client_training_time": 0.018645286560058594,
      "edge_processing_wall_time": 0.0013918876647949219,
      "total_pure_processing_time": 0.0,
      "avg_processing_per_client": 0.0,
      "server_aggregation_time": 0.0,
      "internal_aggregation_time": 0.0,
      "evaluation_time": 0.012355566024780273,
      "clients_processed": 10
    },
    {
      "round": 7,
      "accuracy": 0.938,
      "f1_score": 0.923739237392374,
      "precision": 0.8582857142857143,
      "recall": 1.0,
      "roc_auc": 0.9999978678015649,
      "pr_auc": 0.9999964562647712,
      "mae": 0.09899194087905075,
      "rmse": 0.19952270321418994,
      "ece": 0.09855418420109617,
      "mce": 0.6567349057343259,
      "round_time": 0.033186912536621094,
      "client_training_time": 0.021951913833618164,
      "edge_processing_wall_time": 0.0009920597076416016,
      "total_pure_processing_time": 0.0,
      "avg_processing_per_client": 0.0,
      "server_aggregation_time": 0.0,
      "internal_aggregation_time": 0.0,
      "evaluation_time": 0.007757663726806641,
      "clients_processed": 10
    },
    {
      "round": 8,
      "accuracy": 0.9425,
      "f1_score": 0.9288806431663574,
      "precision": 0.8672055427251733,
      "recall": 1.0,
      "roc_auc": 1.0,
      "pr_auc": 1.0,
      "mae": 0.09480903275257316,
      "rmse": 0.19454680542497477,
      "ece": 0.09437592944832557,
      "mce": 0.6449114723974404,
      "round_time": 0.029645442962646484,
      "client_training_time": 0.017702341079711914,
      "edge_processing_wall_time": 0.0011098384857177734,
      "total_pure_processing_time": 0.0,
      "avg_processing_per_client": 0.0,
      "server_aggregation_time": 0.0,
      "internal_aggregation_time": 0.0,
      "evaluation_time": 0.010833263397216797,
      "clients_processed": 10
    },
    {
      "round": 9,
      "accuracy": 0.938,
      "f1_score": 0.923739237392374,
      "precision": 0.8582857142857143,
      "recall": 1.0,
      "roc_auc": 0.999994669503912,
      "pr_auc": 0.9999911933999817,
      "mae": 0.09784281052748815,
      "rmse": 0.19833368211861652,
      "ece": 0.0975880254978971,
      "mce": 0.6800073268828224,
      "round_time": 0.02798938751220703,
      "client_training_time": 0.01804828643798828,
      "edge_processing_wall_time": 0.0012814998626708984,
      "total_pure_processing_time": 0.0,
      "avg_processing_per_client": 0.0,
      "server_aggregation_time": 0.0010416507720947266,
      "internal_aggregation_time": 0.0,
      "evaluation_time": 0.007617950439453125,
      "clients_processed": 10
    },
    {
      "round": 10,
      "accuracy": 0.9365,
      "f1_score": 0.9220380601596071,
      "precision": 0.8553530751708428,
      "recall": 1.0,
      "roc_auc": 0.9999968017023473,
      "pr_auc": 0.9999946902790686,
      "mae": 0.09837311090968631,
      "rmse": 0.19946483898983136,
      "ece": 0.0978930693559666,
      "mce": 0.6386053528163477,
      "round_time": 0.029477357864379883,
      "client_training_time": 0.019608020782470703,
      "edge_processing_wall_time": 0.0010027885437011719,
      "total_pure_processing_time": 0.0,
      "avg_processing_per_client": 0.0,
      "server_aggregation_time": 0.0,
      "internal_aggregation_time": 0.0,
      "evaluation_time": 0.0068531036376953125,
      "clients_processed": 10
    }
  ],
  "final_statistics": {
    "final_accuracy": 0.9365,
    "best_accuracy": 0.9425,
    "total_time": 0.29999518394470215,
    "avg_round_time": 0.029480481147766115,
    "avg_client_training_time": 0.018278861045837404,
    "avg_edge_processing_wall_time": 0.0009923696517944336,
    "avg_pure_processing_time": 0.0,
    "avg_processing_per_client": 0.0,
    "avg_server_aggregation_time": 0.0003148555755615234,