{
  "pipeline_type": "plaintext_edge_device_fl",
  "configuration": {
    "rounds": 10,
    "clients": 50,
    "patience": 999
  },
  "results": [
    {
      "round": 1,
      "accuracy": 0.9503,
      "f1_score": 0.945510360706063,
      "precision": 0.8973985431841831,
      "recall": 0.9990732159406858,
      "roc_auc": 0.9996659484796763,
      "pr_auc": 0.9995956686796956,
      "mae": 0.10913474760478308,
      "rmse": 0.20055434947287754,
      "ece": 0.10491299068893994,
      "mce": 0.5505099721325782,
      "round_time": 0.10292863845825195,
      "client_training_time": 0.08332467079162598,
      "edge_processing_wall_time": 0.005609035491943359,
      "total_pure_processing_time": 0.0,
      "avg_processing_per_client": 0.0,
      "server_aggregation_time": 0.0,
      "internal_aggregation_time": 0.0,
      "evaluation_time": 0.013994932174682617,
      "clients_processed": 50
    },
    {
      "round": 2,
      "accuracy": 0.9516,
      "f1_score": 0.9468715697036224,
      "precision": 0.8996662494785148,
      "recall": 0.9993049119555144,
      "roc_auc": 0.9996822943807928,
      "pr_auc": 0.9996117594802542,
      "mae": 0.10881736195907929,
      "rmse": 0.20014498244905896,
      "ece": 0.1044344920800141,
      "mce": 0.5391035905950542,
      "round_time": 0.09233522415161133,
      "client_training_time": 0.07222580909729004,
      "edge_processing_wall_time": 0.003457307815551758,
      "total_pure_processing_time": 0.0,
      "avg_processing_per_client": 0.0,
      "server_aggregation_time": 0.0014948844909667969,
      "internal_aggregation_time": 0.0,
      "evaluation_time": 0.015157222747802734,
      "clients_processed": 50
    },
    {
      "round": 3,
      "accuracy": 0.951,
      "f1_score": 0.9462483545414656,
      "precision": 0.8985416666666667,
      "recall": 0.9993049119555144,
      "roc_auc": 0.9997383840564444,
      "pr_auc": 0.9996808945070804,
      "mae": 0.10941180976496648,
      "rmse": 0.2001442314639675,
      "ece": 0.10542346809951816,
      "mce": 0.5671108182800355,
      "round_time": 0.08530974388122559,
      "client_training_time": 0.06608819961547852,
      "edge_processing_wall_time": 0.0031468868255615234,
      "total_pure_processing_time": 0.0,
      "avg_processing_per_client": 0.0,
      "server_aggregation_time": 0.0,
      "internal_aggregation_time": 0.0,
      "evaluation_time": 0.015063047409057617,
      "clients_processed": 50
    },
    {
      "round": 4,
      "accuracy": 0.9483,
      "f1_score": 0.9434292592187329,
      "precision": 0.8938420070495542,
      "recall": 0.9988415199258572,
      "roc_auc": 0.9996251448711535,
      "pr_auc": 0.9995478441541068,
      "mae": 0.10947208314394623,
      "rmse": 0.20173683084867225,
      "ece": 0.1048746027251586,
      "mce": 0.5433155172361863,
      "round_time": 0.08299660682678223,
      "client_training_time": 0.06632208824157715,
      "edge_processing_wall_time": 0.0020599365234375,
      "total_pure_processing_time": 0.0,
      "avg_processing_per_client": 0.0,
      "server_aggregation_time": 0.0011353492736816406,
      "internal_aggregation_time": 0.0,
      "evaluation_time": 0.012479305267333984,
      "clients_processed": 50
    },
    {
      "round": 5,
      "accuracy": 0.9513,
      "f1_score": 0.9465715852989578,
      "precision": 0.8989372785997083,
      "recall": 0.9995366079703429,
      "roc_auc": 0.9997225273094761,
      "pr_auc": 0.9996583642243242,
      "mae": 0.10944624823026686,
      "rmse": 0.200232570639103,
      "ece": 0.10481583639633094,
      "mce": 0.502521971755319,
      "round_time": 0.08620524406433105,
      "client_training_time": 0.0674598217010498,
      "edge_processing_wall_time": 0.003539562225341797,
      "total_pure_processing_time": 0.0,
      "avg_processing_per_client": 0.0,
      "server_aggregation_time": 0.0,
      "internal_aggregation_time": 0.0,
      "evaluation_time": 0.015205860137939453,
      "clients_processed": 50
    },
    {
      "round": 6,
      "accuracy": 0.9506,
      "f1_score": 0.9458570802279702,
      "precision": 0.8974625623960066,
      "recall": 0.9997683039851715,
      "roc_auc": 0.9996946047601872,
      "pr_auc": 0.9996276608612397,
      "mae": 0.10908409992901268,
      "rmse": 0.2001792371556396,
      "ece": 0.10487954186077629,
      "mce": 0.5546041670799207,
      "round_time": 0.08798933029174805,
      "client_training_time": 0.07016539573669434,
      "edge_processing_wall_time": 0.003235340118408203,
      "total_pure_processing_time": 0.0,
      "avg_processing_per_client": 0.0,
      "server_aggregation_time": 0.0013089179992675781,
      "internal_aggregation_time": 0.0,
      "evaluation_time": 0.01327967643737793,
      "clients_processed": 50
    },
    {
      "round": 7,
      "accuracy": 0.9478,
      "f1_score": 0.9429757483067511,
      "precision": 0.892104175279041,
      "recall": 1.0,
      "roc_auc": 0.9997574203053756,
      "pr_auc": 0.9997030805431646,
      "mae": 0.11216691518083985,
      "rmse": 0.2033940899667193,
      "ece": 0.10814933130751199,
      "mce": 0.5584100514340359,
      "round_time": 0.10762429237365723,
      "client_training_time": 0.0822441577911377,
      "edge_processing_wall_time": 0.0030782222747802734,
      "total_pure_processing_time": 0.0,
      "avg_processing_per_client": 0.0,
      "server_aggregation_time": 0.0010628700256347656,
      "internal_aggregation_time": 0.0,
      "evaluation_time": 0.02023792266845703,
      "clients_processed": 50
    },
    {
      "round": 8,
      "accuracy": 0.9534,
      "f1_score": 0.9487235915492958,
      "precision": 0.9033948030176027,
      "recall": 0.9988415199258572,
      "roc_auc": 0.9997289270762474,
      "pr_auc": 0.9996718103146888,
      "mae": 0.10767267109925278,
      "rmse": 0.19749231514998314,
      "ece": 0.10397628559360494,
      "mce": 0.5898254156939081,
      "round_time": 0.16201281547546387,
      "client_training_time": 0.1284184455871582,
      "edge_processing_wall_time": 0.010556697845458984,
      "total_pure_processing_time": 0.0,
      "avg_processing_per_client": 0.0,
      "server_aggregation_time": 0.0,
      "internal_aggregation_time": 0.0,
      "evaluation_time": 0.020562171936035156,
      "clients_processed": 50
    },
    {
      "round": 9,
      "accuracy": 0.9473,
      "f1_score": 0.9424106655010381,
      "precision": 0.8918304033092037,
      "recall": 0.9990732159406858,
      "roc_auc": 0.9995911078950132,
      "pr_auc": 0.9995004136083727,
      "mae": 0.11107707773415625,
      "rmse": 0.20452193400239865,
      "ece": 0.10608920791211021,
      "mce": 0.5086982639694497,
      "round_time": 0.19813823699951172,
      "client_training_time": 0.14582014083862305,
      "edge_processing_wall_time": 0.016703367233276367,
      "total_pure_processing_time": 0.0,
      "avg_processing_per_client": 0.0,
      "server_aggregation_time": 0.001466512680053711,
      "internal_aggregation_time": 0.0,
      "evaluation_time": 0.03292202949523926,
      "clients_processed": 50
    },
    {
      "round": 10,
      "accuracy": 0.95,
      "f1_score": 0.9452234881682734,
      "precision": 0.8965087281795511,
      "recall": 0.9995366079703429,
      "roc_auc": 0.9997110729498409,
      "pr_auc": 0.9996496304360376,
      "mae": 0.11001686116066203,
      "rmse": 0.20077991985537147,
      "ece": 0.10597717438434723,
      "mce": 0.5614679738382755,
      "round_time": 0.21408319473266602,
      "client_training_time": 0.17250323295593262,
      "edge_processing_wall_time": 0.00838780403137207,
      "total_pure_processing_time": 0.0,
      "avg_processing_per_client": 0.0,
      "server_aggregation_time": 0.002000093460083008,
      "internal_aggregation_time": 0.0,
      "evaluation_time": 0.03119206428527832,
      "clients_processed": 50
    }
  ],
  "final_statistics": {
    "final_accuracy": 0.95,
    "best_accuracy": 0.9534,
    "total_time": 1.225281000137329,