{
  "pipeline_type": "plaintext_edge_device_fl",
  "configuration": {
    "rounds": 20,
    "clients": 30,
    "patience": 999
  },
  "results": [
    {
      "round": 1,
      "accuracy": 0.9645,
      "f1_score": 0.9616147053523157,
      "precision": 0.9286460146188653,
      "recall": 0.9970104633781763,
      "roc_auc": 0.9996287812152054,
      "pr_auc": 0.9995784573139691,
      "mae": 0.09658910002619343,
      "rmse": 0.17894159286512684,
      "ece": 0.0934386481588402,
      "mce": 0.5770951309992762,
      "round_time": 0.06969165802001953,
      "client_training_time": 0.052109718322753906,
      "edge_processing_wall_time": 0.0020754337310791016,
      "total_pure_processing_time": 0.0,
      "avg_processing_per_client": 0.0,
      "server_aggregation_time": 0.0010342597961425781,
      "internal_aggregation_time": 0.0,
      "evaluation_time": 0.014472246170043945,
      "clients_processed": 30
    },
    {
      "round": 2,
      "accuracy": 0.9668333333333333,
      "f1_score": 0.9640859050712868,
      "precision": 0.9322862129144852,
      "recall": 0.9981315396113603,
      "roc_auc": 0.9997372688370486,
      "pr_auc": 0.9996977653081429,
      "mae": 0.09753857708886005,
      "rmse": 0.1793622164863163,
      "ece": 0.09467934103904513,
      "mce": 0.5550788566416117,
      "round_time": 0.07246994972229004,
      "client_training_time": 0.051217079162597656,
      "edge_processing_wall_time": 0.0031418800354003906,
      "total_pure_processing_time": 0.0,
      "avg_processing_per_client": 0.0,
      "server_aggregation_time": 0.0010364055633544922,
      "internal_aggregation_time": 0.0,
      "evaluation_time": 0.014968156814575195,
      "clients_processed": 30
    },
    {
      "round": 3,
      "accuracy": 0.9641666666666666,
      "f1_score": 0.96131005938456,
      "precision": 0.9271086428323498,
      "recall": 0.9981315396113603,
      "roc_auc": 0.9996111308974546,
      "pr_auc": 0.999555328954891,
      "mae": 0.09655960407329714,
      "rmse": 0.18066443669670304,
      "ece": 0.09327144437583539,
      "mce": 0.596758243457908,
      "round_time": 0.06893324851989746,
      "client_training_time": 0.051862478256225586,
      "edge_processing_wall_time": 0.0020945072174072266,
      "total_pure_processing_time": 0.0,
      "avg_processing_per_client": 0.0,
      "server_aggregation_time": 0.001043558120727539,
      "internal_aggregation_time": 0.0,
      "evaluation_time": 0.012887954711914062,
      "clients_processed": 30
    },
    {
      "round": 4,
      "accuracy": 0.9646666666666667,
      "f1_score": 0.9618155619596542,
      "precision": 0.9283727399165508,
      "recall": 0.9977578475336323,
      "roc_auc": 0.9997098377699711,
      "pr_auc": 0.9996681730678904,
      "mae": 0.09655394382421537,
      "rmse": 0.17876965591982277,
      "ece": 0.09366945680371581,
      "mce": 0.5811106017176149,
      "round_time": 0.07002854347229004,
      "client_training_time": 0.05338025093078613,
      "edge_processing_wall_time": 0.0021240711212158203,
      "total_pure_processing_time": 0.0,
      "avg_processing_per_client": 0.0,
      "server_aggregation_time": 0.0,
      "internal_aggregation_time": 0.0,
      "evaluation_time": 0.014524221420288086,
      "clients_processed": 30
    },
    {
      "round": 5,
      "accuracy": 0.9663333333333334,
      "f1_score": 0.9635379061371842,
      "precision": 0.931913407821229,
      "recall": 0.9973841554559043,
      "roc_auc": 0.999680945211615,
      "pr_auc": 0.9996331458209987,
      "mae": 0.09538530181459191,
      "rmse": 0.1776456476637488,
      "ece": 0.09223447326794167,
      "mce": 0.5685308071270909,
      "round_time": 0.07002973556518555,
      "client_training_time": 0.05257534980773926,
      "edge_processing_wall_time": 0.0030755996704101562,
      "total_pure_processing_time": 0.0,
      "avg_processing_per_client": 0.0,
      "server_aggregation_time": 0.0,
      "internal_aggregation_time": 0.0,
      "evaluation_time": 0.013966798782348633,
      "clients_processed": 30
    },
    {
      "round": 6,
      "accuracy": 0.964,
      "f1_score": 0.9611231101511879,
      "precision": 0.9270833333333334,
      "recall": 0.9977578475336323,
      "roc_auc": 0.9996801582547725,
      "pr_auc": 0.9996324701282552,
      "mae": 0.0974304936054215,
      "rmse": 0.18030139737946183,
      "ece": 0.09431572697100635,
      "mce": 0.5676879319612131,
      "round_time": 0.06793427467346191,
      "client_training_time": 0.05139327049255371,
      "edge_processing_wall_time": 0.0047130584716796875,
      "total_pure_processing_time": 0.0,
      "avg_processing_per_client": 0.0,
      "server_aggregation_time": 0.0,
      "internal_aggregation_time": 0.0,
      "evaluation_time": 0.011827945709228516,
      "clients_processed": 30
    },
    {
      "round": 7,
      "accuracy": 0.9638333333333333,
      "f1_score": 0.9609079445145019,
      "precision": 0.9276521739130434,
      "recall": 0.9966367713004485,
      "roc_auc": 0.9996266451894902,
      "pr_auc": 0.9995742842834006,
      "mae": 0.09663502181100667,
      "rmse": 0.17869181083431976,
      "ece": 0.09339687986600878,
      "mce": 0.5746308635744992,
      "round_time": 0.15663981437683105,
      "client_training_time": 0.10761761665344238,
      "edge_processing_wall_time": 0.004423856735229492,
      "total_pure_processing_time": 0.0,
      "avg_processing_per_client": 0.0,
      "server_aggregation_time": 0.002045869827270508,
      "internal_aggregation_time": 0.0,
      "evaluation_time": 0.041251182556152344,
      "clients_processed": 30
    },
    {
      "round": 8,
      "accuracy": 0.9653333333333334,
      "f1_score": 0.9625090122566691,
      "precision": 0.9296657381615598,
      "recall": 0.9977578475336323,
      "roc_auc": 0.9996604843337129,
      "pr_auc": 0.9996146418370834,
      "mae": 0.09695112574348079,
      "rmse": 0.17891788119809035,
      "ece": 0.09373087070481104,
      "mce": 0.5410183668834957,
      "round_time": 0.11735820770263672,
      "client_training_time": 0.10386419296264648,
      "edge_processing_wall_time": 0.0010080337524414062,
      "total_pure_processing_time": 0.0,
      "avg_processing_per_client": 0.0,
      "server_aggregation_time": 0.0010008811950683594,
      "internal_aggregation_time": 0.0,
      "evaluation_time": 0.011485099792480469,
      "clients_processed": 30
    },
    {
      "round": 9,
      "accuracy": 0.9641666666666666,
      "f1_score": 0.9613239791329375,
      "precision": 0.9268123482483525,
      "recall": 0.9985052316890882,
      "roc_auc": 0.9996473309122045,
      "pr_auc": 0.9995968627336942,
      "mae": 0.09899828337558532,
      "rmse": 0.1827763691935574,
      "ece": 0.09566247175955364,
      "mce": 0.573450445024105,
      "round_time": 0.11979413032531738,
      "client_training_time": 0.09608244895935059,
      "edge_processing_wall_time": 0.004971981048583984,
      "total_pure_processing_time": 0.0,
      "avg_processing_per_client": 0.0,
      "server_aggregation_time": 0.0,
      "internal_aggregation_time": 0.0,
      "evaluation_time": 0.017236709594726562,
      "clients_processed": 30
    },
    {
      "round": 10,
      "accuracy": 0.9673333333333334,
      "f1_score": 0.9645953757225434,
      "precision": 0.9335664335664335,
      "recall": 0.9977578475336323,
      "roc_auc": 0.9996591352648402,
      "pr_auc": 0.999612291795678,
      "mae": 0.09532502457940217,
      "rmse": 0.17634681148128567,
      "ece": 0.09208259665391859,
      "mce": 0.5413023536500062,
      "round_time": 0.0850839614868164,
      "client_training_time": 0.06709551811218262,
      "edge_processing_wall_time": 0.0020689964294433594,
      "total_pure_processing_time": 0.0,
      "avg_processing_per_client": 0.0,
      "server_aggregation_time": 0.0,
      "internal_aggregation_time": 0.0,
      "evaluation_time": 0.014911413192749023,
      "clients_processed": 30
    },
    {
      "round": 11,