{
  "pipeline_type": "plaintext_edge_device_fl",
  "configuration": {
    "rounds": 3,
    "clients": 5,
    "patience": 999
  },
  "results": [
    {
      "round": 1,
      "accuracy": 0.887,
      "f1_score": 0.8507265521796565,
      "precision": 0.7402298850574712,
      "recall": 1.0,
      "roc_auc": 0.9999954194836842,
      "pr_auc": 0.9999903851700863,
      "mae": 0.12875920988354986,
      "rmse": 0.2686703624060223,
      "ece": 0.12505159555906686,
      "mce": 0.8437884417249403,
      "round_time": 0.026339292526245117,
      "client_training_time": 0.010457038879394531,
      "edge_processing_wall_time": 0.0,
      "total_pure_processing_time": 0.0,
      "avg_processing_per_client": 0.0,
      "server_aggregation_time": 0.0,
      "internal_aggregation_time": 0.0,
      "evaluation_time": 0.015882253646850586,
      "clients_processed": 5
    },
    {
      "round": 2,
      "accuracy": 0.879,
      "f1_score": 0.8418300653594771,
      "precision": 0.7268623024830699,
      "recall": 1.0,
      "roc_auc": 0.9999725169021052,
      "pr_auc": 0.999943190425693,
      "mae": 0.13337566261921707,
      "rmse": 0.2747211991239408,
      "ece": 0.13312004599882193,
      "mce": 0.8094777148139336,
      "round_time": 0.03183555603027344,
      "client_training_time": 0.015171289443969727,
      "edge_processing_wall_time": 0.0,
      "total_pure_processing_time": 0.0,
      "avg_processing_per_client": 0.0,
      "server_aggregation_time": 0.0,
      "internal_aggregation_time": 0.0,
      "evaluation_time": 0.01666426658630371,
      "clients_processed": 5
    },
    {
      "round": 3,
      "accuracy": 0.866,
      "f1_score": 0.8277634961439588,
      "precision": 0.706140350877193,
      "recall": 1.0,
      "roc_auc": 0.9999358727715788,
      "pr_auc": 0.9998706004140787,
      "mae": 0.14092963463394453,
      "rmse": 0.2857642115424778,
      "ece": 0.13875547370713204,
      "mce": 0.7998039801385326,
      "round_time": 0.032219648361206055,
      "client_training_time": 0.014620780944824219,
      "edge_processing_wall_time": 0.0022335052490234375,
      "total_pure_processing_time": 0.0,
      "avg_processing_per_client": 0.0,
      "server_aggregation_time": 0.0,
      "internal_aggregation_time": 0.0,
      "evaluation_time": 0.015365362167358398,
      "clients_processed": 5
    }
  ],
  "final_statistics": {
    "final_accuracy": 0.866,
    "best_accuracy": 0.887,
    "total_time": 0.0930485725402832,
    "avg_round_time": 0.03013149897257487,
    "avg_client_training_time": 0.013416369756062826,
    "avg_edge_processing_wall_time": 0.0007445017496744791,
    "avg_pure_processing_time": 0.0,
    "avg_processing_per_client": 0.0,
    "avg_server_aggregation_time": 0.0,
    "avg_internal_aggregation_time": 0.0,
    "avg_evaluation_time": 0.015970627466837566
  },
  "timing_statistics": {
    "total_client_training_time": 0.04024910926818848,
    "total_edge_processing_wall_time": 0.0022335052490234375,
    "total_pure_processing_time": 0.0,
    "total_server_aggregation_time": 0.0,
    "total_internal_aggregation_time": 0.0,
    "total_evaluation_time": 0.047911882400512695,
    "total_time": 0.0930485725402832,
    "avg_round_time": 0.03013149897257487,
    "avg_client_training_time": 0.013416369756062826,
    "avg_edge_processing_wall_time": 0.0007445017496744791,
    "avg_pure_processing_time": 0.0,
    "avg_processing_per_client": 0.0,
    "avg_server_aggregation_time": 0.0,
    "avg_internal_aggregation_time": 0.0,
    "avg_evaluation_time": 0.015970627466837566
  },
  "architecture": {
    "clients": 5,
    "edge_devices": 5,
    "cloud_servers": 1,
    "data_flow": "Client \u2192 Edge \u2192 Cloud \u2192 Edge \u2192 Client"
  }
}