{
  "pipeline_type": "plaintext_edge_device_fl",
  "configuration": {
    "rounds": 10,
    "clients": 40,
    "patience": 999
  },
  "results": [
    {
      "round": 1,
      "accuracy": 0.955625,
      "f1_score": 0.9515226000273113,
      "precision": 0.9089486042264545,
      "recall": 0.9982808022922636,
      "roc_auc": 0.9996060330751784,
      "pr_auc": 0.9995337051841211,
      "mae": 0.10638239704155569,
      "rmse": 0.19450410708775923,
      "ece": 0.10234207486975502,
      "mce": 0.5636308486107421,
      "round_time": 0.09529685974121094,
      "client_training_time": 0.0764918327331543,
      "edge_processing_wall_time": 0.002013683319091797,
      "total_pure_processing_time": 0.0,
      "avg_processing_per_client": 0.0,
      "server_aggregation_time": 0.0,
      "internal_aggregation_time": 0.0,
      "evaluation_time": 0.01572251319885254,
      "clients_processed": 40
    },
    {
      "round": 2,
      "accuracy": 0.957125,
      "f1_score": 0.9530715556163634,
      "precision": 0.9120188531029065,
      "recall": 0.9979942693409742,
      "roc_auc": 0.9996194384970679,
      "pr_auc": 0.999549761885743,
      "mae": 0.106150063093773,
      "rmse": 0.1941022501697198,
      "ece": 0.10195791678963743,
      "mce": 0.5639796602610414,
      "round_time": 0.0871133804321289,
      "client_training_time": 0.06805205345153809,
      "edge_processing_wall_time": 0.003792285919189453,
      "total_pure_processing_time": 0.0,
      "avg_processing_per_client": 0.0,
      "server_aggregation_time": 0.0,
      "internal_aggregation_time": 0.0,
      "evaluation_time": 0.014220237731933594,
      "clients_processed": 40
    },
    {
      "round": 3,
      "accuracy": 0.957875,
      "f1_score": 0.9538798412481182,
      "precision": 0.9130206968823683,
      "recall": 0.998567335243553,
      "roc_auc": 0.9996443433566922,
      "pr_auc": 0.9995732429547404,
      "mae": 0.1052364785874104,
      "rmse": 0.19226090082014025,
      "ece": 0.10109717350102856,
      "mce": 0.5437112369455916,
      "round_time": 0.09301471710205078,
      "client_training_time": 0.07230639457702637,
      "edge_processing_wall_time": 0.002560138702392578,
      "total_pure_processing_time": 0.0,
      "avg_processing_per_client": 0.0,
      "server_aggregation_time": 0.0013713836669921875,
      "internal_aggregation_time": 0.0,
      "evaluation_time": 0.015765666961669922,
      "clients_processed": 40
    },
    {
      "round": 4,
      "accuracy": 0.958375,
      "f1_score": 0.9544147843942505,
      "precision": 0.9137614678899083,
      "recall": 0.9988538681948425,
      "roc_auc": 0.9996416749788755,
      "pr_auc": 0.9995748452993783,
      "mae": 0.10649248305925078,
      "rmse": 0.19375546389896184,
      "ece": 0.10214195688105143,
      "mce": 0.5515123509292478,
      "round_time": 0.086669921875,
      "client_training_time": 0.06806349754333496,
      "edge_processing_wall_time": 0.002105236053466797,
      "total_pure_processing_time": 0.0,
      "avg_processing_per_client": 0.0,
      "server_aggregation_time": 0.0,
      "internal_aggregation_time": 0.0,
      "evaluation_time": 0.016501188278198242,
      "clients_processed": 40
    },
    {
      "round": 5,
      "accuracy": 0.95575,
      "f1_score": 0.9516789516789517,
      "precision": 0.9087591240875912,
      "recall": 0.9988538681948425,
      "roc_auc": 0.9996252835151431,
      "pr_auc": 0.9995499489364409,
      "mae": 0.10737868593550971,
      "rmse": 0.19571868243344287,
      "ece": 0.10307886791770017,
      "mce": 0.535997804805763,
      "round_time": 0.12220954895019531,
      "client_training_time": 0.0667722225189209,
      "edge_processing_wall_time": 0.0015358924865722656,
      "total_pure_processing_time": 0.0,
      "avg_processing_per_client": 0.0,
      "server_aggregation_time": 0.0015120506286621094,
      "internal_aggregation_time": 0.0,
      "evaluation_time": 0.05238938331604004,
      "clients_processed": 40
    },
    {
      "round": 6,
      "accuracy": 0.954625,
      "f1_score": 0.9505247376311844,
      "precision": 0.9064205874707564,
      "recall": 0.9991404011461318,
      "roc_auc": 0.9996231869325726,
      "pr_auc": 0.9995517732841018,
      "mae": 0.10868857993076712,
      "rmse": 0.19775939297979617,
      "ece": 0.10455383517206492,
      "mce": 0.5656345436733249,
      "round_time": 0.18294954299926758,
      "client_training_time": 0.16157889366149902,
      "edge_processing_wall_time": 0.0035333633422851562,
      "total_pure_processing_time": 0.0,
      "avg_processing_per_client": 0.0,
      "server_aggregation_time": 0.001003265380859375,
      "internal_aggregation_time": 0.0,
      "evaluation_time": 0.016834020614624023,
      "clients_processed": 40
    },
    {
      "round": 7,
      "accuracy": 0.95625,
      "f1_score": 0.9521727247881935,
      "precision": 0.910135841170324,
      "recall": 0.9982808022922636,
      "roc_auc": 0.999617087783277,
      "pr_auc": 0.9995444002170197,
      "mae": 0.10667733134938072,
      "rmse": 0.19472077491072148,
      "ece": 0.10263353287154364,
      "mce": 0.5726935280641804,
      "round_time": 0.12238931655883789,
      "client_training_time": 0.10382509231567383,
      "edge_processing_wall_time": 0.0031366348266601562,
      "total_pure_processing_time": 0.0,
      "avg_processing_per_client": 0.0,
      "server_aggregation_time": 0.0010378360748291016,
      "internal_aggregation_time": 0.0,
      "evaluation_time": 0.014389753341674805,
      "clients_processed": 40
    },
    {
      "round": 8,
      "accuracy": 0.9585,
      "f1_score": 0.9545578976183958,
      "precision": 0.9137840670859538,
      "recall": 0.9991404011461318,
      "roc_auc": 0.9996188031690163,
      "pr_auc": 0.9995419289993496,
      "mae": 0.10711279824465048,
      "rmse": 0.19426890748082556,
      "ece": 0.10261280111306358,
      "mce": 0.5268415693728794,
      "round_time": 0.09584689140319824,
      "client_training_time": 0.0738976001739502,
      "edge_processing_wall_time": 0.007213115692138672,
      "total_pure_processing_time": 0.0,
      "avg_processing_per_client": 0.0,
      "server_aggregation_time": 0.0,
      "internal_aggregation_time": 0.0,
      "evaluation_time": 0.014736175537109375,
      "clients_processed": 40
    },
    {
      "round": 9,
      "accuracy": 0.9615,
      "f1_score": 0.9577039274924471,
      "precision": 0.9195675105485233,
      "recall": 0.9991404011461318,
      "roc_auc": 0.9997123234582177,
      "pr_auc": 0.9996545223600122,
      "mae": 0.10692851951566994,
      "rmse": 0.1921942239394893,
      "ece": 0.10298582687303823,
      "mce": 0.5381887578849989,
      "round_time": 0.09115242958068848,
      "client_training_time": 0.07286906242370605,
      "edge_processing_wall_time": 0.002065420150756836,
      "total_pure_processing_time": 0.0,
      "avg_processing_per_client": 0.0,
      "server_aggregation_time": 0.001008749008178711,
      "internal_aggregation_time": 0.0,
      "evaluation_time": 0.015209197998046875,
      "clients_processed": 40
    },
    {
      "round": 10,
      "accuracy": 0.957125,
      "f1_score": 0.9530843933798386,
      "precision": 0.9118031928814446,
      "recall": 0.9982808022922636,
      "roc_auc": 0.9996183584393802,
      "pr_auc": 0.9995492806387405,
      "mae": 0.10605613870051414,
      "rmse": 0.19316099897545214,
      "ece": 0.10195191559025803,
      "mce": 0.5629008666120628,
      "round_time": 0.0977945327758789,
      "client_training_time": 0.07840371131896973,
      "edge_processing_wall_time": 0.0020182132720947266,
      "total_pure_processing_time": 0.0,
      "avg_processing_per_client": 0.0,
      "server_aggregation_time": 0.0011546611785888672,
      "internal_aggregation_time": 0.0,
      "evaluation_time": 0.015566110610961914,
      "clients_processed": 40
    }
  ],
  "final_statistics": {
    "final_accuracy": 0.957125,
    "best_accuracy": 0.9615,