{
  "pipeline_type": "plaintext_edge_device_fl",
  "configuration": {
    "rounds": 20,
    "clients": 60,
    "patience": 999
  },
  "results": [
    {
      "round": 1,
      "accuracy": 0.9865833333333334,
      "f1_score": 0.9862027594481104,
      "precision": 0.9772418478260869,
      "recall": 0.9953295277633627,
      "roc_auc": 0.99963056337361,
      "pr_auc": 0.9996446026865262,
      "mae": 0.09332585663696571,
      "rmse": 0.15995401841560172,
      "ece": 0.08944122922237402,
      "mce": 0.47289930661594837,
      "round_time": 0.13454747200012207,
      "client_training_time": 0.1092081069946289,
      "edge_processing_wall_time": 0.0021245479583740234,
      "total_pure_processing_time": 0.0,
      "avg_processing_per_client": 0.0,
      "server_aggregation_time": 0.0,
      "internal_aggregation_time": 0.0,
      "evaluation_time": 0.02321481704711914,
      "clients_processed": 60
    },
    {
      "round": 2,
      "accuracy": 0.9883333333333333,
      "f1_score": 0.9879807692307693,
      "precision": 0.9807397306971195,
      "recall": 0.9953295277633627,
      "roc_auc": 0.9997019084230522,
      "pr_auc": 0.9997040039697399,
      "mae": 0.09242009809072083,
      "rmse": 0.15879809865962083,
      "ece": 0.08793458708619298,
      "mce": 0.3983044855273763,
      "round_time": 0.12729406356811523,
      "client_training_time": 0.11459898948669434,
      "edge_processing_wall_time": 0.0036287307739257812,
      "total_pure_processing_time": 0.0,
      "avg_processing_per_client": 0.0,
      "server_aggregation_time": 0.0,
      "internal_aggregation_time": 0.0,
      "evaluation_time": 0.008034467697143555,
      "clients_processed": 60
    },
    {
      "round": 3,
      "accuracy": 0.9889166666666667,
      "f1_score": 0.9885787891799055,
      "precision": 0.9815825375170532,
      "recall": 0.9956754886697803,
      "roc_auc": 0.999720294028386,
      "pr_auc": 0.9997248252607323,
      "mae": 0.09339803248559421,
      "rmse": 0.16018850414785402,
      "ece": 0.08954877962395108,
      "mce": 0.4240924579678205,
      "round_time": 0.14081454277038574,
      "client_training_time": 0.11251282691955566,
      "edge_processing_wall_time": 0.003979206085205078,
      "total_pure_processing_time": 0.0,
      "avg_processing_per_client": 0.0,
      "server_aggregation_time": 0.0010335445404052734,
      "internal_aggregation_time": 0.0,
      "evaluation_time": 0.014047622680664062,
      "clients_processed": 60
    },
    {
      "round": 4,
      "accuracy": 0.9895,
      "f1_score": 0.9891696750902527,
      "precision": 0.9830855971296771,
      "recall": 0.9953295277633627,
      "roc_auc": 0.9997054130921477,
      "pr_auc": 0.999708783905177,
      "mae": 0.09102238768674283,
      "rmse": 0.15568235097580152,
      "ece": 0.0875244756585007,
      "mce": 0.455933990086216,
      "round_time": 0.13405752182006836,
      "client_training_time": 0.11098909378051758,
      "edge_processing_wall_time": 0.004260063171386719,
      "total_pure_processing_time": 0.0,
      "avg_processing_per_client": 0.0,
      "server_aggregation_time": 0.0,
      "internal_aggregation_time": 0.0,
      "evaluation_time": 0.018808364868164062,
      "clients_processed": 60
    },
    {
      "round": 5,
      "accuracy": 0.9895833333333334,
      "f1_score": 0.9892547064385799,
      "precision": 0.9832535885167464,
      "recall": 0.9953295277633627,
      "roc_auc": 0.9997179853971565,
      "pr_auc": 0.9997189153250563,
      "mae": 0.09128992133135654,
      "rmse": 0.15603505071776358,
      "ece": 0.08714559042906804,
      "mce": 0.4158052519690443,
      "round_time": 0.13963556289672852,
      "client_training_time": 0.11789441108703613,
      "edge_processing_wall_time": 0.008080244064331055,
      "total_pure_processing_time": 0.0,
      "avg_processing_per_client": 0.0,
      "server_aggregation_time": 0.0,
      "internal_aggregation_time": 0.0,
      "evaluation_time": 0.013660907745361328,
      "clients_processed": 60
    },
    {
      "round": 6,
      "accuracy": 0.9891666666666666,
      "f1_score": 0.9888277758679959,
      "precision": 0.9825789923142613,
      "recall": 0.9951565473101539,
      "roc_auc": 0.9997096409469293,
      "pr_auc": 0.9997134192683843,
      "mae": 0.0923792439540759,
      "rmse": 0.1575936318731491,
      "ece": 0.08875992021122131,
      "mce": 0.4791915350374627,
      "round_time": 0.14186930656433105,
      "client_training_time": 0.11978340148925781,
      "edge_processing_wall_time": 0.004164934158325195,
      "total_pure_processing_time": 0.0,
      "avg_processing_per_client": 0.0,
      "server_aggregation_time": 0.0,
      "internal_aggregation_time": 0.0,
      "evaluation_time": 0.017920970916748047,
      "clients_processed": 60
    },
    {
      "round": 7,
      "accuracy": 0.98875,
      "f1_score": 0.9884090323688504,
      "precision": 0.9812478690760313,
      "recall": 0.9956754886697803,
      "roc_auc": 0.9996876115983296,
      "pr_auc": 0.9996943452122986,
      "mae": 0.09186535208662135,
      "rmse": 0.15801284126488416,
      "ece": 0.08808924642289262,
      "mce": 0.4474224983934744,
      "round_time": 0.13586807250976562,
      "client_training_time": 0.1116783618927002,
      "edge_processing_wall_time": 0.003286123275756836,
      "total_pure_processing_time": 0.0,
      "avg_processing_per_client": 0.0,
      "server_aggregation_time": 0.0,
      "internal_aggregation_time": 0.0,
      "evaluation_time": 0.020903587341308594,
      "clients_processed": 60
    },
    {
      "round": 8,
      "accuracy": 0.98825,
      "f1_score": 0.9879021879021879,
      "precision": 0.9800817160367722,
      "recall": 0.9958484691229891,
      "roc_auc": 0.9997133125050293,
      "pr_auc": 0.9997157530426695,
      "mae": 0.09334011752810709,
      "rmse": 0.16048170683810706,
      "ece": 0.08922482679746763,
      "mce": 0.4021046849325846,
      "round_time": 0.11819982528686523,
      "client_training_time": 0.1081092357635498,
      "edge_processing_wall_time": 0.004222869873046875,
      "total_pure_processing_time": 0.0,
      "avg_processing_per_client": 0.0,
      "server_aggregation_time": 0.0,
      "internal_aggregation_time": 0.0,
      "evaluation_time": 0.005867719650268555,
      "clients_processed": 60
    },
    {
      "round": 9,
      "accuracy": 0.987,
      "f1_score": 0.9866323907455012,
      "precision": 0.9775853285787061,
      "recall": 0.9958484691229891,
      "roc_auc": 0.9996633292481687,
      "pr_auc": 0.9996732034360659,
      "mae": 0.09344859191455271,
      "rmse": 0.15978441472591018,
      "ece": 0.08957751399756146,
      "mce": 0.47498079197831033,
      "round_time": 0.23168563842773438,
      "client_training_time": 0.19520926475524902,
      "edge_processing_wall_time": 0.00723719596862793,
      "total_pure_processing_time": 0.0,
      "avg_processing_per_client": 0.0,
      "server_aggregation_time": 0.0020046234130859375,
      "internal_aggregation_time": 0.0,
      "evaluation_time": 0.02623462677001953,
      "clients_processed": 60
    },
    {
      "round": 10,
      "accuracy": 0.9899166666666667,
      "f1_score": 0.9895949780720612,
      "precision": 0.9839261285909713,
      "recall": 0.9953295277633627,
      "roc_auc": 0.9997596242037899,
      "pr_auc": 0.9997588013948663,
      "mae": 0.09174896791222871,
      "rmse": 0.15692751867317362,
      "ece": 0.08839913310372538,
      "mce": 0.4619262339576111,
      "round_time": 0.14985179901123047,
      "client_training_time": 0.12447309494018555,
      "edge_processing_wall_time": 0.002750396728515625,
      "total_pure_processing_time": 0.0,
      "avg_processing_per_client": 0.0,
      "server_aggregation_time": 0.001043558120727539,
      "internal_aggregation_time": 0.0,
      "evaluation_time": 0.020557403564453125,
      "clients_processed": 60
    },
    {
      "round": 11,
      "accuracy": 0.9893333333333333,