{
  "timestamp": "2025-09-01T09:35:30.693629",
  "num_clients": 10,
  "num_rounds": 5,
  "total_samples": 2000,
  "total_communication_rounds": 50,
  "bytes_transferred": 51200,
  "communication_overhead": 4.8828125,
  "total_training_time": 1.8022041320800781,
  "avg_training_time_per_round": 0.3604408264160156,
  "convergence_rounds": null,
  "initial_accuracy": 0.5,
  "final_accuracy": 0.7965,
  "accuracy_improvement": 0.2965,
  "final_weight_norm": 0.9837204788698914,
  "final_bias": -19.72042849541253,
  "memory_usage": 3.0517578125e-05,
  "cpu_utilization": 80.0,
  "weight_change_magnitude": [
    68.54828497262778,
    0.24969924520080528,
    0.2496968907201072,
    0.24968881110762053,
    0.24968186642757648
  ],
  "loss_reduction": [
    0,
    0.7503007547991947,
    0.7503031092798929,
    0.7503111888923795,
    0.7503181335724235
  ]
}