{
  "federated": {
    "accuracy": 0.645,
    "f1_score": 0.7193675889328063,
    "precision": 0.5663900414937759,
    "recall": 0.9855595667870036,
    "confusion_matrix": [
      [
        114,
        209
      ],
      [
        4,
        273
      ]
    ],
    "model_params": {
      "weights": [
        0.9424233637565465,
        0.7383608065440296,
        -11.467611001305169,
        12.666066073564306
      ],
      "bias": -161.6444453728485,
      "weight_norm": 17.128008358660576
    }
  },
  "centralized": {
    "accuracy": 0.8055555555555556,
    "f1_score": 0.7770700636942676,
    "precision": 0.8243243243243243,
    "recall": 0.7349397590361446,
    "confusion_matrix": [
      [
        84,
        13
      ],
      [
        22,
        61
      ]
    ],
    "model_params": {
      "weights": [
        0.11347126698083118,
        0.04610582350234168,
        0.08845877365640817,
        0.9468897413558799
      ],
      "bias": -20.33028803631301,
      "weight_norm": 0.9588673590819874
    }
  },
  "comparison": {
    "accuracy_diff": -0.16055555555555556,
    "f1_diff": -0.057702474761461287,
    "precision_diff": -0.2579342828305484,
    "recall_diff": 0.250619807750859
  },
  "timestamp": 1757028803.7258744,
  "timing": {
    "average_aggregation_time": 0.005432009696960449,
    "average_total_time": 0.16754138469696045,
    "time_per_client": 0.0018106698989868164,
    "average_clients": 3.0
  }
}