{
  "federated": {
    "accuracy": 0.7333333333333333,
    "f1_score": 0.7047970479704797,
    "precision": 0.720754716981132,
    "recall": 0.6895306859205776,
    "confusion_matrix": [
      [
        249,
        74
      ],
      [
        86,
        191
      ]
    ],
    "model_params": {
      "weights": [
        0.7821508873819454,
        0.59994287035161,
        -11.768679153237887,
        12.271583747237681
      ],
      "bias": -161.26885639777245,
      "weight_norm": 17.031302596561492
    }
  },
  "centralized": {
    "accuracy": 0.8055555555555556,
    "f1_score": 0.7770700636942676,
    "precision": 0.8243243243243243,
    "recall": 0.7349397590361446,
    "confusion_matrix": [
      [
        84,
        13
      ],
      [
        22,
        61
      ]
    ],
    "model_params": {
      "weights": [
        0.11347126698083118,
        0.04610582350234168,
        0.08845877365640817,
        0.9468897413558799
      ],
      "bias": -20.33028803631301,
      "weight_norm": 0.9588673590819874
    }
  },
  "comparison": {
    "accuracy_diff": -0.0722222222222223,
    "f1_diff": -0.07227301572378786,
    "precision_diff": -0.10356960734319232,
    "recall_diff": -0.04540907311556697
  },
  "timestamp": 1757022097.1397226
}